# WaveFront *.obj file (generated by Autodesk ATF)

mtllib dc_cdi_cx500_housing.mtl

g Corpo2

v 10.646392 11.787480 1.470612
v 8.650000 11.787480 1.470612
v 8.650000 11.766680 1.543413
v 10.646392 11.766680 1.543413
v 8.650000 11.622683 1.470612
v 8.650000 11.622683 1.543413
v 10.646392 11.622683 1.543413
v 10.646392 11.622683 1.470612
vt -1.033437 2.529000 0.000000
vt -0.957723 2.529000 0.000000
vt -1.033437 4.525392 0.000000
vt -0.957723 4.525392 0.000000
vt 0.235202 1.370612 0.000000
vt 0.400000 1.370612 0.000000
vt 0.256002 1.443413 0.000000
vt 0.400000 1.443413 0.000000
vt 0.000000 -0.156002 0.000000
vt -1.996392 -0.156002 0.000000
vt 0.000000 -0.300000 0.000000
vt -1.996392 -0.300000 0.000000
vt 0.000000 0.135202 0.000000
vt 1.996392 0.135202 0.000000
vt 0.000000 0.300000 0.000000
vt 1.996392 0.300000 0.000000
vt -1.443413 -1.896392 0.000000
vt -1.370612 -1.896392 0.000000
vt -1.443413 0.100000 0.000000
vt -1.370612 0.100000 0.000000
vt -1.162520 1.370612 0.000000
vt -1.183320 1.443413 0.000000
vt -1.327318 1.370612 0.000000
vt -1.327318 1.443413 0.000000
vn -0.000000 0.961524 0.274721
vn -0.000000 0.961524 0.274721
vn -0.000000 0.961524 0.274721
vn -0.000000 0.961524 0.274721
vn -1.000000 -0.000000 -0.000000
vn -1.000000 -0.000000 -0.000000
vn -1.000000 -0.000000 -0.000000
vn -1.000000 -0.000000 -0.000000
vn 0.000000 0.000000 1.000000
vn 0.000000 0.000000 1.000000
vn 0.000000 0.000000 1.000000
vn 0.000000 0.000000 1.000000
vn -0.000000 -0.000000 -1.000000
vn -0.000000 -0.000000 -1.000000
vn -0.000000 -0.000000 -1.000000
vn -0.000000 -0.000000 -1.000000
vn 0.000000 -1.000000 0.000000
vn 0.000000 -1.000000 0.000000
vn 0.000000 -1.000000 0.000000
vn 0.000000 -1.000000 0.000000
vn 1.000000 -0.000000 -0.000000
vn 1.000000 -0.000000 -0.000000
vn 1.000000 -0.000000 -0.000000
vn 1.000000 -0.000000 -0.000000
usemtl Acciaio_-_Satinato
f 2/1/1 3/2/2 1/3/3
f 1/3/3 3/2/2 4/4/4
f 2/5/5 5/6/6 3/7/7
f 3/7/7 5/6/6 6/8/8
f 4/9/9 3/10/10 7/11/11
f 7/11/11 3/10/10 6/12/12
f 2/13/13 1/14/14 5/15/15
f 5/15/15 1/14/14 8/16/16
f 6/17/17 5/18/18 7/19/19
f 7/19/19 5/18/18 8/20/20
f 1/21/21 4/22/22 8/23/23
f 8/23/23 4/22/22 7/24/24
g Corpo4

v 13.351000 8.267420 1.376044
v 13.351000 7.809550 1.919708
v 13.351000 7.807521 1.919708
v 13.351000 8.265535 1.375500
v 13.351000 9.487468 1.375500
v 13.351000 9.940000 2.500000
v 13.351000 9.938251 2.500000
v 13.351000 9.486484 1.376044
v 13.381000 7.809550 1.919708
v 13.221000 8.267420 1.376044
v 13.221000 7.809304 1.920000
v 13.381000 7.809304 1.920000
v 13.221000 9.486484 1.376044
v 13.381000 9.487468 1.375500
v 13.381000 9.940000 2.500000
v 13.381000 9.938251 2.500000
v 13.381000 9.486484 1.376044
v 13.381000 7.807521 1.919708
v 13.381000 8.265535 1.375500
v 13.381000 9.950000 2.546289
v 5.961000 9.950000 2.546289
v 5.961000 9.486484 1.376044
v 6.081000 9.486484 1.376044
v 6.121000 9.486484 1.376044
v 13.381000 4.989708 1.920000
v 13.381000 4.489708 1.220000
v 13.381000 2.585585 1.220000
v 13.381000 2.500000 0.963246
v 13.381000 2.300000 0.963246
v 13.381000 2.300000 0.100000
v 13.381000 13.295000 0.100000
v 13.381000 13.295000 1.220000
v 13.381000 12.000000 1.220000
v 13.381000 11.637343 2.546289
v 13.150048 4.105548 1.090832
v 13.146871 4.063132 1.091810
v 13.135273 4.020921 1.092758
v 13.115436 3.981869 1.093610
v 13.089176 3.948288 1.094317
v 13.057021 3.920598 1.094873
v 13.019038 3.898956 1.095276
v 12.977399 3.885330 1.095487
v 12.934944 3.880122 1.095503
v 12.892763 3.883245 1.095330
v 12.850646 3.894756 1.094966
v 12.811516 3.914537 1.094418
v 12.777695 3.940950 1.093730
v 12.750116 3.972898 1.092928
v 12.728469 4.010786 1.091999
v 12.714740 4.052477 1.090997
v 12.709484 4.095144 1.089989
v 12.712561 4.137229 1.089011
v 12.724052 4.179364 1.088048
v 12.743849 4.218593 1.087171
v 12.770293 4.252461 1.086434
v 12.802296 4.280082 1.085857
v 12.840302 4.301774 1.085435
v 12.882066 4.315476 1.085213
v 12.924585 4.320692 1.085196
v 12.966876 4.317549 1.085378
v 13.009140 4.305959 1.085761
v 13.048293 4.286089 1.086332
v 13.081896 4.259805 1.087040
v 13.109636 4.227576 1.087871
v 13.131300 4.189483 1.088822
v 13.144889 4.147807 1.089833
v 13.279216 4.105548 1.220000
v 13.267290 4.196135 1.220000
v 13.232325 4.280548 1.220000
v 13.176703 4.353036 1.220000
v 13.104216 4.408657 1.220000
v 13.019803 4.443622 1.220000
v 12.929216 4.455548 1.220000
v 12.838629 4.443622 1.220000
v 12.754216 4.408657 1.220000
v 12.681729 4.353036 1.220000
v 12.626107 4.280548 1.220000
v 12.591142 4.196135 1.220000
v 12.579216 4.105548 1.220000
v 12.591142 4.014962 1.220000
v 12.626107 3.930548 1.220000
v 12.681729 3.858061 1.220000
v 12.754216 3.802440 1.220000
v 12.838629 3.767474 1.220000
v 12.929216 3.755548 1.220000
v 13.019803 3.767474 1.220000
v 13.104216 3.802440 1.220000
v 13.176703 3.858061 1.220000
v 13.232325 3.930548 1.220000
v 13.267290 4.014962 1.220000
v 13.100465 12.696222 1.101242
v 13.096637 12.652790 1.101587
v 13.084195 12.609700 1.101731
v 13.063346 12.569930 1.101651
v 13.035920 12.535785 1.101364
v 13.002649 12.507872 1.100881
v 12.963439 12.486193 1.100198
v 12.920542 12.472753 1.099345
v 12.876865 12.467972 1.098384
v 12.833689 12.471730 1.097344
v 12.790628 12.484107 1.096214
v 12.750729 12.504941 1.095066
v 12.716423 12.532471 1.093976
v 12.688529 12.565677 1.092974
v 12.666806 12.604941 1.092051
v 12.653333 12.647931 1.091283
v 12.648560 12.691581 1.090714
v 12.652354 12.734917 1.090353
v 12.664819 12.778118 1.090200
v 12.685732 12.818003 1.090285
v 12.713122 12.852078 1.090587
v 12.746608 12.880131 1.091096
v 12.786025 12.901839 1.091811
v 12.828954 12.915185 1.092695
v 12.872246 12.919873 1.093672
v 12.915861 12.916008 1.094740
v 12.959047 12.903475 1.095882
v 12.998772 12.882579 1.097022
v 13.032669 12.855307 1.098086
v 13.060756 12.821767 1.099074
v 13.082420 12.782429 1.099968
v 13.095751 12.739581 1.100702
v 13.219222 12.696222 1.220000
v 13.207296 12.786809 1.220000
v 13.172331 12.871222 1.220000
v 13.116710 12.943709 1.220000
v 13.044222 12.999331 1.220000
v 12.959809 13.034296 1.220000
v 12.869222 13.046222 1.220000
v 12.778636 13.034296 1.220000
v 12.694222 12.999331 1.220000
v 12.621735 12.943709 1.220000
v 12.566114 12.871222 1.220000
v 12.531148 12.786809 1.220000
v 12.519222 12.696222 1.220000
v 12.531148 12.605635 1.220000
v 12.566114 12.521222 1.220000
v 12.621735 12.448735 1.220000
v 12.694222 12.393113 1.220000
v 12.778636 12.358148 1.220000
v 12.869222 12.346222 1.220000
v 12.959809 12.358148 1.220000
v 13.044222 12.393113 1.220000
v 13.116710 12.448735 1.220000
v 13.172331 12.521222 1.220000
v 13.207296 12.605635 1.220000
v 6.670926 12.677822 1.093466
v 6.666329 12.635409 1.092999
v 6.653291 12.593479 1.092441
v 6.632104 12.555002 1.091821
v 6.604685 12.522249 1.091185
v 6.571473 12.495524 1.090539
v 6.532587 12.475080 1.089889
v 6.490370 12.462843 1.089279
v 6.447833 12.459074 1.088749
v 6.405394 12.463673 1.088301
v 6.363403 12.476742 1.087943
v 6.324907 12.497959 1.087706
v 6.292238 12.525326 1.087599
v 6.265419 12.558685 1.087620
v 6.244981 12.597662 1.087771
v 6.232799 12.639860 1.088051
v 6.229077 12.682211 1.088430
v 6.233723 12.724854 1.088909
v 6.246856 12.766857 1.089478
v 6.268071 12.805258 1.090104
v 6.295354 12.837785 1.090740
v 6.328810 12.864663 1.091389
v 6.367773 12.885062 1.092036
v 6.409902 12.897208 1.092636
v 6.452205 12.900923 1.093154
v 6.494814 12.896283 1.093593
v 6.536762 12.883186 1.093942
v 6.575156 12.861995 1.094171
v 6.607764 12.834671 1.094275
v 6.634558 12.801346 1.094255
v 6.654971 12.762461 1.094108
v 6.667168 12.720304 1.093837
v 6.797461 12.677822 1.220000
v 6.785535 12.768409 1.220000
v 6.750569 12.852822 1.220000
v 6.694948 12.925310 1.220000
v 6.622461 12.980931 1.220000
v 6.538047 13.015896 1.220000
v 6.447461 13.027822 1.220000
v 6.356874 13.015896 1.220000
v 6.272461 12.980931 1.220000
v 6.199973 12.925310 1.220000
v 6.144352 12.852822 1.220000
v 6.109387 12.768409 1.220000
v 6.097461 12.677822 1.220000
v 6.109387 12.587236 1.220000
v 6.144352 12.502822 1.220000
v 6.199973 12.430335 1.220000
v 6.272461 12.374713 1.220000
v 6.356874 12.339748 1.220000
v 6.447461 12.327822 1.220000
v 6.538047 12.339748 1.220000
v 6.622461 12.374713 1.220000
v 6.694948 12.430335 1.220000
v 6.750569 12.502822 1.220000
v 6.785535 12.587236 1.220000
v 13.100476 12.693919 -0.160000
v 13.092777 12.635435 -0.160000
v 13.070203 12.580937 -0.160000
v 13.034293 12.534138 -0.160000
v 12.987494 12.498227 -0.160000
v 12.932995 12.475653 -0.160000
v 12.874511 12.467954 -0.160000
v 12.816027 12.475653 -0.160000
v 12.761528 12.498227 -0.160000
v 12.714729 12.534138 -0.160000
v 12.678819 12.580937 -0.160000
v 12.656245 12.635435 -0.160000
v 12.648545 12.693919 -0.160000
v 12.656245 12.752404 -0.160000
v 12.678819 12.806902 -0.160000
v 12.714729 12.853701 -0.160000
v 12.761528 12.889611 -0.160000
v 12.816027 12.912185 -0.160000
v 12.874511 12.919885 -0.160000
v 12.932995 12.912185 -0.160000
v 12.987494 12.889611 -0.160000
v 13.034293 12.853701 -0.160000
v 13.070203 12.806902 -0.160000
v 13.092777 12.752404 -0.160000
v 13.178080 12.693919 -0.160000
v 13.167736 12.772489 -0.160000
v 13.137410 12.845704 -0.160000
v 13.089167 12.908575 -0.160000
v 13.026295 12.956818 -0.160000
v 12.953080 12.987145 -0.160000
v 12.874511 12.997489 -0.160000
v 12.795941 12.987145 -0.160000
v 12.722726 12.956818 -0.160000
v 12.659855 12.908575 -0.160000
v 12.611612 12.845704 -0.160000
v 12.581285 12.772489 -0.160000
v 12.570941 12.693919 -0.160000
v 12.581285 12.615350 -0.160000
v 12.611612 12.542135 -0.160000
v 12.659855 12.479263 -0.160000
v 12.722726 12.431021 -0.160000
v 12.795941 12.400694 -0.160000
v 12.874511 12.390350 -0.160000
v 12.953080 12.400694 -0.160000
v 13.026295 12.431021 -0.160000
v 13.089167 12.479263 -0.160000
v 13.137410 12.542135 -0.160000
v 13.167736 12.615350 -0.160000
v 12.998747 12.970903 1.150000
v 13.065553 12.929837 1.150000
v 13.119611 12.873029 1.150000
v 13.157313 12.804269 1.150000
v 13.176145 12.728146 1.150000
v 13.174848 12.649739 1.150000
v 13.153510 12.574279 1.150000
v 13.113555 12.506804 1.150000
v 13.057649 12.451814 1.150000
v 12.989521 12.412980 1.150000
v 12.913720 12.392893 1.150000
v 12.835302 12.392893 1.150000
v 12.759500 12.412980 1.150000
v 12.691373 12.451814 1.150000
v 12.635466 12.506804 1.150000
v 12.595511 12.574279 1.150000
v 12.574173 12.649739 1.150000
v 12.572877 12.728146 1.150000
v 12.591708 12.804269 1.150000
v 12.629411 12.873029 1.150000
v 12.683468 12.929837 1.150000
v 12.750274 12.970903 1.150000
v 12.750274 12.970903 0.100000
v 12.810986 12.990768 0.100000
v 12.874511 12.997489 0.100000
v 12.938035 12.990768 0.100000
v 12.998747 12.970903 0.100000
v 13.221000 3.958020 0.100000
v 13.245600 4.027332 0.100000
v 13.253943 4.100406 0.100000
v 13.245600 4.173480 0.100000
v 13.221000 4.242793 0.100000
v 13.221000 4.500000 0.100000
v 13.321000 4.500000 0.100000
v 13.321000 11.870000 0.100000
v 5.961000 11.870000 0.100000
v 5.961000 11.900000 0.100000
v 6.081000 11.900000 0.100000
v 6.081000 13.070903 0.100000
v 5.961000 13.070903 0.100000
v 5.961000 13.294903 0.100000
v 13.321000 13.294903 0.100000
v 13.321000 13.295000 0.100000
v 5.961000 2.300000 0.100000
v 5.961000 11.866655 0.100000
v 6.081000 11.866655 0.100000
v 6.081000 4.500000 0.100000
v 6.121000 4.500000 0.100000
v 6.121000 2.600000 0.100000
v 7.190000 2.600000 0.100000
v 7.190000 3.650000 0.100000
v 8.600000 3.650000 0.100000
v 8.600000 4.500000 0.100000
v 11.100000 4.500000 0.100000
v 11.100000 2.600000 0.100000
v 13.221000 2.600000 0.100000
v 7.290000 3.550000 0.100000
v 7.290000 2.621006 0.100000
v 8.563013 2.621006 0.100000
v 8.563013 3.550000 0.100000
v 8.700000 2.600000 0.100000
v 11.000000 2.600000 0.100000
v 11.000000 4.450000 0.100000
v 8.700000 4.450000 0.100000
v 6.525999 12.970903 0.100000
v 6.475580 12.979576 0.100000
v 6.424420 12.979576 0.100000
v 6.374002 12.970903 0.100000
v 6.121000 12.970903 0.100000
v 6.121000 12.000000 0.100000
v 8.650000 12.000000 0.100000
v 8.650000 12.970903 0.100000
v 8.750000 12.950000 0.100000
v 8.750000 12.022683 0.100000
v 10.546392 12.022683 0.100000
v 10.546392 12.950000 0.100000
v 10.646392 12.970903 0.100000
v 10.646392 12.000000 0.100000
v 13.221000 12.000000 0.100000
v 13.221000 12.970903 0.100000
v 10.646392 12.970903 1.150000
v 6.670937 12.680000 -0.160000
v 6.663409 12.622818 -0.160000
v 6.641337 12.569532 -0.160000
v 6.606226 12.523774 -0.160000
v 6.560468 12.488663 -0.160000
v 6.507183 12.466592 -0.160000
v 6.450000 12.459063 -0.160000
v 6.392817 12.466592 -0.160000
v 6.339532 12.488663 -0.160000
v 6.293774 12.523774 -0.160000
v 6.258663 12.569532 -0.160000
v 6.236592 12.622818 -0.160000
v 6.229063 12.680000 -0.160000
v 6.236592 12.737183 -0.160000
v 6.258663 12.790469 -0.160000
v 6.293774 12.836226 -0.160000
v 6.339532 12.871337 -0.160000
v 6.392817 12.893409 -0.160000
v 6.450000 12.900937 -0.160000
v 6.507183 12.893409 -0.160000
v 6.560468 12.871337 -0.160000
v 6.606226 12.836226 -0.160000
v 6.641337 12.790469 -0.160000
v 6.663409 12.737183 -0.160000
v 6.750666 12.680000 -0.160000
v 6.740421 12.757818 -0.160000
v 6.710384 12.830333 -0.160000
v 6.662603 12.892603 -0.160000
v 6.600333 12.940385 -0.160000
v 6.527818 12.970421 -0.160000
v 6.450000 12.980666 -0.160000
v 6.372182 12.970421 -0.160000
v 6.299667 12.940385 -0.160000
v 6.237397 12.892603 -0.160000
v 6.189616 12.830333 -0.160000
v 6.159579 12.757818 -0.160000
v 6.149334 12.680000 -0.160000
v 6.159579 12.602182 -0.160000
v 6.189616 12.529667 -0.160000
v 6.237397 12.467397 -0.160000
v 6.299667 12.419616 -0.160000
v 6.372182 12.389579 -0.160000
v 6.450000 12.379334 -0.160000
v 6.527818 12.389579 -0.160000
v 6.600333 12.419616 -0.160000
v 6.662603 12.467397 -0.160000
v 6.710384 12.529667 -0.160000
v 6.740421 12.602182 -0.160000
v 6.525999 12.970903 1.160000
v 6.595859 12.942917 1.160000
v 6.656581 12.898459 1.160000
v 6.704361 12.840314 1.160000
v 6.736205 12.772125 1.160000
v 6.750117 12.698165 1.160000
v 6.745226 12.623066 1.160000
v 6.721839 12.551535 1.160000
v 6.681421 12.488052 1.160000
v 6.626504 12.436595 1.160000
v 6.560529 12.400387 1.160000
v 6.487629 12.381698 1.160000
v 6.412371 12.381698 1.160000
v 6.339471 12.400387 1.160000
v 6.273496 12.436595 1.160000
v 6.218579 12.488052 1.160000
v 6.178161 12.551535 1.160000
v 6.154774 12.623066 1.160000
v 6.149883 12.698165 1.160000
v 6.163796 12.772125 1.160000
v 6.195639 12.840314 1.160000
v 6.243419 12.898459 1.160000
v 6.304141 12.942917 1.160000
v 6.374002 12.970903 1.160000
v 6.121000 12.970903 1.160000
v 13.150108 4.100406 -0.140000
v 13.142600 4.043376 -0.140000
v 13.120587 3.990232 -0.140000
v 13.085569 3.944596 -0.140000
v 13.039934 3.909578 -0.140000
v 12.986790 3.887565 -0.140000
v 12.929759 3.880057 -0.140000
v 12.872728 3.887565 -0.140000
v 12.819584 3.909578 -0.140000
v 12.773949 3.944596 -0.140000
v 12.738931 3.990232 -0.140000
v 12.716918 4.043376 -0.140000
v 12.709410 4.100406 -0.140000
v 12.716918 4.157437 -0.140000
v 12.738931 4.210581 -0.140000
v 12.773949 4.256217 -0.140000
v 12.819584 4.291234 -0.140000
v 12.872728 4.313247 -0.140000
v 12.929759 4.320755 -0.140000
v 12.986790 4.313247 -0.140000
v 13.039934 4.291234 -0.140000
v 13.085569 4.256217 -0.140000
v 13.120587 4.210581 -0.140000
v 13.142600 4.157437 -0.140000
v 13.253943 4.100406 -0.140000
v 13.242897 4.184311 -0.140000
v 13.210510 4.262498 -0.140000
v 13.158992 4.329639 -0.140000
v 13.091851 4.381158 -0.140000
v 13.013664 4.413544 -0.140000
v 12.929759 4.424590 -0.140000
v 12.845854 4.413544 -0.140000
v 12.767667 4.381158 -0.140000
v 12.700526 4.329639 -0.140000
v 12.649008 4.262498 -0.140000
v 12.616621 4.184311 -0.140000
v 12.605575 4.100406 -0.140000
v 12.616621 4.016501 -0.140000
v 12.649008 3.938314 -0.140000
v 12.700526 3.871174 -0.140000
v 12.767667 3.819655 -0.140000
v 12.845854 3.787269 -0.140000
v 12.929759 3.776222 -0.140000
v 13.013664 3.787269 -0.140000
v 13.091851 3.819655 -0.140000
v 13.158992 3.871174 -0.140000
v 13.210510 3.938314 -0.140000
v 13.242897 4.016501 -0.140000
v 13.221000 3.958020 1.160000
v 13.175477 3.888941 1.160000
v 13.113952 3.833633 1.160000
v 13.040432 3.795699 1.160000
v 12.959704 3.777608 1.160000
v 12.877026 3.780540 1.160000
v 12.797782 3.804303 1.160000
v 12.727133 3.847349 1.160000
v 12.669680 3.906875 1.160000
v 12.629165 3.979005 1.160000
v 12.608225 4.059041 1.160000
v 12.608225 4.141771 1.160000
v 12.629165 4.221807 1.160000
v 12.669680 4.293937 1.160000
v 12.727133 4.353464 1.160000
v 12.797782 4.396510 1.160000
v 12.877026 4.420272 1.160000
v 12.959704 4.423204 1.160000
v 13.040432 4.405114 1.160000
v 13.113952 4.367179 1.160000
v 13.175477 4.311872 1.160000
v 13.221000 4.242793 1.160000
v 13.221000 2.600000 1.160000
v 11.100000 2.600000 1.160000
v 11.100000 4.489708 1.160000
v 13.221000 4.489708 1.160000
v 5.961000 9.940000 2.500000
v 5.961000 9.938251 2.500000
v 5.961000 11.637343 2.546289
v 5.961000 11.663993 2.448826
v 5.961000 12.015086 1.220000
v 5.961000 13.294903 1.220000
v 5.961000 11.870000 1.181794
v 5.961000 11.866655 1.193500
v 5.961000 2.300000 0.960000
v 5.961000 2.500000 0.960000
v 5.961000 2.586555 1.219555
v 5.961000 4.489966 1.219555
v 5.961000 4.990000 1.919708
v 5.961000 7.807521 1.919708
v 5.961000 8.265535 1.375500
v 5.961000 9.487468 1.375500
v 6.081000 9.938251 2.500000
v 13.221000 9.938251 2.500000
v 6.121000 9.938251 2.500000
v 13.221000 11.663993 2.448826
v 13.221000 11.649372 2.500000
v 6.121000 11.649372 2.500000
v 6.121000 11.663993 2.448826
v 6.081000 9.940000 2.500000
v 6.081000 9.959806 2.500000
v 6.081000 11.628572 2.500000
v 6.121000 11.628572 2.500000
v 13.221000 11.628572 2.500000
v 13.321000 11.628572 2.500000
v 13.321000 9.959806 2.500000
v 13.221000 9.959806 2.500000
v 6.121000 9.959806 2.500000
v 13.321000 11.663993 2.448826
v 13.321000 12.015086 1.220000
v 13.221000 12.015086 1.220000
v 6.121000 12.015086 1.220000
v 13.321000 13.294903 1.220000
v 13.321000 13.295000 1.220000
v 13.321000 11.994286 1.220000
v 13.321000 11.870000 1.220000
v 13.321000 4.500000 1.200000
v 13.321000 5.000000 1.900000
v 13.321000 7.800000 1.900000
v 13.321000 8.258116 1.356044
v 13.321000 9.500000 1.356044
v 13.321000 12.000000 1.220000
v 6.081000 2.500000 0.960000
v 6.081000 2.300000 0.960000
v 6.081000 2.500000 0.963246
v 6.081000 2.300000 0.963246
v 11.100000 4.489708 1.220000
v 13.221000 4.489708 1.220000
v 6.121000 4.489708 1.220000
v 8.600000 4.489708 1.220000
v 8.600000 4.489708 1.160000
v 6.121000 4.489708 1.160000
v 8.600000 3.650000 1.160000
v 7.190000 3.650000 1.160000
v 7.190000 2.600000 1.160000
v 6.121000 2.600000 1.160000
v 10.646392 12.015086 1.220000
v 10.646392 12.015086 1.150000
v 13.221000 12.015086 1.150000
v 13.221000 12.970903 1.150000
v 10.646392 11.922683 1.543413
v 10.646392 11.870682 1.543413
v 10.646392 11.891482 1.470612
v 10.646392 11.922683 1.470612
v 10.646392 11.994286 1.220000
v 10.646392 12.000000 1.200000
v 8.650000 12.015086 1.220000
v 6.121000 12.015086 1.160000
v 8.650000 12.015086 1.160000
v 8.650000 12.970903 1.160000
v 6.081000 11.866655 1.193500
v 6.081000 9.487468 1.375500
v 6.081000 8.265535 1.375500
v 6.081000 7.807521 1.919708
v 6.081000 4.990000 1.919708
v 6.081000 4.489966 1.219555
v 6.081000 2.586555 1.219555
v 6.081000 4.500000 1.200000
v 6.081000 11.503573 2.464286
v 6.081000 9.500000 1.356044
v 6.081000 8.258116 1.356044
v 6.081000 7.800000 1.900000
v 6.081000 5.000000 1.900000
v 6.121000 11.870000 1.220000
v 6.121000 11.870000 1.181794
v 13.221000 11.994286 1.220000
v 13.221000 12.000000 1.200000
v 6.121000 12.000000 1.200000
v 8.650000 12.000000 1.200000
v 6.121000 11.994286 1.220000
v 8.650000 11.994286 1.220000
v 6.121000 11.503573 2.464286
v 8.650000 11.922683 1.470612
v 8.650000 11.922683 1.543413
v 8.750000 12.022683 1.220000
v 8.750000 12.950000 1.220000
v 10.546392 12.950000 1.220000
v 10.546392 12.022683 1.220000
v 8.650000 11.891482 1.470612
v 8.650000 11.870682 1.543413
v 6.121000 4.500000 1.200000
v 8.600000 4.500000 1.200000
v 11.100000 4.500000 1.200000
v 13.221000 4.500000 1.200000
v 6.121000 4.989708 1.920000
v 6.081000 4.989708 1.920000
v 6.081000 4.489708 1.220000
v 11.100000 4.550000 1.304409
v 8.600000 4.550000 1.304409
v 6.121000 7.809304 1.920000
v 6.081000 7.809304 1.920000
v 6.121000 8.267420 1.376044
v 6.081000 8.267420 1.376044
v 6.121000 9.500000 1.356044
v 6.121000 8.258116 1.356044
v 6.121000 7.800000 1.900000
v 6.121000 5.000000 1.900000
v 11.100000 4.550000 1.270000
v 8.600000 4.550000 1.270000
v 13.221000 4.989708 1.920000
v 6.081000 2.585585 1.220000
v 7.290000 2.621006 1.220000
v 7.290000 3.550000 1.220000
v 8.563013 3.550000 1.220000
v 8.563013 2.621006 1.220000
v 8.700000 2.600000 1.220000
v 8.700000 4.450000 1.220000
v 11.000000 4.450000 1.220000
v 11.000000 2.600000 1.220000
v 13.221000 9.500000 1.356044
v 13.221000 8.258116 1.356044
v 13.221000 7.800000 1.900000
v 13.221000 5.000000 1.900000
vt 0.018042 -1.064210 0.000000
vt 0.562250 -0.608226 0.000000
vt 0.561706 -0.606340 0.000000
vt 0.562250 0.613708 0.000000
vt 0.561706 0.612723 0.000000
vt -0.562250 1.066239 0.000000
vt -0.562250 1.064490 0.000000
vt 0.018042 -1.066239 0.000000
vt -0.008922 0.000000 0.000000
vt -0.008922 0.030000 0.000000
vt -0.009304 0.000000 0.000000
vt -0.009304 0.160000 0.000000
vt 0.701863 0.160000 0.000000
vt 0.701863 0.030000 0.000000
vt 0.009304 0.030000 0.000000
vt 1.228368 0.030000 0.000000
vt 0.009304 0.160000 0.000000
vt 1.228368 0.160000 0.000000
vt -1.212141 -0.000000 0.000000
vt 0.000000 0.000000 0.000000
vt -1.212141 0.030000 0.000000
vt -0.000000 0.030000 0.000000
vt -0.001749 0.000000 0.000000
vt -0.000000 0.000000 0.000000
vt -0.001749 0.030000 0.000000
vt -0.000000 0.030000 0.000000
vt -1.211351 0.000000 0.000000
vt -0.000000 -0.000000 0.000000
vt -1.211351 0.030000 0.000000
vt -0.000000 0.030000 0.000000
vt -0.002029 -0.000000 0.000000
vt -0.000000 0.000000 0.000000
vt -0.002029 0.030000 0.000000
vt -0.000000 0.030000 0.000000
vt -0.711294 0.000000 0.000000
vt -0.000000 0.000000 0.000000
vt -0.711294 0.030000 0.000000
vt -0.000000 0.030000 0.000000
vt -1.221933 0.000000 0.000000
vt 0.000000 0.000000 0.000000
vt -1.221933 0.030000 0.000000
vt -0.000000 0.030000 0.000000
vt 1.258698 0.060000 0.000000
vt 0.000000 0.060000 0.000000
vt 1.258698 0.030000 0.000000
vt 1.258698 -0.100000 0.000000
vt -0.000000 -7.360000 0.000000
vt 1.258698 -7.200000 0.000000
vt 1.258698 -7.240000 0.000000
vt 1.258698 -7.360000 0.000000
vt -0.052900 1.688984 0.000000
vt -1.176856 2.140751 0.000000
vt -1.223144 2.152500 0.000000
vt -1.176856 2.142500 0.000000
vt -1.223144 3.839843 0.000000
vt -0.052355 1.689968 0.000000
vt 0.103144 4.202500 0.000000
vt 1.223144 5.497500 0.000000
vt 0.103144 5.497500 0.000000
vt -0.052355 0.468035 0.000000
vt 1.223144 -5.497500 0.000000
vt 0.103144 -3.307792 0.000000
vt 0.359899 -5.297500 0.000000
vt 0.103144 -5.211915 0.000000
vt -0.596563 0.010021 0.000000
vt -0.596856 -2.807792 0.000000
vt -0.596856 0.011804 0.000000
vt -0.596563 0.012050 0.000000
vt 0.359899 -5.497500 0.000000
vt 0.078059 -0.054677 0.000000
vt 0.076605 0.000000 0.000000
vt -0.106066 0.000000 0.000000
vt 0.075265 0.054390 0.000000
vt -0.106066 0.073983 0.000000
vt 0.073881 0.110125 0.000000
vt -0.106066 0.147965 0.000000
vt 0.072719 0.165674 0.000000
vt -0.106066 0.221948 0.000000
vt 0.071677 0.219543 0.000000
vt 0.070932 0.273018 0.000000
vt -0.106066 0.295930 0.000000
vt 0.070322 0.327997 0.000000
vt -0.106066 0.369913 0.000000
vt 0.070064 0.383024 0.000000
vt -0.106066 0.443895 0.000000
vt 0.070002 0.436716 0.000000
vt 0.070284 0.489826 0.000000
vt -0.106066 0.517878 0.000000
vt 0.070763 0.544720 0.000000
vt -0.106066 0.591861 0.000000
vt 0.071572 0.599955 0.000000
vt 0.072513 0.654159 0.000000
vt -0.106066 0.665843 0.000000
vt 0.073679 0.707640 0.000000
vt -0.106066 0.739826 0.000000
vt 0.074962 0.763157 0.000000
vt -0.106066 0.813808 0.000000
vt 0.076409 0.819241 0.000000
vt 0.077805 0.874420 0.000000
vt -0.106066 0.887791 0.000000
vt -0.106066 -0.887791 0.000000
vt 0.077805 -0.901162 0.000000
vt 0.079217 -0.846760 0.000000
vt -0.106066 -0.813808 0.000000
vt 0.080549 -0.790192 0.000000
vt -0.106066 -0.739826 0.000000
vt 0.081821 -0.733036 0.000000
vt 0.082831 -0.676935 0.000000
vt -0.106066 -0.665843 0.000000
vt 0.083680 -0.621574 0.000000
vt -0.106066 -0.591861 0.000000
vt 0.084241 -0.564123 0.000000
vt -0.106066 -0.517878 0.000000
vt 0.084591 -0.506330 0.000000
vt -0.106066 -0.443895 0.000000
vt 0.084578 -0.449977 0.000000
vt 0.084359 -0.394214 0.000000
vt -0.106066 -0.369913 0.000000
vt 0.083778 -0.336659 0.000000
vt -0.106066 -0.295930 0.000000
vt 0.083010 -0.279126 0.000000
vt -0.106066 -0.221948 0.000000
vt 0.081968 -0.223399 0.000000
vt 0.080834 -0.168052 0.000000
vt -0.106066 -0.147965 0.000000
vt 0.079447 -0.111247 0.000000
vt -0.106066 -0.073983 0.000000
vt 0.062690 -0.053918 0.000000
vt 0.061883 0.000000 0.000000
vt -0.106066 0.000000 0.000000
vt 0.061439 0.053801 0.000000
vt -0.106066 0.074639 0.000000
vt 0.061192 0.109091 0.000000
vt -0.106066 0.149278 0.000000
vt 0.061349 0.164440 0.000000
vt -0.106066 0.223917 0.000000
vt 0.061713 0.218462 0.000000
vt 0.062437 0.272116 0.000000
vt -0.106066 0.298556 0.000000
vt 0.063363 0.327614 0.000000
vt -0.106066 0.373195 0.000000
vt 0.064607 0.383477 0.000000
vt -0.106066 0.447834 0.000000
vt 0.065930 0.438291 0.000000
vt 0.067436 0.492590 0.000000
vt -0.106066 0.522473 0.000000
vt 0.068998 0.549000 0.000000
vt -0.106066 0.597112 0.000000
vt 0.070657 0.605954 0.000000
vt 0.072164 0.661891 0.000000
vt -0.106066 0.671751 0.000000
vt 0.073616 0.717296 0.000000
vt -0.106066 0.746390 0.000000
vt 0.074884 0.774885 0.000000
vt -0.106066 0.821029 0.000000
vt 0.076008 0.832929 0.000000
vt -0.106066 0.895668 0.000000
vt 0.076774 0.889673 0.000000
vt -0.106066 -0.895668 0.000000
vt 0.076774 -0.901663 0.000000
vt 0.077325 -0.845328 0.000000
vt -0.106066 -0.821029 0.000000
vt 0.077499 -0.787023 0.000000
vt -0.106066 -0.746390 0.000000
vt 0.077420 -0.728617 0.000000
vt -0.106066 -0.671751 0.000000
vt 0.076952 -0.671975 0.000000
vt 0.076275 -0.615483 0.000000
vt -0.106066 -0.597112 0.000000
vt 0.075220 -0.557451 0.000000
vt -0.106066 -0.522473 0.000000
vt 0.074013 -0.499686 0.000000
vt -0.106066 -0.447834 0.000000
vt 0.072590 -0.443980 0.000000
vt 0.071121 -0.388220 0.000000
vt -0.106066 -0.373195 0.000000
vt 0.069464 -0.331237 0.000000
vt -0.106066 -0.298556 0.000000
vt 0.067893 -0.274642 0.000000
vt -0.106066 -0.223917 0.000000
vt 0.066347 -0.220061 0.000000
vt 0.064993 -0.165418 0.000000
vt -0.106066 -0.149278 0.000000
vt 0.063686 -0.109550 0.000000
vt -0.106066 -0.074639 0.000000
vt 0.072399 -0.054204 0.000000
vt 0.072881 0.000000 0.000000
vt -0.106066 0.000000 0.000000
vt 0.073582 0.054322 0.000000
vt -0.106066 0.074297 0.000000
vt 0.074330 0.110368 0.000000
vt -0.106066 0.148595 0.000000
vt 0.075248 0.166579 0.000000
vt -0.106066 0.222892 0.000000
vt 0.076106 0.221394 0.000000
vt 0.077061 0.276256 0.000000
vt -0.106066 0.297190 0.000000
vt 0.077939 0.332970 0.000000
vt -0.106066 0.371487 0.000000
vt 0.078843 0.389874 0.000000
vt -0.106066 0.445784 0.000000
vt 0.079552 0.445301 0.000000
vt 0.080226 0.500831 0.000000
vt -0.106066 0.520082 0.000000
vt 0.080691 0.558153 0.000000
vt -0.106066 0.594379 0.000000
vt 0.081068 0.615526 0.000000
vt -0.106066 0.668677 0.000000
vt 0.081178 0.671191 0.000000
vt 0.081189 0.727110 0.000000
vt -0.106066 0.742974 0.000000
vt 0.080935 0.784589 0.000000
vt -0.106066 0.817271 0.000000
vt 0.080579 0.841894 0.000000
vt -0.106066 0.891569 0.000000
vt -0.106066 -0.891569 0.000000
vt 0.080579 -0.941244 0.000000
vt 0.080003 -0.885867 0.000000
vt 0.079366 -0.830101 0.000000
vt -0.106066 -0.817271 0.000000
vt 0.078521 -0.773023 0.000000
vt -0.106066 -0.742974 0.000000
vt 0.077675 -0.716279 0.000000
vt -0.106066 -0.668677 0.000000
vt 0.076738 -0.661534 0.000000
vt 0.075858 -0.606351 0.000000
vt -0.106066 -0.594379 0.000000
vt 0.074905 -0.549962 0.000000
vt -0.106066 -0.520082 0.000000
vt 0.074095 -0.493903 0.000000
vt -0.106066 -0.445784 0.000000
vt 0.073323 -0.439751 0.000000
vt 0.072742 -0.385206 0.000000
vt -0.106066 -0.371487 0.000000
vt 0.072208 -0.329377 0.000000
vt -0.106066 -0.297190 0.000000
vt 0.071925 -0.273734 0.000000
vt -0.106066 -0.222892 0.000000
vt 0.071737 -0.219801 0.000000
vt 0.071807 -0.165600 0.000000
vt -0.106066 -0.148595 0.000000
vt 0.071972 -0.109907 0.000000
vt -0.106066 -0.074297 0.000000
vt 0.118413 0.751263 0.000000
vt 0.118758 0.707589 0.000000
vt 1.380000 0.709892 0.000000
vt 0.119298 0.663901 0.000000
vt 1.380000 0.650734 0.000000
vt 0.120032 0.618947 0.000000
vt 1.380000 0.591577 0.000000
vt 0.120926 0.573957 0.000000
vt 1.380000 0.532419 0.000000
vt 0.121914 0.530136 0.000000
vt 0.122978 0.486556 0.000000
vt 1.380000 0.473261 0.000000
vt 0.124118 0.441590 0.000000
vt 1.380000 0.414104 0.000000
vt 0.125260 0.396542 0.000000
vt 1.380000 0.354946 0.000000
vt 0.126328 0.352681 0.000000
vt 0.127305 0.309063 0.000000
vt 1.380000 0.295788 0.000000
vt 0.128189 0.264027 0.000000
vt 1.380000 0.236631 0.000000
vt 0.128904 0.218946 0.000000
vt 1.380000 0.177473 0.000000
vt 0.129414 0.175188 0.000000
vt 0.129715 0.131396 0.000000
vt 1.380000 0.118315 0.000000
vt 0.129800 0.086281 0.000000
vt 1.380000 0.059158 0.000000
vt 0.129647 0.041237 0.000000
vt 1.380000 0.000000 0.000000
vt 0.129286 -0.002338 0.000000
vt 0.128717 -0.046324 0.000000
vt 1.380000 -0.059158 0.000000
vt 0.127949 -0.091457 0.000000
vt 1.380000 -0.118315 0.000000
vt 0.127026 -0.136409 0.000000
vt 1.380000 -0.177473 0.000000
vt 0.126024 -0.179849 0.000000
vt 0.124934 -0.223912 0.000000
vt 1.380000 -0.236631 0.000000
vt 0.123786 -0.269004 0.000000
vt 1.380000 -0.295788 0.000000
vt 0.122656 -0.313888 0.000000
vt 1.380000 -0.354946 0.000000
vt 0.121616 -0.357300 0.000000
vt 0.120655 -0.401314 0.000000
vt 1.380000 -0.414104 0.000000
vt 0.119802 -0.446348 0.000000
vt 1.380000 -0.473261 0.000000
vt 0.119119 -0.491232 0.000000
vt 1.380000 -0.532419 0.000000
vt 0.118636 -0.534735 0.000000
vt 0.118349 -0.578605 0.000000
vt 1.380000 -0.591577 0.000000
vt 0.118269 -0.623590 0.000000
vt 1.380000 -0.650734 0.000000
vt 0.118413 -0.668521 0.000000
vt 1.380000 -0.709892 0.000000
vt -1.380000 0.874217 0.000000
vt -0.070000 0.919392 0.000000
vt -1.380000 0.953692 0.000000
vt -1.380000 -0.953692 0.000000
vt -0.070000 -0.987991 0.000000
vt -0.070000 -0.909353 0.000000
vt -1.380000 -0.874217 0.000000
vt -0.070000 -0.830716 0.000000
vt -1.380000 -0.794743 0.000000
vt -0.070000 -0.752078 0.000000
vt -1.380000 -0.715269 0.000000
vt -0.070000 -0.673440 0.000000
vt -1.380000 -0.635794 0.000000
vt -0.070000 -0.594802 0.000000
vt -1.380000 -0.556320 0.000000
vt -0.070000 -0.516165 0.000000
vt -1.380000 -0.476846 0.000000
vt -0.070000 -0.437527 0.000000
vt -1.380000 -0.397371 0.000000
vt -0.070000 -0.358889 0.000000
vt -1.380000 -0.317897 0.000000
vt -0.070000 -0.280251 0.000000
vt -1.380000 -0.238423 0.000000
vt -0.070000 -0.201614 0.000000
vt -1.380000 -0.158949 0.000000
vt -0.070000 -0.122976 0.000000
vt -1.380000 -0.079474 0.000000
vt -0.070000 -0.044338 0.000000
vt -1.380000 0.000000 0.000000
vt -0.070000 0.034300 0.000000
vt -1.380000 0.079474 0.000000
vt -0.070000 0.112937 0.000000
vt -1.380000 0.158949 0.000000
vt -0.070000 0.191575 0.000000
vt -1.380000 0.238423 0.000000
vt -0.070000 0.270213 0.000000
vt -1.380000 0.317897 0.000000
vt -0.070000 0.348851 0.000000
vt -1.120000 0.348851 0.000000
vt -0.070000 0.840754 0.000000
vt -1.380000 0.794743 0.000000
vt -0.070000 0.762116 0.000000
vt -1.380000 0.715269 0.000000
vt -0.070000 0.683479 0.000000
vt -1.380000 0.635794 0.000000
vt -0.070000 0.604841 0.000000
vt -1.120000 0.604841 0.000000
vt -1.380000 0.556320 0.000000
vt -1.120000 0.540843 0.000000
vt -1.380000 0.476846 0.000000
vt -1.120000 0.476846 0.000000
vt -1.120000 0.412848 0.000000
vt -1.380000 0.397371 0.000000
vt 0.218266 -0.058484 0.000000
vt 0.293226 -0.078570 0.000000
vt 0.225966 0.000000 0.000000
vt 0.303569 0.000000 0.000000
vt 0.218266 0.058484 0.000000
vt 0.293226 0.078570 0.000000
vt 0.195692 0.112983 0.000000
vt 0.262899 0.151785 0.000000
vt 0.159782 0.159782 0.000000
vt 0.214656 0.214656 0.000000
vt 0.112983 0.195692 0.000000
vt 0.151785 0.262899 0.000000
vt 0.058484 0.218266 0.000000
vt 0.078570 0.293226 0.000000
vt -0.000000 0.225966 0.000000
vt -0.000000 0.303569 0.000000
vt -0.078570 0.293226 0.000000
vt 0.195692 -0.112983 0.000000
vt 0.262899 -0.151785 0.000000
vt 0.159782 -0.159782 0.000000
vt 0.214656 -0.214656 0.000000
vt 0.112983 -0.195692 0.000000
vt 0.151785 -0.262899 0.000000
vt 0.058484 -0.218266 0.000000
vt 0.078570 -0.293226 0.000000
vt -0.000000 -0.225966 0.000000
vt -0.000000 -0.303569 0.000000
vt -0.078570 -0.293226 0.000000
vt -0.058484 -0.218266 0.000000
vt -0.151785 -0.262899 0.000000
vt -0.112983 -0.195692 0.000000
vt -0.214656 -0.214656 0.000000
vt -0.159782 -0.159782 0.000000
vt -0.262899 -0.151785 0.000000
vt -0.195692 -0.112983 0.000000
vt -0.293226 -0.078570 0.000000
vt -0.218266 -0.058484 0.000000
vt -0.303569 0.000000 0.000000
vt -0.225966 0.000000 0.000000
vt -0.218266 0.058484 0.000000
vt -0.293226 0.078570 0.000000
vt -0.195692 0.112983 0.000000
vt -0.262899 0.151785 0.000000
vt -0.159782 0.159782 0.000000
vt -0.214656 0.214656 0.000000
vt -0.112983 0.195692 0.000000
vt -0.151785 0.262899 0.000000
vt -0.058484 0.218266 0.000000
vt 0.160000 -9.400000 0.000000
vt 0.160000 -8.041980 0.000000
vt -0.000000 -9.700000 0.000000
vt 0.135400 -7.972668 0.000000
vt 0.127057 -7.899594 0.000000
vt 0.060000 -7.500000 0.000000
vt 0.135400 -7.826520 0.000000
vt 0.160000 -7.757208 0.000000
vt 0.160000 -7.500000 0.000000
vt 0.000000 1.295000 0.000000
vt 0.060000 -0.130000 0.000000
vt 0.160000 0.970902 0.000000
vt 0.160000 0.000000 0.000000
vt 2.734608 0.000000 0.000000
vt 4.731000 0.000000 0.000000
vt 2.834608 0.022682 0.000000
vt 4.631000 0.022682 0.000000
vt 4.731000 0.970902 0.000000
vt 4.631000 0.950000 0.000000
vt 2.734608 0.970902 0.000000
vt 2.834608 0.950000 0.000000
vt 7.420000 -0.130000 0.000000
vt 7.300000 -0.100000 0.000000
vt 7.260000 0.000000 0.000000
vt 7.300000 1.070902 0.000000
vt 7.260000 0.970902 0.000000
vt 7.006998 0.970902 0.000000
vt 7.420000 1.294902 0.000000
vt 6.956580 0.979576 0.000000
vt 6.905420 0.979576 0.000000
vt 6.855001 0.970902 0.000000
vt 0.060000 1.294902 0.000000
vt 0.630726 0.970902 0.000000
vt 0.570014 0.990768 0.000000
vt 0.506489 0.997489 0.000000
vt 0.442965 0.990768 0.000000
vt 0.382253 0.970902 0.000000
vt 7.420000 -0.100000 0.000000
vt 7.420000 1.070902 0.000000
vt 0.060000 1.295000 0.000000
vt 7.420000 -9.700000 0.000000
vt 4.681000 -9.400000 0.000000
vt 2.381000 -9.400000 0.000000
vt 2.281000 -9.400000 0.000000
vt 2.381000 -7.550000 0.000000
vt 2.281000 -7.500000 0.000000
vt 4.681000 -7.550000 0.000000
vt 4.781000 -7.500000 0.000000
vt 4.781000 -8.350000 0.000000
vt 4.817987 -8.450000 0.000000
vt 4.817987 -9.378995 0.000000
vt 6.191000 -9.400000 0.000000
vt 6.091000 -9.378995 0.000000
vt 6.091000 -8.450000 0.000000
vt 6.191000 -8.350000 0.000000
vt 7.420000 -0.133345 0.000000
vt 7.300000 -7.500000 0.000000
vt 7.260000 -9.400000 0.000000
vt 7.300000 -0.133345 0.000000
vt 7.260000 -7.500000 0.000000
vt -0.570726 1.050000 0.000000
vt -2.674608 1.050000 0.000000
vt -0.570726 0.000000 0.000000
vt -2.674608 0.000000 0.000000
vt 0.127001 -0.649181 0.000000
vt 0.126534 -0.691915 0.000000
vt 1.380000 -0.694093 0.000000
vt 1.380000 0.694093 0.000000
vt 0.126534 0.696271 0.000000
vt 0.126163 0.653551 0.000000
vt 1.380000 0.636252 0.000000
vt 0.125892 0.609587 0.000000
vt 1.380000 0.578411 0.000000
vt 0.125745 0.565591 0.000000
vt 1.380000 0.520570 0.000000
vt 0.125725 0.522757 0.000000
vt 0.125829 0.480143 0.000000
vt 1.380000 0.462729 0.000000
vt 0.126058 0.436210 0.000000
vt 1.380000 0.404888 0.000000
vt 0.126407 0.392186 0.000000
vt 1.380000 0.347047 0.000000
vt 0.126846 0.349251 0.000000
vt 0.127364 0.306715 0.000000
vt 1.380000 0.289206 0.000000
vt 0.127964 0.262791 0.000000
vt 1.380000 0.231364 0.000000
vt 0.128611 0.218732 0.000000
vt 1.380000 0.173523 0.000000
vt 0.129260 0.175743 0.000000
vt 0.129896 0.133217 0.000000
vt 1.380000 0.115682 0.000000
vt 0.130522 0.089267 0.000000
vt 1.380000 0.057841 0.000000
vt 0.131091 0.045179 0.000000
vt 1.380000 0.000000 0.000000
vt 0.131570 0.002211 0.000000
vt 0.131949 -0.040375 0.000000
vt 1.380000 -0.057841 0.000000
vt 0.132229 -0.084375 0.000000
vt 1.380000 -0.115682 0.000000
vt 0.132380 -0.128464 0.000000
vt 1.380000 -0.173523 0.000000
vt 0.132401 -0.171340 0.000000
vt 0.132294 -0.214029 0.000000
vt 1.380000 -0.231364 0.000000
vt 0.132057 -0.258064 0.000000
vt 1.380000 -0.289206 0.000000
vt 0.131699 -0.302120 0.000000
vt 1.380000 -0.347047 0.000000
vt 0.131252 -0.344879 0.000000
vt 0.130721 -0.387655 0.000000
vt 1.380000 -0.404888 0.000000
vt 0.130111 -0.431689 0.000000
vt 1.380000 -0.462729 0.000000
vt 0.129461 -0.475700 0.000000
vt 1.380000 -0.520570 0.000000
vt 0.128815 -0.518401 0.000000
vt 0.128179 -0.561189 0.000000
vt 1.380000 -0.578411 0.000000
vt 0.127559 -0.605192 0.000000
vt 1.380000 -0.636252 0.000000
vt -1.380000 0.865856 0.000000
vt -0.060000 0.926394 0.000000
vt -1.380000 0.944570 0.000000
vt -1.380000 -0.944570 0.000000
vt -0.060000 -0.962746 0.000000
vt -0.060000 -0.887290 0.000000
vt -1.380000 -0.865856 0.000000
vt -0.060000 -0.811835 0.000000
vt -1.380000 -0.787142 0.000000
vt -0.060000 -0.736379 0.000000
vt -1.380000 -0.708427 0.000000
vt -0.060000 -0.660924 0.000000
vt -1.380000 -0.629713 0.000000
vt -0.060000 -0.585468 0.000000
vt -1.380000 -0.550999 0.000000
vt -0.060000 -0.510013 0.000000
vt -1.380000 -0.472285 0.000000
vt -0.060000 -0.434557 0.000000
vt -1.380000 -0.393571 0.000000
vt -0.060000 -0.359102 0.000000
vt -1.380000 -0.314857 0.000000
vt -0.060000 -0.283646 0.000000
vt -1.380000 -0.236142 0.000000
vt -0.060000 -0.208191 0.000000
vt -1.380000 -0.157428 0.000000
vt -0.060000 -0.132735 0.000000
vt -1.380000 -0.078714 0.000000
vt -0.060000 -0.057280 0.000000
vt -1.380000 0.000000 0.000000
vt -0.060000 0.018176 0.000000
vt -1.380000 0.078714 0.000000
vt -0.060000 0.093631 0.000000
vt -1.380000 0.157428 0.000000
vt -0.060000 0.169087 0.000000
vt -1.380000 0.236142 0.000000
vt -0.060000 0.244542 0.000000
vt -1.380000 0.314857 0.000000
vt -0.060000 0.319998 0.000000
vt -1.380000 0.393571 0.000000
vt -0.060000 0.395453 0.000000
vt -1.120000 0.395453 0.000000
vt -0.060000 0.850939 0.000000
vt -1.380000 0.787142 0.000000
vt -0.060000 0.775483 0.000000
vt -1.380000 0.708427 0.000000
vt -0.060000 0.700028 0.000000
vt -1.380000 0.629713 0.000000
vt -0.060000 0.624572 0.000000
vt -1.380000 0.550999 0.000000
vt -0.060000 0.549117 0.000000
vt -1.120000 0.549117 0.000000
vt -1.120000 0.497896 0.000000
vt -1.380000 0.472285 0.000000
vt -1.120000 0.446674 0.000000
vt 0.213408 -0.057183 0.000000
vt 0.290421 -0.077818 0.000000
vt 0.220937 0.000000 0.000000
vt 0.300666 0.000000 0.000000
vt 0.213408 0.057183 0.000000
vt 0.290421 0.077818 0.000000
vt 0.191337 0.110468 0.000000
vt 0.260384 0.150333 0.000000
vt 0.156226 0.156226 0.000000
vt 0.212603 0.212603 0.000000
vt 0.110468 0.191337 0.000000
vt 0.150333 0.260384 0.000000
vt 0.057183 0.213408 0.000000
vt 0.077818 0.290421 0.000000
vt -0.000000 0.220937 0.000000
vt -0.000000 0.300666 0.000000
vt -0.077818 0.290421 0.000000
vt 0.191337 -0.110468 0.000000
vt 0.260384 -0.150333 0.000000
vt 0.156226 -0.156226 0.000000
vt 0.212603 -0.212603 0.000000
vt 0.110468 -0.191337 0.000000
vt 0.150333 -0.260384 0.000000
vt 0.057183 -0.213408 0.000000
vt 0.077818 -0.290421 0.000000
vt -0.000000 -0.220937 0.000000
vt -0.000000 -0.300666 0.000000
vt -0.077818 -0.290421 0.000000
vt -0.057183 -0.213408 0.000000
vt -0.150333 -0.260384 0.000000
vt -0.110468 -0.191337 0.000000
vt -0.212603 -0.212603 0.000000
vt -0.156226 -0.156226 0.000000
vt -0.260384 -0.150333 0.000000
vt -0.191337 -0.110468 0.000000
vt -0.290421 -0.077818 0.000000
vt -0.213408 -0.057183 0.000000
vt -0.300666 0.000000 0.000000
vt -0.220937 0.000000 0.000000
vt -0.213408 0.057183 0.000000
vt -0.290421 0.077818 0.000000
vt -0.191337 0.110468 0.000000
vt -0.260384 0.150333 0.000000
vt -0.156226 0.156226 0.000000
vt -0.212603 0.212603 0.000000
vt -0.110468 0.191337 0.000000
vt -0.150333 0.260384 0.000000
vt -0.057183 0.213408 0.000000
vt -6.946998 1.060000 0.000000
vt -7.200000 1.060000 0.000000
vt -6.946998 0.000000 0.000000
vt -7.200000 0.000000 0.000000
vt 0.128190 0.729712 0.000000
vt 0.129168 0.687105 0.000000
vt 1.360000 0.692247 0.000000
vt 0.130167 0.644460 0.000000
vt 1.360000 0.634560 0.000000
vt 0.131178 0.600546 0.000000
vt 1.360000 0.576873 0.000000
vt 0.132129 0.556645 0.000000
vt 1.360000 0.519185 0.000000
vt 0.132960 0.514050 0.000000
vt 0.133668 0.471316 0.000000
vt 1.360000 0.461498 0.000000
vt 0.134239 0.427331 0.000000
vt 1.360000 0.403811 0.000000
vt 0.134622 0.383428 0.000000
vt 1.360000 0.346124 0.000000
vt 0.134804 0.340949 0.000000
vt 0.134787 0.298038 0.000000
vt 1.360000 0.288436 0.000000
vt 0.134565 0.254005 0.000000
vt 1.360000 0.230749 0.000000
vt 0.134143 0.210166 0.000000
vt 1.360000 0.173062 0.000000
vt 0.133566 0.167821 0.000000
vt 0.132829 0.124778 0.000000
vt 1.360000 0.115375 0.000000
vt 0.131952 0.080757 0.000000
vt 1.360000 0.057687 0.000000
vt 0.130989 0.037005 0.000000
vt 1.360000 0.000000 0.000000
vt 0.130011 -0.005263 0.000000
vt 0.129003 -0.048327 0.000000
vt 1.360000 -0.057687 0.000000
vt 0.128001 -0.092299 0.000000
vt 1.360000 -0.115375 0.000000
vt 0.127072 -0.136014 0.000000
vt 1.360000 -0.173062 0.000000
vt 0.126270 -0.178290 0.000000
vt 0.125582 -0.221277 0.000000
vt 1.360000 -0.230749 0.000000
vt 0.125034 -0.265202 0.000000
vt 1.360000 -0.288436 0.000000
vt 0.124670 -0.308941 0.000000
vt 1.360000 -0.346124 0.000000
vt 0.124497 -0.351309 0.000000
vt 0.124513 -0.394156 0.000000
vt 1.360000 -0.403811 0.000000
vt 0.124724 -0.438047 0.000000
vt 1.360000 -0.461498 0.000000
vt 0.125127 -0.481841 0.000000
vt 1.360000 -0.519185 0.000000
vt 0.125683 -0.524347 0.000000
vt 0.126390 -0.567049 0.000000
vt 1.360000 -0.576873 0.000000
vt 0.127242 -0.610929 0.000000
vt 1.360000 -0.634560 0.000000
vt 0.128190 -0.654783 0.000000
vt 1.360000 -0.692247 0.000000
vt -1.360000 0.933583 0.000000
vt -1.120000 0.944747 0.000000
vt -1.360000 1.018454 0.000000
vt -1.120000 1.018454 0.000000
vt -1.360000 -1.018454 0.000000
vt -1.120000 -1.018454 0.000000
vt -1.120000 -0.944747 0.000000
vt -1.120000 0.871039 0.000000
vt -1.360000 0.848711 0.000000
vt -0.060000 0.871039 0.000000
vt -0.060000 0.788083 0.000000
vt -1.360000 0.763840 0.000000
vt -0.060000 0.705127 0.000000
vt -1.360000 0.678969 0.000000
vt -0.060000 0.622171 0.000000
vt -1.360000 0.594098 0.000000
vt -0.060000 0.539215 0.000000
vt -1.360000 0.509227 0.000000
vt -0.060000 0.456259 0.000000
vt -1.360000 0.424356 0.000000
vt -0.060000 0.373303 0.000000
vt -1.360000 0.339485 0.000000
vt -0.060000 0.290346 0.000000
vt -1.360000 0.254613 0.000000
vt -0.060000 0.207390 0.000000
vt -1.360000 0.169742 0.000000
vt -0.060000 0.124434 0.000000
vt -1.360000 0.084871 0.000000
vt -0.060000 0.041478 0.000000
vt -1.360000 0.000000 0.000000
vt -0.060000 -0.041478 0.000000
vt -1.360000 -0.084871 0.000000
vt -0.060000 -0.124434 0.000000
vt -1.360000 -0.169742 0.000000
vt -0.060000 -0.207390 0.000000
vt -1.360000 -0.254613 0.000000
vt -0.060000 -0.290346 0.000000
vt -1.360000 -0.339485 0.000000
vt -0.060000 -0.373303 0.000000
vt -1.360000 -0.424356 0.000000
vt -0.060000 -0.456259 0.000000
vt -1.360000 -0.509227 0.000000
vt -0.060000 -0.539215 0.000000
vt -1.360000 -0.594098 0.000000
vt -0.060000 -0.622171 0.000000
vt -1.360000 -0.678969 0.000000
vt -0.060000 -0.705127 0.000000
vt -1.360000 -0.763840 0.000000
vt -0.060000 -0.788083 0.000000
vt -1.360000 -0.848711 0.000000
vt -0.060000 -0.871039 0.000000
vt -1.120000 -0.871039 0.000000
vt -1.360000 -0.933583 0.000000
vt 0.212841 -0.057031 0.000000
vt 0.313138 -0.083905 0.000000
vt 0.220349 0.000000 0.000000
vt 0.324184 0.000000 0.000000
vt 0.212841 0.057031 0.000000
vt 0.313138 0.083905 0.000000
vt 0.190828 0.110175 0.000000
vt 0.280751 0.162092 0.000000
vt 0.155810 0.155810 0.000000
vt 0.229233 0.229233 0.000000
vt 0.110175 0.190828 0.000000
vt 0.162092 0.280751 0.000000
vt 0.057031 0.212841 0.000000
vt 0.083905 0.313138 0.000000
vt -0.000000 0.220349 0.000000
vt -0.000000 0.324184 0.000000
vt -0.083905 0.313138 0.000000
vt 0.190828 -0.110175 0.000000
vt 0.280751 -0.162092 0.000000
vt 0.155810 -0.155810 0.000000
vt 0.229233 -0.229233 0.000000
vt 0.110175 -0.190828 0.000000
vt 0.162092 -0.280751 0.000000
vt 0.057031 -0.212841 0.000000
vt 0.083905 -0.313138 0.000000
vt -0.000000 -0.220349 0.000000
vt -0.000000 -0.324184 0.000000
vt -0.083905 -0.313138 0.000000
vt -0.057031 -0.212841 0.000000
vt -0.162092 -0.280751 0.000000
vt -0.110175 -0.190828 0.000000
vt -0.229233 -0.229233 0.000000
vt -0.155810 -0.155810 0.000000
vt -0.280751 -0.162092 0.000000
vt -0.190828 -0.110175 0.000000
vt -0.313138 -0.083905 0.000000
vt -0.212841 -0.057031 0.000000
vt -0.324184 0.000000 0.000000
vt -0.220349 0.000000 0.000000
vt -0.212841 0.057031 0.000000
vt -0.313138 0.083905 0.000000
vt -0.190828 0.110175 0.000000
vt -0.280751 0.162092 0.000000
vt -0.155810 0.155810 0.000000
vt -0.229233 0.229233 0.000000
vt -0.110175 0.190828 0.000000
vt -0.162092 0.280751 0.000000
vt -0.057031 0.212841 0.000000
vt -1.458020 0.000000 0.000000
vt -0.100000 0.000000 0.000000
vt -1.458020 1.060000 0.000000
vt -0.100000 1.060000 0.000000
vt -1.060500 0.697939 0.000000
vt -1.014977 0.767018 0.000000
vt -1.060500 0.944854 0.000000
vt -0.953452 0.822326 0.000000
vt -0.879932 0.860260 0.000000
vt -0.799204 0.878350 0.000000
vt -0.716526 0.875419 0.000000
vt 1.060500 0.944854 0.000000
vt -0.637282 0.851656 0.000000
vt -0.566633 0.808610 0.000000
vt -0.509180 0.749083 0.000000
vt -0.468665 0.676953 0.000000
vt -0.447725 0.596917 0.000000
vt -0.447725 0.514187 0.000000
vt -0.468665 0.434151 0.000000
vt 1.060500 -0.944854 0.000000
vt -0.509180 0.362021 0.000000
vt -0.566633 0.302495 0.000000
vt -0.637282 0.259449 0.000000
vt -1.060500 -0.944854 0.000000
vt -0.716526 0.235686 0.000000
vt -0.799204 0.232754 0.000000
vt -0.879932 0.250845 0.000000
vt -0.953452 0.288779 0.000000
vt -1.014977 0.344087 0.000000
vt -1.060500 0.413166 0.000000
vt 1.200000 2.754923 0.000000
vt 1.246289 2.766672 0.000000
vt 1.200000 2.756672 0.000000
vt 1.246289 4.454015 0.000000
vt 1.148826 4.480666 0.000000
vt 0.076044 2.303156 0.000000
vt 0.075500 2.304141 0.000000
vt -0.080000 4.831759 0.000000
vt -0.106500 4.683328 0.000000
vt -0.118206 4.686672 0.000000
vt -0.080000 6.111575 0.000000
vt -1.200000 5.887575 0.000000
vt -1.200000 6.111575 0.000000
vt -1.200000 4.716673 0.000000
vt -1.200000 4.686672 0.000000
vt -1.200000 4.683328 0.000000
vt 0.075500 1.082207 0.000000
vt -0.080445 -2.693362 0.000000
vt 0.619708 0.624194 0.000000
vt 0.619708 -2.193328 0.000000
vt -1.200000 -4.883328 0.000000
vt -0.340000 -4.683328 0.000000
vt -0.080445 -4.596772 0.000000
vt -0.340000 -4.883328 0.000000
vt -0.000000 7.240000 0.000000
vt 1.211351 7.240000 0.000000
vt -0.000000 7.360000 0.000000
vt 1.211351 7.360000 0.000000
vt 0.000000 0.100000 0.000000
vt 1.211351 0.100000 0.000000
vt -0.000000 7.200000 0.000000
vt 1.211351 7.200000 0.000000
vt 0.000000 0.100000 0.000000
vt 0.053222 0.100000 0.000000
vt 0.000000 7.200000 0.000000
vt 0.053222 7.200000 0.000000
vt 1.709372 7.240000 0.000000
vt 1.711121 7.240000 0.000000
vt 1.709372 7.360000 0.000000
vt 1.711121 7.360000 0.000000
vt 1.689566 7.240000 0.000000
vt 0.020800 7.240000 0.000000
vt 1.689566 7.200000 0.000000
vt 0.020800 7.200000 0.000000
vt 1.689566 0.100000 0.000000
vt 0.020800 0.100000 0.000000
vt 1.689566 0.000000 0.000000
vt 0.020800 0.000000 0.000000
vt 0.000000 7.200000 0.000000
vt 0.000000 0.100000 0.000000
vt 1.711121 0.100000 0.000000
vt 1.711121 7.200000 0.000000
vt 0.162938 0.060000 0.000000
vt 1.440936 0.060000 0.000000
vt 0.162938 0.160000 0.000000
vt 1.440936 0.160000 0.000000
vt 0.162938 7.260000 0.000000
vt 1.440936 7.260000 0.000000
vt 0.162938 7.420000 0.000000
vt 1.440936 7.420000 0.000000
vt -5.497403 -0.103144 0.000000
vt -5.497500 -0.103144 0.000000
vt -5.497403 -1.223144 0.000000
vt -5.497500 -1.223144 0.000000
vt -2.162306 1.176856 0.000000
vt -3.831071 1.176856 0.000000
vt -1.702500 0.032900 0.000000
vt -4.072500 -0.103144 0.000000
vt -4.072500 -1.223144 0.000000
vt -4.196786 -0.103144 0.000000
vt -0.460616 0.032900 0.000000
vt 3.297500 -1.223144 0.000000
vt 3.297500 -0.123144 0.000000
vt 2.797500 0.576856 0.000000
vt -0.002500 0.576856 0.000000
vt 1.687343 0.060000 0.000000
vt 0.000000 0.060000 0.000000
vt 1.687343 -7.360000 0.000000
vt 0.000000 -7.360000 0.000000
vt 0.000000 0.000000 0.000000
vt 1.273936 0.000000 0.000000
vt 0.000000 0.060000 0.000000
vt 1.374977 0.060000 0.000000
vt 1.273936 -0.100000 0.000000
vt 1.374977 -7.360000 0.000000
vt 1.273936 -7.200000 0.000000
vt 1.273936 -7.360000 0.000000
vt 0.000000 0.000000 0.000000
vt 1.120000 0.000000 0.000000
vt -0.000000 0.060000 0.000000
vt 1.120000 0.060000 0.000000
vt 9.163993 2.348826 0.000000
vt 9.500000 1.120000 0.000000
vt 9.515086 1.120000 0.000000
vt 1.120000 0.000000 0.000000
vt 0.000000 0.000000 0.000000
vt 1.120000 -7.360000 0.000000
vt 0.000000 -7.360000 0.000000
vt 0.000000 0.000000 0.000000
vt 0.120000 0.000000 0.000000
vt 0.000000 0.200000 0.000000
vt 0.120000 0.200000 0.000000
vt -0.060000 0.000000 0.000000
vt 7.240000 0.000000 0.000000
vt -0.060000 0.200000 0.000000
vt 7.240000 0.200000 0.000000
vt -0.863246 0.060000 0.000000
vt -0.860000 0.060000 0.000000
vt -0.863246 7.360000 0.000000
vt 0.000000 7.360000 0.000000
vt -0.000000 -0.060000 0.000000
vt -0.860000 -0.060000 0.000000
vt 0.000000 0.000000 0.000000
vt 2.121000 0.000000 0.000000
vt 0.000000 0.060000 0.000000
vt 2.121000 0.060000 0.000000
vt 0.000000 0.000000 0.000000
vt 2.479000 0.000000 0.000000
vt 0.000000 0.060000 0.000000
vt 2.479000 0.060000 0.000000
vt -1.239500 0.105146 0.000000
vt 0.170500 0.105146 0.000000
vt -1.239500 0.944854 0.000000
vt 1.239500 0.944854 0.000000
vt 1.239500 -0.944854 0.000000
vt 0.170500 -0.944854 0.000000
vt 0.000000 0.000000 0.000000
vt 2.574608 0.000000 0.000000
vt 0.000000 0.070000 0.000000
vt 2.574608 0.070000 0.000000
vt -0.816578 0.477908 0.000000
vt -0.749772 0.436843 0.000000
vt 1.287304 0.477908 0.000000
vt -0.695715 0.380035 0.000000
vt -0.658012 0.311275 0.000000
vt -0.639181 0.235152 0.000000
vt -0.640477 0.156744 0.000000
vt -0.661815 0.081285 0.000000
vt 1.287304 -0.477908 0.000000
vt -0.701770 0.013809 0.000000
vt -0.757677 -0.041180 0.000000
vt -0.825804 -0.080014 0.000000
vt -1.287304 -0.477908 0.000000
vt -0.901606 -0.100102 0.000000
vt -0.980024 -0.100102 0.000000
vt -1.055825 -0.080014 0.000000
vt -1.123952 -0.041180 0.000000
vt -1.179859 0.013809 0.000000
vt -1.219814 0.081285 0.000000
vt -1.241152 0.156744 0.000000
vt -1.287304 0.477908 0.000000
vt -1.242448 0.235152 0.000000
vt -1.223617 0.311275 0.000000
vt -1.185915 0.380035 0.000000
vt -1.131857 0.436843 0.000000
vt -1.065051 0.477908 0.000000
vt 0.020902 1.050000 0.000000
vt -0.934914 1.050000 0.000000
vt 0.020902 0.000000 0.000000
vt -0.950000 0.000000 0.000000
vt -0.950000 1.100000 0.000000
vt -0.934914 1.120000 0.000000
vt -0.955714 1.120000 0.000000
vt -1.027318 1.370612 0.000000
vt -1.027318 1.443413 0.000000
vt -1.058518 1.370612 0.000000
vt -1.079318 1.443413 0.000000
vt 0.000000 0.000000 0.000000
vt 2.529000 0.000000 0.000000
vt 0.000000 0.060000 0.000000
vt 2.529000 0.060000 0.000000
vt 1.011498 0.477908 0.000000
vt 1.081359 0.449922 0.000000
vt 1.264500 0.477908 0.000000
vt 1.142081 0.405464 0.000000
vt 1.189861 0.347320 0.000000
vt 1.221704 0.279131 0.000000
vt 1.235617 0.205170 0.000000
vt 1.264500 -0.477908 0.000000
vt 1.230726 0.130072 0.000000
vt 1.207339 0.058540 0.000000
vt 1.166921 -0.004943 0.000000
vt 1.112004 -0.056400 0.000000
vt 1.046029 -0.092607 0.000000
vt 0.973129 -0.111296 0.000000
vt 0.897871 -0.111296 0.000000
vt 0.824971 -0.092607 0.000000
vt -1.264500 -0.477908 0.000000
vt 0.758996 -0.056400 0.000000
vt 0.704079 -0.004943 0.000000
vt 0.663661 0.058540 0.000000
vt -1.264500 0.477908 0.000000
vt 0.640274 0.130072 0.000000
vt 0.635383 0.205170 0.000000
vt 0.649296 0.279131 0.000000
vt 0.681139 0.347320 0.000000
vt 0.728919 0.405464 0.000000
vt 0.789641 0.449922 0.000000
vt 0.859502 0.477908 0.000000
vt 0.000000 0.000000 0.000000
vt 1.170902 0.000000 0.000000
vt -0.000000 0.120000 0.000000
vt 1.170902 0.120000 0.000000
vt 0.006500 0.000000 0.000000
vt 1.100000 0.000000 0.000000
vt 0.006500 0.120000 0.000000
vt 1.100000 0.120000 0.000000
vt 0.000000 0.000000 0.000000
vt 1.212141 0.000000 0.000000
vt 0.000000 0.120000 0.000000
vt 1.212141 0.120000 0.000000
vt 0.000000 0.000000 0.000000
vt 1.221933 0.000000 0.000000
vt 0.000000 0.120000 0.000000
vt 1.221933 0.120000 0.000000
vt 0.000000 0.000000 0.000000
vt 0.711294 0.000000 0.000000
vt 0.000000 0.120000 0.000000
vt 0.711294 0.120000 0.000000
vt 0.000000 0.000000 0.000000
vt 2.817521 0.000000 0.000000
vt 0.000000 0.120000 0.000000
vt 2.817521 0.120000 0.000000
vt 0.000000 0.000000 0.000000
vt 0.860377 0.000000 0.000000
vt 0.000000 0.120000 0.000000
vt 0.860377 0.120000 0.000000
vt 0.000000 0.000000 0.000000
vt 1.903410 0.000000 0.000000
vt -0.000000 0.120000 0.000000
vt 1.903410 0.120000 0.000000
vt 0.000000 0.000000 0.000000
vt 0.273607 0.000000 0.000000
vt 0.000000 0.120000 0.000000
vt 0.273607 0.120000 0.000000
vt -2.683328 -1.200000 0.000000
vt 1.074788 0.056044 0.000000
vt -2.683328 -0.100000 0.000000
vt 0.616672 0.600000 0.000000
vt -2.183328 0.600000 0.000000
vt 4.683328 -1.200000 0.000000
vt 2.316672 0.056044 0.000000
vt 4.683328 -0.106500 0.000000
vt 4.320246 1.164286 0.000000
vt 4.445244 1.200000 0.000000
vt 2.776478 1.200000 0.000000
vt 1.120000 7.200000 0.000000
vt 1.081794 7.200000 0.000000
vt 1.120000 0.000000 0.000000
vt 0.000000 0.000000 0.000000
vt 0.000000 7.360000 0.000000
vt 1.081794 7.360000 0.000000
vt 0.020800 2.674608 0.000000
vt -0.000000 2.674608 0.000000
vt 0.020800 0.100000 0.000000
vt -0.000000 0.100000 0.000000
vt 1.100000 2.674608 0.000000
vt 0.000000 2.674608 0.000000
vt 1.100000 0.100000 0.000000
vt 0.000000 0.100000 0.000000
vt 1.100000 7.200000 0.000000
vt 0.000000 7.200000 0.000000
vt 1.100000 4.671000 0.000000
vt 0.000000 4.671000 0.000000
vt 0.020800 7.200000 0.000000
vt -0.000000 7.200000 0.000000
vt 0.020800 4.671000 0.000000
vt -0.000000 4.671000 0.000000
vt 0.124286 7.200000 0.000000
vt 0.000000 7.200000 0.000000
vt 0.124286 4.671000 0.000000
vt 0.124286 2.674608 0.000000
vt 0.000000 0.000000 0.000000
vt 0.124286 0.100000 0.000000
vt 0.124286 0.000000 0.000000
vt -1.055816 1.120000 0.000000
vt -1.070902 1.100000 0.000000
vt -1.055816 1.060000 0.000000
vt -1.070902 0.000000 0.000000
vt -0.100000 0.000000 0.000000
vt -1.076617 1.120000 0.000000
vt -1.406909 2.348826 0.000000
vt -1.200903 1.120000 0.000000
vt -1.567329 2.364286 0.000000
vt -1.200903 1.081794 0.000000
vt -1.421531 2.400000 0.000000
vt -1.442331 2.400000 0.000000
vt -0.100000 1.060000 0.000000
vt -1.435222 2.734608 0.000000
vt -1.174581 2.734608 0.000000
vt -1.435222 4.731000 0.000000
vt -1.174581 4.731000 0.000000
vt -1.435222 0.060000 0.000000
vt -0.104002 0.060000 0.000000
vt -1.435222 0.160000 0.000000
vt -0.104002 0.160000 0.000000
vt 1.104581 2.734608 0.000000
vt 1.440936 2.734608 0.000000
vt 1.104581 4.731000 0.000000
vt 1.440936 4.731000 0.000000
vt 0.605635 0.173704 0.000000
vt 0.000000 0.000000 0.000000
vt 0.696222 0.161778 0.000000
vt 1.295000 0.000000 0.000000
vt 0.786809 0.173704 0.000000
vt 0.871222 0.208669 0.000000
vt 0.943709 0.264290 0.000000
vt 0.999331 0.336778 0.000000
vt 1.034296 0.421191 0.000000
vt 1.046222 0.511778 0.000000
vt 1.294902 0.060000 0.000000
vt 1.034296 0.602364 0.000000
vt 0.950000 2.834608 0.000000
vt 0.999331 0.686778 0.000000
vt 0.943709 0.759265 0.000000
vt 0.871222 0.814886 0.000000
vt 0.786809 0.849852 0.000000
vt 0.696222 0.861778 0.000000
vt 0.605635 0.849852 0.000000
vt 0.521222 0.814886 0.000000
vt 0.022682 2.834608 0.000000
vt 0.448735 0.759265 0.000000
vt 0.393113 0.686778 0.000000
vt 0.015086 2.734608 0.000000
vt 0.358148 0.602364 0.000000
vt 0.346222 0.511778 0.000000
vt 0.015086 0.160000 0.000000
vt 0.015086 0.060000 0.000000
vt 0.521222 0.208669 0.000000
vt 0.448735 0.264290 0.000000
vt 0.393113 0.336778 0.000000
vt 0.358148 0.421191 0.000000
vt 0.768409 6.595465 0.000000
vt 0.677822 6.583539 0.000000
vt 0.950000 4.631000 0.000000
vt 0.587235 6.595465 0.000000
vt 0.502822 6.630431 0.000000
vt 0.022682 4.631000 0.000000
vt 0.430335 6.686052 0.000000
vt 0.374713 6.758539 0.000000
vt 0.015086 4.731000 0.000000
vt 0.339748 6.842953 0.000000
vt 0.015086 7.260000 0.000000
vt 0.327822 6.933539 0.000000
vt 0.015086 7.420000 0.000000
vt 0.339748 7.024126 0.000000
vt 0.374713 7.108539 0.000000
vt 0.430335 7.181027 0.000000
vt 0.502822 7.236648 0.000000
vt 0.587235 7.271613 0.000000
vt 0.677822 7.283539 0.000000
vt 1.294902 7.420000 0.000000
vt 0.768409 7.271613 0.000000
vt 0.852822 7.236648 0.000000
vt 0.925309 7.181027 0.000000
vt 0.980931 7.108539 0.000000
vt 1.015896 7.024126 0.000000
vt 1.027822 6.933539 0.000000
vt 1.015896 6.842953 0.000000
vt 0.980931 6.758539 0.000000
vt 0.925309 6.686052 0.000000
vt 0.852822 6.630431 0.000000
vt 0.000000 0.060000 0.000000
vt 1.295000 0.060000 0.000000
vt -10.470903 1.050000 0.000000
vt -10.470903 0.000000 0.000000
vt -9.515086 1.050000 0.000000
vt -9.500000 0.000000 0.000000
vt -9.500000 1.100000 0.000000
vt -9.515086 1.120000 0.000000
vt -9.494286 1.120000 0.000000
vt -9.163993 2.348826 0.000000
vt -9.128572 2.400000 0.000000
vt -9.149372 2.400000 0.000000
vt -0.322253 0.000000 0.000000
vt -0.100000 0.000000 0.000000
vt -0.322253 1.050000 0.000000
vt -0.100000 1.050000 0.000000
vt -6.795001 0.000000 0.000000
vt -4.671000 0.000000 0.000000
vt -6.795001 1.060000 0.000000
vt -4.671000 1.060000 0.000000
vt 1.796392 1.120000 0.000000
vt 0.000000 1.120000 0.000000
vt 1.796392 0.000000 0.000000
vt 0.000000 0.000000 0.000000
vt 0.927318 1.120000 0.000000
vt 0.000000 1.120000 0.000000
vt 0.927318 0.000000 0.000000
vt 0.000000 0.000000 0.000000
vt 1.796392 1.120000 0.000000
vt 0.000000 1.120000 0.000000
vt 1.796392 0.000000 0.000000
vt 0.000000 0.000000 0.000000
vt 0.927318 1.120000 0.000000
vt 0.000000 1.120000 0.000000
vt 0.927318 0.000000 0.000000
vt 0.000000 0.000000 0.000000
vt 1.425640 -7.420000 0.000000
vt 1.437813 -7.420000 0.000000
vt 1.425640 -7.300000 0.000000
vt 1.437813 -7.260000 0.000000
vt 0.104002 -7.260000 0.000000
vt 0.104002 -7.300000 0.000000
vt 0.040000 0.130000 0.000000
vt -0.000000 0.130000 0.000000
vt 0.040000 0.000000 0.000000
vt 0.000000 -0.000000 0.000000
vt 1.996392 0.031200 0.000000
vt 0.000000 0.031200 0.000000
vt 1.996392 0.000000 0.000000
vt 0.000000 0.000000 0.000000
vt -1.996392 -0.052001 0.000000
vt 0.000000 -0.052001 0.000000
vt -1.996392 0.000000 0.000000
vt 0.000000 0.000000 0.000000
vt -0.948220 1.060000 0.000000
vt -0.948220 0.000000 0.000000
vt 0.007596 1.060000 0.000000
vt 0.022682 0.000000 0.000000
vt 0.022682 1.100000 0.000000
vt 0.007596 1.120000 0.000000
vt 0.028397 1.120000 0.000000
vt 0.100000 1.370612 0.000000
vt 0.100000 1.443413 0.000000
vt 0.131200 1.370612 0.000000
vt 0.152001 1.443413 0.000000
vt 1.062008 4.525392 0.000000
vt 0.986294 4.525392 0.000000
vt 1.062008 2.529000 0.000000
vt 0.986294 2.529000 0.000000
vt 0.000000 0.000000 0.000000
vt 0.040000 0.000000 0.000000
vt 0.000000 1.100000 0.000000
vt 0.040000 1.100000 0.000000
vt 0.000000 0.000000 0.000000
vt 2.500000 0.000000 0.000000
vt 0.000000 1.100000 0.000000
vt 2.500000 1.100000 0.000000
vt 0.000000 0.000000 0.000000
vt 0.100000 0.000000 0.000000
vt 0.000000 1.100000 0.000000
vt 0.100000 1.100000 0.000000
vt 0.010292 7.260000 0.000000
vt 0.870525 7.260000 0.000000
vt 0.010292 7.300000 0.000000
vt 0.870525 7.300000 0.000000
vt 0.010292 2.281000 0.000000
vt 0.114023 2.281000 0.000000
vt 0.010292 4.781000 0.000000
vt 0.114023 4.781000 0.000000
vt -0.010292 7.260000 0.000000
vt 2.809304 7.260000 0.000000
vt -0.010292 7.300000 0.000000
vt 2.809304 7.300000 0.000000
vt -0.009304 7.260000 0.000000
vt 0.701863 7.260000 0.000000
vt -0.009304 7.300000 0.000000
vt 0.701863 7.300000 0.000000
vt 0.009304 7.260000 0.000000
vt 1.228368 7.260000 0.000000
vt 0.009304 7.300000 0.000000
vt 1.228368 7.300000 0.000000
vt -1.232906 7.260000 0.000000
vt -0.000000 7.260000 0.000000
vt -1.232906 7.300000 0.000000
vt -0.000000 7.300000 0.000000
vt -1.241884 7.260000 0.000000
vt -0.000000 7.260000 0.000000
vt -1.241884 7.300000 0.000000
vt -0.000000 7.300000 0.000000
vt -0.711167 7.260000 0.000000
vt -0.000000 7.260000 0.000000
vt -0.711167 7.300000 0.000000
vt -0.000000 7.300000 0.000000
vt -2.800000 7.260000 0.000000
vt -0.000000 7.260000 0.000000
vt -2.800000 7.300000 0.000000
vt -0.000000 7.300000 0.000000
vt -0.860233 7.260000 0.000000
vt -0.000000 7.260000 0.000000
vt -0.860233 7.300000 0.000000
vt -0.000000 7.300000 0.000000
vt -0.086023 2.281000 0.000000
vt -0.000000 2.281000 0.000000
vt -0.086023 4.781000 0.000000
vt -0.000000 4.781000 0.000000
vt 2.809304 0.160000 0.000000
vt -0.010292 0.160000 0.000000
vt 2.809304 0.000000 0.000000
vt -0.010292 0.000000 0.000000
vt 0.870525 0.160000 0.000000
vt 0.010292 0.160000 0.000000
vt 0.870525 0.000000 0.000000
vt 0.010292 0.000000 0.000000
vt 1.596135 0.113710 0.000000
vt 1.505548 0.101784 0.000000
vt 1.889708 0.000000 0.000000
vt 1.414962 0.113710 0.000000
vt -0.014415 0.000000 0.000000
vt 1.330548 0.148675 0.000000
vt 1.258061 0.204297 0.000000
vt 1.202440 0.276784 0.000000
vt 1.167474 0.361197 0.000000
vt 1.155548 0.451784 0.000000
vt 0.000000 2.381000 0.000000
vt 1.167474 0.542371 0.000000
vt 1.202440 0.626784 0.000000
vt 1.258061 0.699271 0.000000
vt 1.850000 2.381000 0.000000
vt 1.330548 0.754893 0.000000
vt 1.414962 0.789858 0.000000
vt 1.505548 0.801784 0.000000
vt 1.596135 0.789858 0.000000
vt 1.680548 0.754893 0.000000
vt 1.889708 2.281000 0.000000
vt 1.753036 0.699271 0.000000
vt 1.808657 0.626784 0.000000
vt 1.843622 0.542371 0.000000
vt 1.855548 0.451784 0.000000
vt 1.889708 0.160000 0.000000
vt 1.843622 0.361197 0.000000
vt 1.808657 0.276784 0.000000
vt 1.753036 0.204297 0.000000
vt 1.680548 0.148675 0.000000
vt 1.850000 4.681000 0.000000
vt 1.889708 4.781000 0.000000
vt 1.889708 7.260000 0.000000
vt 0.950000 6.091000 0.000000
vt 1.889708 7.300000 0.000000
vt -0.014415 7.300000 0.000000
vt 0.000000 4.681000 0.000000
vt 0.021005 6.091000 0.000000
vt 0.950000 4.817987 0.000000
vt 0.021005 4.817987 0.000000
vt 0.963098 7.300000 0.000000
vt 0.692456 7.300000 0.000000
vt 0.963098 0.000000 0.000000
vt 0.692456 0.000000 0.000000
vt -1.232906 0.060000 0.000000
vt -0.000000 0.060000 0.000000
vt -1.232906 0.160000 0.000000
vt -0.000000 0.160000 0.000000
vt -1.241884 0.060000 0.000000
vt -0.000000 0.060000 0.000000
vt -1.241884 0.160000 0.000000
vt -0.000000 0.160000 0.000000
vt -0.711167 0.060000 0.000000
vt -0.000000 0.060000 0.000000
vt -0.711167 0.160000 0.000000
vt -0.000000 0.160000 0.000000
vt -2.800000 0.060000 0.000000
vt -0.000000 0.060000 0.000000
vt -2.800000 0.160000 0.000000
vt -0.000000 0.160000 0.000000
vt -0.860233 0.060000 0.000000
vt -0.000000 0.060000 0.000000
vt -0.860233 0.160000 0.000000
vt -0.000000 0.160000 0.000000
vt 0.310000 -10.797799 0.000000
vt 0.313246 -10.797798 0.000000
vt 0.569555 -10.711243 0.000000
vt 0.570000 -10.712214 0.000000
vt 0.570000 -8.808091 0.000000
vt 0.310000 -10.997799 0.000000
vt 0.313246 -10.997798 0.000000
vt 1.270000 -8.308091 0.000000
vt 1.269708 -8.307799 0.000000
vt 0.569555 -8.807833 0.000000
vt 1.269708 -5.490277 0.000000
vt 1.270000 -5.488494 0.000000
vt 0.726044 -5.030378 0.000000
vt 0.726044 -3.811315 0.000000
vt 0.725500 -3.810330 0.000000
vt 0.725500 -5.032264 0.000000
vt 1.850000 -3.359548 0.000000
vt 1.850000 -3.357799 0.000000
vt 1.273013 1.120000 0.000000
vt 0.000000 1.120000 0.000000
vt 1.273013 0.000000 0.000000
vt 0.000000 0.000000 0.000000
vt 0.928994 1.120000 0.000000
vt 0.000000 1.120000 0.000000
vt 0.928994 0.000000 0.000000
vt 0.000000 0.000000 0.000000
vt 2.300000 1.120000 0.000000
vt 0.000000 1.120000 0.000000
vt 2.300000 0.000000 0.000000
vt 0.000000 0.000000 0.000000
vt 1.850000 1.120000 0.000000
vt 0.000000 1.120000 0.000000
vt 1.850000 0.000000 0.000000
vt 0.000000 0.000000 0.000000
vt -0.100000 1.060000 0.000000
vt -1.169000 1.060000 0.000000
vt -0.100000 0.000000 0.000000
vt -1.169000 0.000000 0.000000
vt -1.742792 1.060000 0.000000
vt -1.989708 1.060000 0.000000
vt -1.742792 0.000000 0.000000
vt -2.000000 0.000000 0.000000
vt -2.000000 1.100000 0.000000
vt -1.989708 1.120000 0.000000
vt -2.500000 1.800000 0.000000
vt -2.489708 1.820000 0.000000
vt -5.309304 1.820000 0.000000
vt -5.300000 1.800000 0.000000
vt -5.767420 1.276044 0.000000
vt -5.758116 1.256044 0.000000
vt -6.986484 1.276044 0.000000
vt -7.000000 1.256044 0.000000
vt -7.459806 2.400000 0.000000
vt -7.438251 2.400000 0.000000
vt -5.079000 1.060000 0.000000
vt -7.200000 1.060000 0.000000
vt -5.079000 0.000000 0.000000
vt -7.200000 0.000000 0.000000
vt -1.850000 1.060000 0.000000
vt -1.850000 0.000000 0.000000
vt 0.039708 1.060000 0.000000
vt 0.050000 0.000000 0.000000
vt 0.050000 1.100000 0.000000
vt 0.039708 1.120000 0.000000
vt 0.100000 1.170000 0.000000
vt 0.100000 1.204409 0.000000
vt 0.100000 1.204409 0.000000
vt -2.400000 1.204409 0.000000
vt 0.100000 1.170000 0.000000
vt -2.400000 1.170000 0.000000
vt -1.889708 1.120000 0.000000
vt -1.900000 1.100000 0.000000
vt -1.889708 1.060000 0.000000
vt -1.900000 0.000000 0.000000
vt -1.050000 0.000000 0.000000
vt -1.950000 1.204409 0.000000
vt -1.950000 1.170000 0.000000
vt -1.050000 1.060000 0.000000
vt 0.100000 1.060000 0.000000
vt -1.310000 1.060000 0.000000
vt 0.100000 0.000000 0.000000
vt -1.310000 0.000000 0.000000
vt -10.470903 1.060000 0.000000
vt -10.470903 0.000000 0.000000
vt -8.581195 1.060000 0.000000
vt -8.570903 0.000000 0.000000
vt -8.570903 1.100000 0.000000
vt -8.581195 1.120000 0.000000
vt -8.070903 1.800000 0.000000
vt -8.081195 1.820000 0.000000
vt -5.261598 1.820000 0.000000
vt -5.270903 1.800000 0.000000
vt -4.803483 1.276044 0.000000
vt -4.812787 1.256044 0.000000
vt -3.584419 1.276044 0.000000
vt -3.570903 1.256044 0.000000
vt -3.111097 2.400000 0.000000
vt -3.132652 2.400000 0.000000
vt 0.021005 1.060000 0.000000
vt -1.028994 1.060000 0.000000
vt 0.021005 0.000000 0.000000
vt -1.028994 0.000000 0.000000
vt 1.273013 1.120000 0.000000
vt 0.000000 1.120000 0.000000
vt 1.273013 0.000000 0.000000
vt 0.000000 0.000000 0.000000
vt 0.928994 1.120000 0.000000
vt 0.000000 1.120000 0.000000
vt 0.928994 0.000000 0.000000
vt 0.000000 0.000000 0.000000
vt 2.300000 1.120000 0.000000
vt 0.000000 1.120000 0.000000
vt 2.300000 0.000000 0.000000
vt 0.000000 0.000000 0.000000
vt 1.850000 1.120000 0.000000
vt 0.000000 1.120000 0.000000
vt 1.850000 0.000000 0.000000
vt 0.000000 0.000000 0.000000
vn 1.000000 -0.000000 -0.000000
vn 1.000000 -0.000000 -0.000000
vn 1.000000 -0.000000 -0.000000
vn 1.000000 -0.000000 -0.000000
vn 1.000000 -0.000000 -0.000000
vn 1.000000 -0.000000 -0.000000
vn 1.000000 -0.000000 -0.000000
vn 1.000000 -0.000000 -0.000000
vn 0.000000 0.764878 0.644175
vn 0.000000 0.764878 0.644175
vn 0.000000 0.764878 0.644175
vn 0.000000 0.764878 0.644175
vn 0.000000 0.764878 0.644175
vn 0.000000 0.764878 0.644175
vn 0.000000 0.000000 1.000000
vn 0.000000 0.000000 1.000000
vn 0.000000 0.000000 1.000000
vn 0.000000 0.000000 1.000000
vn -0.000000 -0.927698 0.373332
vn -0.000000 -0.927698 0.373332
vn -0.000000 -0.927698 0.373332
vn -0.000000 -0.927698 0.373332
vn -0.000000 0.000020 -1.000000
vn -0.000000 0.000020 -1.000000
vn -0.000000 0.000020 -1.000000
vn -0.000000 0.000020 -1.000000
vn -0.000000 0.927854 -0.372945
vn -0.000000 0.927854 -0.372945
vn -0.000000 0.927854 -0.372945
vn -0.000000 0.927854 -0.372945
vn -0.000000 0.000000 -1.000000
vn -0.000000 0.000000 -1.000000
vn -0.000000 0.000000 -1.000000
vn -0.000000 0.000000 -1.000000
vn 0.000000 0.765096 0.643916
vn 0.000000 0.765096 0.643916
vn 0.000000 0.765096 0.643916
vn 0.000000 0.765096 0.643916
vn -0.000000 -0.000000 1.000000
vn -0.000000 -0.000000 1.000000
vn -0.000000 -0.000000 1.000000
vn -0.000000 -0.000000 1.000000
vn 0.000000 -0.929727 0.368251
vn 0.000000 -0.929727 0.368251
vn 0.000000 -0.929727 0.368251
vn 0.000000 -0.929727 0.368251
vn 0.000000 -0.929727 0.368251
vn 0.000000 -0.929727 0.368251
vn 0.000000 -0.929727 0.368251
vn 0.000000 -0.929727 0.368251
vn 1.000000 0.000000 0.000000
vn 1.000000 0.000000 0.000000
vn 1.000000 0.000000 0.000000
vn 1.000000 0.000000 0.000000
vn 1.000000 0.000000 0.000000
vn 1.000000 0.000000 0.000000
vn 1.000000 0.000000 0.000000
vn 1.000000 0.000000 0.000000
vn 1.000000 0.000000 0.000000
vn 1.000000 0.000000 0.000000
vn 1.000000 0.000000 0.000000
vn 1.000000 0.000000 0.000000
vn 1.000000 0.000000 0.000000
vn 1.000000 0.000000 0.000000
vn 1.000000 0.000000 0.000000
vn 1.000000 0.000000 0.000000
vn 1.000000 0.000000 0.000000
vn 1.000000 0.000000 0.000000
vn 1.000000 0.000000 0.000000
vn -0.693912 -0.135962 0.707107
vn -0.707107 0.000000 0.707107
vn -0.707107 0.000000 0.707107
vn -0.694050 0.135255 0.707107
vn -0.683013 0.183013 0.707107
vn -0.654091 0.268634 0.707107
vn -0.612372 0.353553 0.707107
vn -0.589030 0.391209 0.707107
vn -0.500000 0.500000 0.707107
vn -0.504237 0.495726 0.707107
vn -0.401987 0.581727 0.707107
vn -0.353553 0.612372 0.707107
vn -0.281940 0.648467 0.707107
vn -0.183013 0.683013 0.707107
vn -0.151138 0.690766 0.707107
vn -0.000000 0.707107 0.707107
vn -0.017962 0.706879 0.707107
vn 0.114423 0.697787 0.707107
vn 0.183013 0.683013 0.707107
vn 0.246966 0.662577 0.707107
vn 0.353553 0.612372 0.707107
vn 0.370946 0.601996 0.707107
vn 0.478906 0.520240 0.707107
vn 0.500000 0.500000 0.707107
vn 0.568225 0.420857 0.707107
vn 0.612372 0.353553 0.707107
vn 0.639443 0.301848 0.707107
vn 0.683013 0.183013 0.707107
vn 0.686405 0.169848 0.707107
vn 0.706315 0.033444 0.707107
vn 0.707107 0.000000 0.707107
vn 0.699666 -0.102308 0.707107
vn 0.683013 -0.183013 0.707107
vn 0.665352 -0.239387 0.707107
vn 0.612372 -0.353553 0.707107
vn 0.603701 -0.368164 0.707107
vn 0.519235 -0.479995 0.707107
vn 0.500000 -0.500000 0.707107
vn 0.415871 -0.571884 0.707107
vn 0.353553 -0.612372 0.707107
vn 0.291841 -0.644072 0.707107
vn 0.183013 -0.683013 0.707107
vn 0.154957 -0.689919 0.707107
vn -0.000000 -0.707107 0.707107
vn 0.015217 -0.706943 0.707107
vn -0.123675 -0.696207 0.707107
vn -0.183013 -0.683013 0.707107
vn -0.261935 -0.656803 0.707107
vn -0.353553 -0.612372 0.707107
vn -0.389323 -0.590278 0.707107
vn -0.500000 -0.500000 0.707107
vn -0.497426 -0.502561 0.707107
vn -0.585717 -0.396151 0.707107
vn -0.612372 -0.353553 0.707107
vn -0.653020 -0.271229 0.707107
vn -0.683013 -0.183013 0.707107
vn -0.694499 -0.132932 0.707107
vn -0.707107 0.000000 0.707107
vn -0.707107 0.000000 0.707107
vn -0.694554 0.132646 0.707107
vn -0.683013 0.183013 0.707107
vn -0.655970 0.264014 0.707107
vn -0.612372 0.353553 0.707107
vn -0.592713 0.385606 0.707107
vn -0.500000 0.500000 0.707107
vn -0.509475 0.490342 0.707107
vn -0.408744 0.576999 0.707107
vn -0.353553 0.612372 0.707107
vn -0.289413 0.645167 0.707107
vn -0.183013 0.683013 0.707107
vn -0.158265 0.689168 0.707107
vn -0.000000 0.707107 0.707107
vn -0.023663 0.706711 0.707107
vn 0.110549 0.698412 0.707107
vn 0.183013 0.683013 0.707107
vn 0.245680 0.663055 0.707107
vn 0.353553 0.612372 0.707107
vn 0.372372 0.601115 0.707107
vn 0.482413 0.516989 0.707107
vn 0.500000 0.500000 0.707107
vn 0.573170 0.414097 0.707107
vn 0.612372 0.353553 0.707107
vn 0.644594 0.290685 0.707107
vn 0.683013 0.183013 0.707107
vn 0.690054 0.154353 0.707107
vn 0.707107 0.000000 0.707107
vn 0.706950 0.014868 0.707107
vn 0.696113 -0.124205 0.707107
vn 0.683013 -0.183013 0.707107
vn 0.656383 -0.262986 0.707107
vn 0.612372 -0.353553 0.707107
vn 0.589157 -0.391017 0.707107
vn 0.500000 -0.500000 0.707107
vn 0.500393 -0.499607 0.707107
vn 0.392252 -0.588335 0.707107
vn 0.353553 -0.612372 0.707107
vn 0.265224 -0.655482 0.707107
vn 0.183013 -0.683013 0.707107
vn 0.127895 -0.695444 0.707107
vn -0.000000 -0.707107 0.707107
vn -0.009559 -0.707042 0.707107
vn -0.146779 -0.691705 0.707107
vn -0.183013 -0.683013 0.707107
vn -0.281190 -0.648793 0.707107
vn -0.353553 -0.612372 0.707107
vn -0.403615 -0.580599 0.707107
vn -0.500000 -0.500000 0.707107
vn -0.506716 -0.493193 0.707107
vn -0.591386 -0.387637 0.707107
vn -0.612372 -0.353553 0.707107
vn -0.655544 -0.265069 0.707107
vn -0.683013 -0.183013 0.707107
vn -0.694248 -0.134237 0.707107
vn -0.707107 0.000000 0.707107
vn -0.707107 0.000000 0.707107
vn -0.694192 0.134525 0.707107
vn -0.683013 0.183013 0.707107
vn -0.654304 0.268115 0.707107
vn -0.612372 0.353553 0.707107
vn -0.588753 0.391624 0.707107
vn -0.500000 0.500000 0.707107
vn -0.502632 0.497354 0.707107
vn -0.397722 0.584651 0.707107
vn -0.353553 0.612372 0.707107
vn -0.273745 0.651969 0.707107
vn -0.183013 0.683013 0.707107
vn -0.138407 0.693429 0.707107
vn -0.000000 0.707107 0.707107
vn -0.001203 0.707106 0.707107
vn 0.136296 0.693847 0.707107
vn 0.183013 0.683013 0.707107
vn 0.272721 0.652398 0.707107
vn 0.353553 0.612372 0.707107
vn 0.398161 0.584352 0.707107
vn 0.500000 0.500000 0.707107
vn 0.504410 0.495551 0.707107
vn 0.591663 0.387215 0.707107
vn 0.612372 0.353553 0.707107
vn 0.657459 0.260283 0.707107
vn 0.683013 0.183013 0.707107
vn 0.696302 0.123139 0.707107
vn 0.707107 0.000000 0.707107
vn 0.706964 -0.014206 0.707107
vn 0.690586 -0.151958 0.707107
vn 0.683013 -0.183013 0.707107
vn 0.646309 -0.286854 0.707107
vn 0.612372 -0.353553 0.707107
vn 0.576457 -0.409508 0.707107
vn 0.500000 -0.500000 0.707107
vn 0.487258 -0.512425 0.707107
vn 0.379064 -0.596918 0.707107
vn 0.353553 -0.612372 0.707107
vn 0.253780 -0.659997 0.707107
vn 0.183013 -0.683013 0.707107
vn 0.119319 -0.696967 0.707107
vn -0.000000 -0.707107 0.707107
vn -0.015033 -0.706947 0.707107
vn -0.149795 -0.691058 0.707107
vn -0.183013 -0.683013 0.707107
vn -0.281977 -0.648451 0.707107
vn -0.353553 -0.612372 0.707107
vn -0.402900 -0.581095 0.707107
vn -0.500000 -0.500000 0.707107
vn -0.505416 -0.494525 0.707107
vn -0.590101 -0.389590 0.707107
vn -0.612372 -0.353553 0.707107
vn -0.654739 -0.267052 0.707107
vn -0.683013 -0.183013 0.707107
vn -0.983286 0.182066 0.000000
vn -0.999948 -0.010191 -0.000000
vn -1.000000 -0.000000 -0.000000
vn -0.979359 -0.202130 -0.000000
vn -0.965926 -0.258819 -0.000000
vn -0.920096 -0.391694 -0.000000
vn -0.866025 -0.500000 -0.000000
vn -0.824447 -0.565939 -0.000000
vn -0.707107 -0.707107 -0.000000
vn -0.699926 -0.714216 -0.000000
vn -0.550059 -0.835126 -0.000000
vn -0.500000 -0.866025 -0.000000
vn -0.374112 -0.927383 -0.000000
vn -0.258819 -0.965926 -0.000000
vn -0.183042 -0.983105 -0.000000
vn 0.000000 -1.000000 0.000000
vn 0.010022 -0.999950 0.000000
vn 0.201660 -0.979456 0.000000
vn 0.258819 -0.965926 0.000000
vn 0.391590 -0.920140 0.000000
vn 0.500000 -0.866025 0.000000
vn 0.566176 -0.824284 0.000000
vn 0.707107 -0.707107 0.000000
vn 0.714220 -0.699922 0.000000
vn 0.835647 -0.549267 0.000000
vn 0.866025 -0.500000 0.000000
vn 0.927984 -0.372620 0.000000
vn 0.965926 -0.258819 0.000000
vn 0.983395 -0.181480 0.000000
vn 1.000000 -0.000000 0.000000
vn 0.999946 0.010347 0.000000
vn 0.979060 0.203570 0.000000
vn 0.965926 0.258819 0.000000
vn 0.919205 0.393779 0.000000
vn 0.866025 0.500000 0.000000
vn 0.823256 0.567670 0.000000
vn 0.707107 0.707107 0.000000
vn 0.699632 0.714504 0.000000
vn 0.547926 0.836527 0.000000
vn 0.500000 0.866025 0.000000
vn 0.371230 0.928541 0.000000
vn 0.258819 0.965926 0.000000
vn 0.180702 0.983538 0.000000
vn 0.000000 1.000000 0.000000
vn -0.010419 0.999946 0.000000
vn -0.203761 0.979021 0.000000
vn -0.258819 0.965926 0.000000
vn -0.393554 0.919302 0.000000
vn -0.500000 0.866025 0.000000
vn -0.567222 0.823565 0.000000
vn -0.707107 0.707107 0.000000
vn -0.714316 0.699824 0.000000
vn -0.835913 0.548862 0.000000
vn -0.866025 0.500000 0.000000
vn -0.927949 0.372708 0.000000
vn -0.965926 0.258819 0.000000
vn 0.965926 0.258819 0.000000
vn 0.993624 0.112747 0.000000
vn 1.000000 0.000000 0.000000
vn 0.989353 -0.145537 -0.000000
vn 0.965926 -0.258819 -0.000000
vn 0.919063 -0.394110 -0.000000
vn 0.866025 -0.500000 -0.000000
vn 0.787445 -0.616385 -0.000000
vn 0.707107 -0.707107 -0.000000
vn 0.603281 -0.797528 -0.000000
vn 0.500000 -0.866025 -0.000000
vn 0.378861 -0.925453 -0.000000
vn 0.258819 -0.965926 -0.000000
vn 0.129160 -0.991624 -0.000000
vn -0.000000 -1.000000 -0.000000
vn -0.129160 -0.991624 -0.000000
vn -0.258819 -0.965926 -0.000000
vn -0.378861 -0.925453 -0.000000
vn -0.500000 -0.866025 -0.000000
vn -0.603281 -0.797528 -0.000000
vn -0.707107 -0.707107 -0.000000
vn -0.787445 -0.616385 -0.000000
vn -0.866025 -0.500000 -0.000000
vn -0.919063 -0.394110 -0.000000
vn -0.965926 -0.258819 -0.000000
vn -0.989353 -0.145537 -0.000000
vn -1.000000 0.000000 -0.000000
vn -0.993624 0.112747 -0.000000
vn -0.965926 0.258819 -0.000000
vn -0.931591 0.363509 -0.000000
vn -0.866025 0.500000 -0.000000
vn -0.807394 0.590013 -0.000000
vn -0.707107 0.707107 -0.000000
vn -0.629320 0.777147 -0.000000
vn -0.500000 0.866025 -0.000000
vn -0.409252 0.912422 -0.000000
vn -0.409252 0.912422 -0.000000
vn 0.931591 0.363509 0.000000
vn 0.866025 0.500000 0.000000
vn 0.807394 0.590013 0.000000
vn 0.707107 0.707107 0.000000
vn 0.629320 0.777147 0.000000
vn 0.500000 0.866025 0.000000
vn 0.409252 0.912422 0.000000
vn 0.409252 0.912422 0.000000
vn 0.258819 0.965926 0.000000
vn 0.209259 0.977860 0.000000
vn -0.000000 1.000000 -0.000000
vn -0.000000 1.000000 -0.000000
vn -0.209259 0.977860 -0.000000
vn -0.258819 0.965926 -0.000000
vn -0.000000 -0.000000 -1.000000
vn -0.000000 -0.000000 -1.000000
vn -0.000000 -0.000000 -1.000000
vn -0.000000 -0.000000 -1.000000
vn -0.000000 -0.000000 -1.000000
vn -0.000000 -0.000000 -1.000000
vn -0.000000 -0.000000 -1.000000
vn -0.000000 -0.000000 -1.000000
vn -0.000000 -0.000000 -1.000000
vn -0.000000 -0.000000 -1.000000
vn -0.000000 -0.000000 -1.000000
vn -0.000000 -0.000000 -1.000000
vn -0.000000 -0.000000 -1.000000
vn -0.000000 -0.000000 -1.000000
vn -0.000000 -0.000000 -1.000000
vn -0.000000 -0.000000 -1.000000
vn -0.000000 -0.000000 -1.000000
vn -0.000000 -0.000000 -1.000000
vn -0.000000 -0.000000 -1.000000
vn -0.000000 -0.000000 -1.000000
vn -0.000000 -0.000000 -1.000000
vn -0.000000 -0.000000 -1.000000
vn -0.000000 -0.000000 -1.000000
vn -0.000000 -0.000000 -1.000000
vn -0.000000 -0.000000 -1.000000
vn -0.000000 -0.000000 -1.000000
vn -0.000000 -0.000000 -1.000000
vn -0.000000 -0.000000 -1.000000
vn -0.000000 -0.000000 -1.000000
vn -0.000000 -0.000000 -1.000000
vn -0.000000 -0.000000 -1.000000
vn -0.000000 -0.000000 -1.000000
vn -0.000000 -0.000000 -1.000000
vn -0.000000 -0.000000 -1.000000
vn -0.000000 -0.000000 -1.000000
vn -0.000000 -0.000000 -1.000000
vn -0.000000 -0.000000 -1.000000
vn -0.000000 -0.000000 -1.000000
vn -0.000000 -0.000000 -1.000000
vn -0.000000 -0.000000 -1.000000
vn -0.000000 -0.000000 -1.000000
vn -0.000000 -0.000000 -1.000000
vn -0.000000 -0.000000 -1.000000
vn -0.000000 -0.000000 -1.000000
vn -0.000000 -0.000000 -1.000000
vn -0.000000 -0.000000 -1.000000
vn -0.000000 -0.000000 -1.000000
vn -0.000000 -0.000000 -1.000000
vn 0.000000 0.000000 -1.000000
vn 0.000000 0.000000 -1.000000
vn 0.000000 0.000000 -1.000000
vn 0.000000 0.000000 -1.000000
vn 0.000000 0.000000 -1.000000
vn 0.000000 0.000000 -1.000000
vn 0.000000 0.000000 -1.000000
vn 0.000000 0.000000 -1.000000
vn 0.000000 0.000000 -1.000000
vn 0.000000 0.000000 -1.000000
vn 0.000000 0.000000 -1.000000
vn 0.000000 0.000000 -1.000000
vn 0.000000 0.000000 -1.000000
vn 0.000000 0.000000 -1.000000
vn 0.000000 0.000000 -1.000000
vn 0.000000 0.000000 -1.000000
vn 0.000000 0.000000 -1.000000
vn 0.000000 0.000000 -1.000000
vn 0.000000 0.000000 -1.000000
vn 0.000000 0.000000 -1.000000
vn 0.000000 0.000000 -1.000000
vn 0.000000 0.000000 -1.000000
vn 0.000000 0.000000 -1.000000
vn 0.000000 0.000000 -1.000000
vn 0.000000 0.000000 -1.000000
vn 0.000000 0.000000 -1.000000
vn 0.000000 0.000000 -1.000000
vn 0.000000 0.000000 -1.000000
vn 0.000000 0.000000 -1.000000
vn 0.000000 0.000000 -1.000000
vn 0.000000 0.000000 -1.000000
vn 0.000000 0.000000 -1.000000
vn 0.000000 0.000000 -1.000000
vn 0.000000 0.000000 -1.000000
vn 0.000000 0.000000 -1.000000
vn 0.000000 0.000000 -1.000000
vn 0.000000 0.000000 -1.000000
vn 0.000000 0.000000 -1.000000
vn 0.000000 0.000000 -1.000000
vn 0.000000 0.000000 -1.000000
vn 0.000000 0.000000 -1.000000
vn 0.000000 0.000000 -1.000000
vn 0.000000 0.000000 -1.000000
vn 0.000000 0.000000 -1.000000
vn 0.000000 0.000000 -1.000000
vn 0.000000 0.000000 -1.000000
vn 0.000000 0.000000 -1.000000
vn 0.000000 0.000000 -1.000000
vn 0.000000 0.000000 -1.000000
vn 0.000000 0.000000 -1.000000
vn 0.000000 0.000000 -1.000000
vn 0.000000 0.000000 -1.000000
vn 0.000000 0.000000 -1.000000
vn 0.000000 0.000000 -1.000000
vn 0.000000 0.000000 -1.000000
vn 0.000000 0.000000 -1.000000
vn 0.000000 0.000000 -1.000000
vn 0.000000 0.000000 -1.000000
vn 0.000000 0.000000 -1.000000
vn 0.000000 0.000000 -1.000000
vn -0.000000 -1.000000 -0.000000
vn -0.000000 -1.000000 -0.000000
vn -0.000000 -1.000000 -0.000000
vn -0.000000 -1.000000 -0.000000
vn -0.979409 0.201885 0.000000
vn -0.999951 0.009858 0.000000
vn -1.000000 0.000000 0.000000
vn -0.983211 -0.182472 -0.000000
vn -0.965926 -0.258819 -0.000000
vn -0.927738 -0.373232 -0.000000
vn -0.866025 -0.500000 -0.000000
vn -0.835571 -0.549382 -0.000000
vn -0.707107 -0.707107 -0.000000
vn -0.714072 -0.700073 -0.000000
vn -0.566635 -0.823969 -0.000000
vn -0.500000 -0.866025 -0.000000
vn -0.392705 -0.919665 -0.000000
vn -0.258819 -0.965926 -0.000000
vn -0.202893 -0.979201 -0.000000
vn 0.000000 -1.000000 0.000000
vn -0.009978 -0.999950 -0.000000
vn 0.181538 -0.983384 0.000000
vn 0.258819 -0.965926 0.000000
vn 0.372179 -0.928161 0.000000
vn 0.500000 -0.866025 0.000000
vn 0.548672 -0.836038 0.000000
vn 0.707107 -0.707107 0.000000
vn 0.699968 -0.714174 0.000000
vn 0.823657 -0.567088 0.000000
vn 0.866025 -0.500000 0.000000
vn 0.919480 -0.393137 0.000000
vn 0.965926 -0.258819 0.000000
vn 0.979165 -0.203068 0.000000
vn 1.000000 -0.000000 0.000000
vn 0.999950 -0.010005 0.000000
vn 0.983349 0.181730 0.000000
vn 0.965926 0.258819 0.000000
vn 0.927960 0.372679 0.000000
vn 0.866025 0.500000 0.000000
vn 0.835666 0.549239 0.000000
vn 0.707107 0.707107 0.000000
vn 0.714060 0.700084 0.000000
vn 0.566345 0.824169 0.000000
vn 0.500000 0.866025 0.000000
vn 0.391953 0.919985 0.000000
vn 0.258819 0.965926 0.000000
vn 0.201948 0.979396 0.000000
vn 0.000000 1.000000 0.000000
vn 0.009809 0.999952 0.000000
vn -0.182770 0.983156 0.000000
vn -0.258819 0.965926 0.000000
vn -0.373803 0.927508 0.000000
vn -0.500000 0.866025 0.000000
vn -0.549954 0.835195 0.000000
vn -0.707107 0.707107 0.000000
vn -0.700133 0.714013 0.000000
vn -0.824461 0.565919 0.000000
vn -0.866025 0.500000 0.000000
vn -0.920131 0.391611 0.000000
vn -0.965926 0.258819 0.000000
vn 0.965926 0.258819 0.000000
vn 0.998173 0.060415 0.000000
vn 1.000000 0.000000 0.000000
vn 0.981908 -0.189360 -0.000000
vn 0.965926 -0.258819 -0.000000
vn 0.904124 -0.427270 -0.000000
vn 0.866025 -0.500000 -0.000000
vn 0.769696 -0.638411 -0.000000
vn 0.707107 -0.707107 -0.000000
vn 0.587044 -0.809555 -0.000000
vn 0.500000 -0.866025 -0.000000
vn 0.367614 -0.929979 -0.000000
vn 0.258819 -0.965926 -0.000000
vn 0.125152 -0.992138 -0.000000
vn -0.000000 -1.000000 -0.000000
vn -0.125152 -0.992138 -0.000000
vn -0.258819 -0.965926 -0.000000
vn -0.367614 -0.929979 -0.000000
vn -0.500000 -0.866025 -0.000000
vn -0.587044 -0.809555 -0.000000
vn -0.707107 -0.707107 -0.000000
vn -0.769696 -0.638411 -0.000000
vn -0.866025 -0.500000 -0.000000
vn -0.904124 -0.427270 -0.000000
vn -0.965926 -0.258819 -0.000000
vn -0.981908 -0.189360 -0.000000
vn -1.000000 0.000000 -0.000000
vn -0.998173 0.060415 -0.000000
vn -0.965926 0.258819 -0.000000
vn -0.951902 0.306404 -0.000000
vn -0.866025 0.500000 -0.000000
vn -0.845992 0.533196 -0.000000
vn -0.707107 0.707107 -0.000000
vn -0.687079 0.726583 -0.000000
vn -0.500000 0.866025 -0.000000
vn -0.485120 0.874448 -0.000000
vn -0.258819 0.965926 -0.000000
vn -0.252767 0.967527 -0.000000
vn -0.252767 0.967527 -0.000000
vn 0.951902 0.306404 0.000000
vn 0.866025 0.500000 0.000000
vn 0.845992 0.533196 0.000000
vn 0.707107 0.707107 0.000000
vn 0.687079 0.726583 0.000000
vn 0.500000 0.866025 0.000000
vn 0.485120 0.874448 0.000000
vn 0.258819 0.965926 0.000000
vn 0.252767 0.967527 0.000000
vn 0.252767 0.967527 0.000000
vn 0.085077 0.996374 0.000000
vn -0.000000 1.000000 -0.000000
vn -0.085077 0.996374 -0.000000
vn -0.000000 -0.000000 -1.000000
vn -0.000000 -0.000000 -1.000000
vn -0.000000 -0.000000 -1.000000
vn -0.000000 -0.000000 -1.000000
vn -0.000000 -0.000000 -1.000000
vn -0.000000 -0.000000 -1.000000
vn -0.000000 -0.000000 -1.000000
vn -0.000000 -0.000000 -1.000000
vn -0.000000 -0.000000 -1.000000
vn -0.000000 -0.000000 -1.000000
vn -0.000000 -0.000000 -1.000000
vn -0.000000 -0.000000 -1.000000
vn -0.000000 -0.000000 -1.000000
vn -0.000000 -0.000000 -1.000000
vn -0.000000 -0.000000 -1.000000
vn -0.000000 -0.000000 -1.000000
vn -0.000000 -0.000000 -1.000000
vn -0.000000 -0.000000 -1.000000
vn -0.000000 -0.000000 -1.000000
vn -0.000000 -0.000000 -1.000000
vn -0.000000 -0.000000 -1.000000
vn -0.000000 -0.000000 -1.000000
vn -0.000000 -0.000000 -1.000000
vn -0.000000 -0.000000 -1.000000
vn -0.000000 -0.000000 -1.000000
vn -0.000000 -0.000000 -1.000000
vn -0.000000 -0.000000 -1.000000
vn -0.000000 -0.000000 -1.000000
vn -0.000000 -0.000000 -1.000000
vn -0.000000 -0.000000 -1.000000
vn -0.000000 -0.000000 -1.000000
vn -0.000000 -0.000000 -1.000000
vn -0.000000 -0.000000 -1.000000
vn -0.000000 -0.000000 -1.000000
vn -0.000000 -0.000000 -1.000000
vn -0.000000 -0.000000 -1.000000
vn -0.000000 -0.000000 -1.000000
vn -0.000000 -0.000000 -1.000000
vn -0.000000 -0.000000 -1.000000
vn -0.000000 -0.000000 -1.000000
vn -0.000000 -0.000000 -1.000000
vn -0.000000 -0.000000 -1.000000
vn -0.000000 -0.000000 -1.000000
vn -0.000000 -0.000000 -1.000000
vn -0.000000 -0.000000 -1.000000
vn -0.000000 -0.000000 -1.000000
vn -0.000000 -0.000000 -1.000000
vn -0.000000 -0.000000 -1.000000
vn -0.000000 -1.000000 -0.000000
vn -0.000000 -1.000000 -0.000000
vn -0.000000 -1.000000 -0.000000
vn -0.000000 -1.000000 -0.000000
vn -0.985581 0.169205 0.000000
vn -0.999728 -0.023337 -0.000000
vn -1.000000 -0.000000 -0.000000
vn -0.976576 -0.215173 -0.000000
vn -0.965926 -0.258819 -0.000000
vn -0.914646 -0.404255 -0.000000
vn -0.866025 -0.500000 -0.000000
vn -0.816545 -0.577282 -0.000000
vn -0.707107 -0.707107 -0.000000
vn -0.690438 -0.723392 -0.000000
vn -0.538077 -0.842895 -0.000000
vn -0.500000 -0.866025 -0.000000
vn -0.360254 -0.932854 -0.000000
vn -0.258819 -0.965926 -0.000000
vn -0.168490 -0.985703 -0.000000
vn 0.000000 -1.000000 0.000000
vn 0.023481 -0.999724 0.000000
vn 0.216497 -0.976283 0.000000
vn 0.258819 -0.965926 0.000000
vn 0.405986 -0.913879 0.000000
vn 0.500000 -0.866025 0.000000
vn 0.578599 -0.815612 0.000000
vn 0.707107 -0.707107 0.000000
vn 0.723724 -0.690090 0.000000
vn 0.843906 -0.536491 0.000000
vn 0.866025 -0.500000 0.000000
vn 0.933589 -0.358347 0.000000
vn 0.965926 -0.258819 0.000000
vn 0.985932 -0.167150 0.000000
vn 1.000000 -0.000000 0.000000
vn 0.999715 0.023882 0.000000
vn 0.976046 0.217566 0.000000
vn 0.965926 0.258819 0.000000
vn 0.913546 0.406736 0.000000
vn 0.866025 0.500000 0.000000
vn 0.815464 0.578807 0.000000
vn 0.707107 0.707107 0.000000
vn 0.690133 0.723682 0.000000
vn 0.536755 0.843738 0.000000
vn 0.500000 0.866025 0.000000
vn 0.359045 0.933320 0.000000
vn 0.258819 0.965926 0.000000
vn 0.167944 0.985797 0.000000
vn 0.000000 1.000000 0.000000
vn -0.023532 0.999723 0.000000
vn -0.216262 0.976335 0.000000
vn -0.258819 0.965926 0.000000
vn -0.405174 0.914240 0.000000
vn -0.500000 0.866025 0.000000
vn -0.577709 0.816243 0.000000
vn -0.707107 0.707107 0.000000
vn -0.723476 0.690350 0.000000
vn -0.842881 0.538100 0.000000
vn -0.866025 0.500000 0.000000
vn -0.932673 0.360722 0.000000
vn -0.965926 0.258819 0.000000
vn 0.965926 0.258819 0.000000
vn 0.974264 0.225408 0.000000
vn 1.000000 0.000000 0.000000
vn 1.000000 0.000000 0.000000
vn 0.974264 -0.225408 -0.000000
vn 0.898382 0.439215 0.000000
vn 0.866025 0.500000 0.000000
vn 0.898382 0.439215 0.000000
vn 0.757960 0.652301 0.000000
vn 0.707107 0.707107 0.000000
vn 0.568176 0.822907 0.000000
vn 0.500000 0.866025 0.000000
vn 0.341390 0.939922 0.000000
vn 0.258819 0.965926 0.000000
vn 0.092371 0.995725 0.000000
vn -0.000000 1.000000 -0.000000
vn -0.162663 0.986682 -0.000000
vn -0.258819 0.965926 -0.000000
vn -0.407104 0.913382 -0.000000
vn -0.500000 0.866025 -0.000000
vn -0.625033 0.780598 -0.000000
vn -0.707107 0.707107 -0.000000
vn -0.802257 0.596979 -0.000000
vn -0.866025 0.500000 -0.000000
vn -0.927234 0.374482 -0.000000
vn -0.965926 0.258819 -0.000000
vn -0.991826 0.127597 -0.000000
vn -1.000000 0.000000 -0.000000
vn -0.991826 -0.127597 -0.000000
vn -0.965926 -0.258819 -0.000000
vn -0.927234 -0.374482 -0.000000
vn -0.866025 -0.500000 -0.000000
vn -0.802257 -0.596979 -0.000000
vn -0.707107 -0.707107 -0.000000
vn -0.625033 -0.780598 -0.000000
vn -0.500000 -0.866025 -0.000000
vn -0.407104 -0.913382 -0.000000
vn -0.258819 -0.965926 -0.000000
vn -0.162663 -0.986682 -0.000000
vn -0.000000 -1.000000 -0.000000
vn 0.092371 -0.995725 -0.000000
vn 0.258819 -0.965926 -0.000000
vn 0.341390 -0.939922 -0.000000
vn 0.500000 -0.866025 -0.000000
vn 0.568176 -0.822907 -0.000000
vn 0.707107 -0.707107 -0.000000
vn 0.757960 -0.652301 -0.000000
vn 0.866025 -0.500000 -0.000000
vn 0.898382 -0.439215 -0.000000
vn 0.898382 -0.439215 -0.000000
vn 0.965926 -0.258819 -0.000000
vn -0.000000 -0.000000 -1.000000
vn -0.000000 -0.000000 -1.000000
vn -0.000000 -0.000000 -1.000000
vn -0.000000 -0.000000 -1.000000
vn -0.000000 -0.000000 -1.000000
vn -0.000000 -0.000000 -1.000000
vn -0.000000 -0.000000 -1.000000
vn -0.000000 -0.000000 -1.000000
vn -0.000000 -0.000000 -1.000000
vn -0.000000 -0.000000 -1.000000
vn -0.000000 -0.000000 -1.000000
vn -0.000000 -0.000000 -1.000000
vn -0.000000 -0.000000 -1.000000
vn -0.000000 -0.000000 -1.000000
vn -0.000000 -0.000000 -1.000000
vn -0.000000 -0.000000 -1.000000
vn -0.000000 -0.000000 -1.000000
vn -0.000000 -0.000000 -1.000000
vn -0.000000 -0.000000 -1.000000
vn -0.000000 -0.000000 -1.000000
vn -0.000000 -0.000000 -1.000000
vn -0.000000 -0.000000 -1.000000
vn -0.000000 -0.000000 -1.000000
vn -0.000000 -0.000000 -1.000000
vn -0.000000 -0.000000 -1.000000
vn -0.000000 -0.000000 -1.000000
vn -0.000000 -0.000000 -1.000000
vn -0.000000 -0.000000 -1.000000
vn -0.000000 -0.000000 -1.000000
vn -0.000000 -0.000000 -1.000000
vn -0.000000 -0.000000 -1.000000
vn -0.000000 -0.000000 -1.000000
vn -0.000000 -0.000000 -1.000000
vn -0.000000 -0.000000 -1.000000
vn -0.000000 -0.000000 -1.000000
vn -0.000000 -0.000000 -1.000000
vn -0.000000 -0.000000 -1.000000
vn -0.000000 -0.000000 -1.000000
vn -0.000000 -0.000000 -1.000000
vn -0.000000 -0.000000 -1.000000
vn -0.000000 -0.000000 -1.000000
vn -0.000000 -0.000000 -1.000000
vn -0.000000 -0.000000 -1.000000
vn -0.000000 -0.000000 -1.000000
vn -0.000000 -0.000000 -1.000000
vn -0.000000 -0.000000 -1.000000
vn -0.000000 -0.000000 -1.000000
vn -0.000000 -0.000000 -1.000000
vn -1.000000 -0.000000 0.000000
vn -1.000000 -0.000000 0.000000
vn -1.000000 -0.000000 0.000000
vn -1.000000 -0.000000 0.000000
vn 0.000000 0.000000 -1.000000
vn 0.000000 0.000000 -1.000000
vn 0.000000 0.000000 -1.000000
vn 0.000000 0.000000 -1.000000
vn 0.000000 0.000000 -1.000000
vn 0.000000 0.000000 -1.000000
vn 0.000000 0.000000 -1.000000
vn 0.000000 0.000000 -1.000000
vn 0.000000 0.000000 -1.000000
vn 0.000000 0.000000 -1.000000
vn 0.000000 0.000000 -1.000000
vn 0.000000 0.000000 -1.000000
vn 0.000000 0.000000 -1.000000
vn 0.000000 0.000000 -1.000000
vn 0.000000 0.000000 -1.000000
vn 0.000000 0.000000 -1.000000
vn 0.000000 0.000000 -1.000000
vn 0.000000 0.000000 -1.000000
vn 0.000000 0.000000 -1.000000
vn 0.000000 0.000000 -1.000000
vn 0.000000 0.000000 -1.000000
vn 0.000000 0.000000 -1.000000
vn 0.000000 0.000000 -1.000000
vn 0.000000 0.000000 -1.000000
vn 0.000000 0.000000 -1.000000
vn 0.000000 0.000000 -1.000000
vn -1.000000 0.000000 0.000000
vn -1.000000 0.000000 0.000000
vn -1.000000 0.000000 0.000000
vn -1.000000 0.000000 0.000000
vn -1.000000 0.000000 0.000000
vn -1.000000 0.000000 0.000000
vn -1.000000 0.000000 0.000000
vn -1.000000 0.000000 0.000000
vn -1.000000 0.000000 0.000000
vn -1.000000 0.000000 0.000000
vn -1.000000 0.000000 0.000000
vn -1.000000 0.000000 0.000000
vn -1.000000 0.000000 0.000000
vn -1.000000 0.000000 0.000000
vn -1.000000 0.000000 0.000000
vn -1.000000 0.000000 0.000000
vn -1.000000 0.000000 0.000000
vn -1.000000 0.000000 0.000000
vn -1.000000 0.000000 0.000000
vn -1.000000 0.000000 0.000000
vn -1.000000 0.000000 0.000000
vn -1.000000 0.000000 0.000000
vn -1.000000 0.000000 0.000000
vn -1.000000 0.000000 0.000000
vn 0.000000 0.927854 -0.372945
vn 0.000000 0.927854 -0.372945
vn 0.000000 0.927854 -0.372945
vn 0.000000 0.927854 -0.372945
vn 0.000000 0.927854 -0.372945
vn 0.000000 0.927854 -0.372945
vn 0.000000 0.927854 -0.372945
vn 0.000000 0.927854 -0.372945
vn -0.000000 -0.961524 -0.274721
vn -0.000000 -0.961524 -0.274721
vn -0.000000 -0.961524 -0.274721
vn -0.000000 -0.961524 -0.274721
vn 0.000000 0.000000 -1.000000
vn 0.000000 0.000000 -1.000000
vn 0.000000 0.000000 -1.000000
vn 0.000000 0.000000 -1.000000
vn 0.000000 0.000000 -1.000000
vn 0.000000 0.000000 -1.000000
vn 0.000000 0.000000 -1.000000
vn 0.000000 0.000000 -1.000000
vn 0.000000 0.000000 -1.000000
vn 0.000000 0.000000 -1.000000
vn 0.000000 0.000000 -1.000000
vn 0.000000 0.000000 -1.000000
vn 0.000000 0.000000 -1.000000
vn 0.000000 0.000000 -1.000000
vn 0.000000 0.000000 -1.000000
vn 0.000000 0.000000 -1.000000
vn 0.000000 0.961524 0.274721
vn 0.000000 0.961524 0.274721
vn 0.000000 0.961524 0.274721
vn 0.000000 0.961524 0.274721
vn 0.000000 0.961524 0.274721
vn 0.000000 0.961524 0.274721
vn 0.000000 0.961524 0.274721
vn 0.000000 0.961524 0.274721
vn -1.000000 -0.000000 -0.000000
vn -1.000000 -0.000000 -0.000000
vn -1.000000 -0.000000 -0.000000
vn -1.000000 -0.000000 -0.000000
vn -1.000000 -0.000000 -0.000000
vn -1.000000 -0.000000 -0.000000
vn -1.000000 -0.000000 -0.000000
vn -1.000000 -0.000000 -0.000000
vn -1.000000 -0.000000 -0.000000
vn -1.000000 -0.000000 -0.000000
vn -1.000000 -0.000000 -0.000000
vn -1.000000 -0.000000 -0.000000
vn -1.000000 -0.000000 -0.000000
vn -1.000000 -0.000000 -0.000000
vn -1.000000 -0.000000 -0.000000
vn -0.000000 0.000000 1.000000
vn -0.000000 0.000000 1.000000
vn -0.000000 0.000000 1.000000
vn -0.000000 0.000000 1.000000
vn -0.000000 0.964590 0.263755
vn -0.000000 0.964590 0.263755
vn -0.000000 0.964590 0.263755
vn -0.000000 0.964590 0.263755
vn -0.000000 0.964590 0.263755
vn -0.000000 0.964590 0.263755
vn -0.000000 0.964590 0.263755
vn -0.000000 0.964590 0.263755
vn 0.000000 1.000000 0.000000
vn 0.000000 1.000000 0.000000
vn 0.000000 1.000000 0.000000
vn 0.000000 1.000000 0.000000
vn 1.000000 0.000000 -0.000000
vn 1.000000 0.000000 -0.000000
vn 1.000000 0.000000 -0.000000
vn 0.000000 1.000000 0.000000
vn 0.000000 1.000000 0.000000
vn 0.000000 1.000000 0.000000
vn 0.000000 1.000000 0.000000
vn 0.000000 0.000000 1.000000
vn 0.000000 0.000000 1.000000
vn 0.000000 0.000000 1.000000
vn 0.000000 0.000000 1.000000
vn -0.000000 0.000000 1.000000
vn -0.000000 0.000000 1.000000
vn -0.000000 0.000000 1.000000
vn -0.000000 0.000000 1.000000
vn 0.000000 -1.000000 0.000000
vn 0.000000 -1.000000 0.000000
vn 0.000000 -1.000000 0.000000
vn 0.000000 -1.000000 0.000000
vn 0.000000 -1.000000 0.000000
vn 0.000000 -1.000000 0.000000
vn -0.000000 1.000000 0.000000
vn -0.000000 1.000000 0.000000
vn -0.000000 1.000000 0.000000
vn -0.000000 1.000000 0.000000
vn 0.000000 1.000000 0.000000
vn 0.000000 1.000000 0.000000
vn 0.000000 1.000000 0.000000
vn 0.000000 1.000000 0.000000
vn 0.000000 0.000000 -1.000000
vn 0.000000 0.000000 -1.000000
vn 0.000000 0.000000 -1.000000
vn 0.000000 0.000000 -1.000000
vn 0.000000 0.000000 -1.000000
vn 0.000000 0.000000 -1.000000
vn -0.000000 -1.000000 -0.000000
vn -0.000000 -1.000000 -0.000000
vn -0.000000 -1.000000 -0.000000
vn -0.000000 -1.000000 -0.000000
vn 0.000000 0.000000 -1.000000
vn 0.000000 0.000000 -1.000000
vn 0.000000 0.000000 -1.000000
vn 0.000000 0.000000 -1.000000
vn 0.000000 0.000000 -1.000000
vn 0.000000 0.000000 -1.000000
vn 0.000000 0.000000 -1.000000
vn 0.000000 0.000000 -1.000000
vn 0.000000 0.000000 -1.000000
vn 0.000000 0.000000 -1.000000
vn 0.000000 0.000000 -1.000000
vn 0.000000 0.000000 -1.000000
vn 0.000000 0.000000 -1.000000
vn 0.000000 0.000000 -1.000000
vn 0.000000 0.000000 -1.000000
vn 0.000000 0.000000 -1.000000
vn 0.000000 0.000000 -1.000000
vn 0.000000 0.000000 -1.000000
vn 0.000000 0.000000 -1.000000
vn 0.000000 0.000000 -1.000000
vn 0.000000 0.000000 -1.000000
vn 0.000000 0.000000 -1.000000
vn 0.000000 0.000000 -1.000000
vn 0.000000 0.000000 -1.000000
vn 0.000000 0.000000 -1.000000
vn 0.000000 0.000000 -1.000000
vn 1.000000 -0.000000 -0.000000
vn 1.000000 -0.000000 -0.000000
vn 1.000000 -0.000000 -0.000000
vn 1.000000 -0.000000 -0.000000
vn 1.000000 -0.000000 -0.000000
vn 1.000000 -0.000000 -0.000000
vn 1.000000 -0.000000 -0.000000
vn 1.000000 -0.000000 -0.000000
vn 1.000000 -0.000000 -0.000000
vn 1.000000 -0.000000 -0.000000
vn 1.000000 -0.000000 -0.000000
vn -0.000000 -1.000000 -0.000000
vn -0.000000 -1.000000 -0.000000
vn -0.000000 -1.000000 -0.000000
vn -0.000000 -1.000000 -0.000000
vn 0.000000 0.000000 -1.000000
vn 0.000000 0.000000 -1.000000
vn 0.000000 0.000000 -1.000000
vn 0.000000 0.000000 -1.000000
vn 0.000000 0.000000 -1.000000
vn 0.000000 0.000000 -1.000000
vn 0.000000 0.000000 -1.000000
vn 0.000000 0.000000 -1.000000
vn 0.000000 0.000000 -1.000000
vn 0.000000 0.000000 -1.000000
vn 0.000000 0.000000 -1.000000
vn 0.000000 0.000000 -1.000000
vn 0.000000 0.000000 -1.000000
vn 0.000000 0.000000 -1.000000
vn 0.000000 0.000000 -1.000000
vn 0.000000 0.000000 -1.000000
vn 0.000000 0.000000 -1.000000
vn 0.000000 0.000000 -1.000000
vn 0.000000 0.000000 -1.000000
vn 0.000000 0.000000 -1.000000
vn 0.000000 0.000000 -1.000000
vn 0.000000 0.000000 -1.000000
vn 0.000000 0.000000 -1.000000
vn 0.000000 0.000000 -1.000000
vn 0.000000 0.000000 -1.000000
vn 0.000000 0.000000 -1.000000
vn 0.000000 0.000000 -1.000000
vn 0.000000 0.000000 -1.000000
vn 0.000000 0.000000 -1.000000
vn 0.000000 0.000000 -1.000000
vn 0.000000 0.000000 -1.000000
vn 0.000000 0.000000 -1.000000
vn 0.000000 1.000000 -0.000000
vn 0.000000 1.000000 -0.000000
vn 0.000000 1.000000 -0.000000
vn 0.000000 1.000000 -0.000000
vn 0.000000 -0.927698 0.373332
vn 0.000000 -0.927698 0.373332
vn 0.000000 -0.927698 0.373332
vn 0.000000 -0.927698 0.373332
vn 0.000000 0.000000 1.000000
vn 0.000000 0.000000 1.000000
vn 0.000000 0.000000 1.000000
vn 0.000000 0.000000 1.000000
vn 0.000000 0.765096 0.643916
vn 0.000000 0.765096 0.643916
vn 0.000000 0.765096 0.643916
vn 0.000000 0.765096 0.643916
vn 0.000000 0.000000 1.000000
vn 0.000000 0.000000 1.000000
vn 0.000000 0.000000 1.000000
vn 0.000000 0.000000 1.000000
vn 0.000000 -0.813775 0.581181
vn 0.000000 -0.813775 0.581181
vn 0.000000 -0.813775 0.581181
vn 0.000000 -0.813775 0.581181
vn 0.000000 0.000000 1.000000
vn 0.000000 0.000000 1.000000
vn 0.000000 0.000000 1.000000
vn 0.000000 0.000000 1.000000
vn 0.000000 -0.948643 0.316350
vn 0.000000 -0.948643 0.316350
vn 0.000000 -0.948643 0.316350
vn 0.000000 -0.948643 0.316350
vn 1.000000 -0.000000 -0.000000
vn 1.000000 -0.000000 -0.000000
vn 1.000000 -0.000000 -0.000000
vn 1.000000 -0.000000 -0.000000
vn 1.000000 -0.000000 -0.000000
vn 1.000000 -0.000000 -0.000000
vn 1.000000 -0.000000 -0.000000
vn 1.000000 -0.000000 -0.000000
vn 1.000000 -0.000000 -0.000000
vn 1.000000 -0.000000 -0.000000
vn 1.000000 -0.000000 -0.000000
vn -0.000000 -1.000000 -0.000000
vn -0.000000 -1.000000 -0.000000
vn -0.000000 -1.000000 -0.000000
vn -0.000000 -1.000000 -0.000000
vn -0.000000 -1.000000 -0.000000
vn -0.000000 -1.000000 -0.000000
vn 0.000000 0.961524 0.274721
vn 0.000000 0.961524 0.274721
vn 0.000000 0.961524 0.274721
vn 0.000000 0.961524 0.274721
vn 0.000000 1.000000 0.000000
vn 0.000000 1.000000 0.000000
vn 0.000000 1.000000 0.000000
vn 0.000000 1.000000 0.000000
vn 0.000000 1.000000 0.000000
vn 0.000000 1.000000 0.000000
vn 0.000000 1.000000 0.000000
vn 0.000000 1.000000 0.000000
vn 0.000000 0.961524 0.274721
vn 0.000000 0.961524 0.274721
vn 0.000000 0.961524 0.274721
vn 0.000000 0.961524 0.274721
vn 0.000000 0.000000 1.000000
vn 0.000000 0.000000 1.000000
vn 0.000000 0.000000 1.000000
vn 0.000000 0.000000 1.000000
vn 0.000000 0.000000 1.000000
vn 0.000000 0.000000 1.000000
vn 0.000000 0.000000 1.000000
vn 1.000000 -0.000000 -0.000000
vn 1.000000 -0.000000 -0.000000
vn 1.000000 -0.000000 -0.000000
vn 1.000000 -0.000000 -0.000000
vn 1.000000 -0.000000 -0.000000
vn 1.000000 -0.000000 -0.000000
vn 1.000000 -0.000000 -0.000000
vn 1.000000 -0.000000 -0.000000
vn 1.000000 -0.000000 -0.000000
vn 1.000000 -0.000000 -0.000000
vn 1.000000 -0.000000 -0.000000
vn 1.000000 -0.000000 -0.000000
vn 1.000000 -0.000000 -0.000000
vn -0.000000 -0.961524 -0.274721
vn -0.000000 -0.961524 -0.274721
vn -0.000000 -0.961524 -0.274721
vn -0.000000 -0.961524 -0.274721
vn -0.000000 -0.961524 -0.274721
vn -0.000000 -0.961524 -0.274721
vn -0.000000 -0.961524 -0.274721
vn -0.000000 -0.961524 -0.274721
vn 0.000000 0.961524 0.274721
vn 0.000000 0.961524 0.274721
vn 0.000000 0.961524 0.274721
vn 0.000000 0.961524 0.274721
vn 0.000000 0.000000 1.000000
vn 0.000000 0.000000 1.000000
vn 0.000000 0.000000 1.000000
vn 0.000000 0.000000 1.000000
vn 0.000000 0.000000 1.000000
vn 0.000000 0.000000 1.000000
vn 0.000000 0.000000 1.000000
vn 0.000000 0.000000 1.000000
vn 0.000000 0.000000 1.000000
vn 0.000000 0.000000 1.000000
vn 0.000000 0.000000 1.000000
vn 0.000000 0.000000 1.000000
vn 0.000000 0.000000 1.000000
vn 0.000000 0.000000 1.000000
vn 0.000000 0.000000 1.000000
vn 0.000000 0.000000 1.000000
vn 0.000000 0.000000 1.000000
vn 0.000000 0.000000 1.000000
vn 0.000000 0.000000 1.000000
vn 0.000000 0.000000 1.000000
vn 0.000000 0.000000 1.000000
vn 0.000000 0.000000 1.000000
vn 0.000000 0.000000 1.000000
vn 0.000000 0.000000 1.000000
vn 0.000000 0.000000 1.000000
vn 0.000000 0.000000 1.000000
vn 0.000000 0.000000 1.000000
vn 0.000000 0.000000 1.000000
vn 0.000000 0.000000 1.000000
vn 0.000000 0.000000 1.000000
vn 0.000000 0.000000 1.000000
vn 0.000000 0.000000 1.000000
vn 0.000000 0.000000 1.000000
vn 0.000000 0.000000 1.000000
vn 0.000000 0.000000 1.000000
vn 0.000000 0.000000 1.000000
vn 0.000000 0.000000 1.000000
vn 0.000000 0.000000 1.000000
vn 0.000000 0.000000 1.000000
vn 0.000000 0.000000 1.000000
vn 0.000000 0.000000 1.000000
vn 0.000000 0.000000 1.000000
vn 0.000000 0.000000 1.000000
vn 0.000000 0.000000 1.000000
vn 0.000000 0.000000 1.000000
vn 0.000000 0.000000 1.000000
vn 0.000000 0.000000 1.000000
vn 0.000000 0.000000 1.000000
vn 0.000000 0.000000 1.000000
vn 0.000000 0.000000 1.000000
vn 0.000000 0.000000 1.000000
vn 0.000000 0.000000 1.000000
vn 0.000000 0.000000 1.000000
vn 0.000000 0.000000 1.000000
vn 0.000000 0.000000 1.000000
vn 0.000000 0.000000 1.000000
vn 0.000000 0.000000 1.000000
vn 0.000000 0.000000 1.000000
vn 0.000000 0.000000 1.000000
vn 0.000000 0.000000 1.000000
vn 0.000000 0.000000 1.000000
vn 0.000000 0.000000 1.000000
vn 0.000000 0.000000 1.000000
vn 0.000000 0.000000 1.000000
vn -1.000000 -0.000000 0.000000
vn -1.000000 -0.000000 0.000000
vn -1.000000 -0.000000 0.000000
vn -1.000000 -0.000000 0.000000
vn -1.000000 -0.000000 0.000000
vn -1.000000 -0.000000 0.000000
vn -1.000000 -0.000000 0.000000
vn -1.000000 -0.000000 0.000000
vn -1.000000 -0.000000 0.000000
vn -1.000000 -0.000000 0.000000
vn -0.000000 -1.000000 -0.000000
vn -0.000000 -1.000000 -0.000000
vn -0.000000 -1.000000 -0.000000
vn -0.000000 -1.000000 -0.000000
vn -0.000000 -1.000000 -0.000000
vn -0.000000 -1.000000 -0.000000
vn -0.000000 -1.000000 -0.000000
vn -0.000000 -1.000000 -0.000000
vn 0.000000 -1.000000 0.000000
vn 0.000000 -1.000000 0.000000
vn 0.000000 -1.000000 0.000000
vn 0.000000 -1.000000 0.000000
vn 1.000000 0.000000 0.000000
vn 1.000000 0.000000 0.000000
vn 1.000000 0.000000 0.000000
vn 1.000000 0.000000 0.000000
vn 0.000000 1.000000 -0.000000
vn 0.000000 1.000000 -0.000000
vn 0.000000 1.000000 -0.000000
vn 0.000000 1.000000 -0.000000
vn -1.000000 0.000000 0.000000
vn -1.000000 0.000000 0.000000
vn -1.000000 0.000000 0.000000
vn -1.000000 0.000000 0.000000
vn 0.000000 -0.961524 -0.274721
vn 0.000000 -0.961524 -0.274721
vn 0.000000 -0.961524 -0.274721
vn 0.000000 -0.961524 -0.274721
vn 0.000000 -0.961524 -0.274721
vn 0.000000 -0.961524 -0.274721
vn 0.000000 -0.274721 0.961524
vn 0.000000 -0.274721 0.961524
vn 0.000000 -0.274721 0.961524
vn 0.000000 -0.274721 0.961524
vn -0.000000 -0.000000 -1.000000
vn -0.000000 -0.000000 -1.000000
vn -0.000000 -0.000000 -1.000000
vn -0.000000 -0.000000 -1.000000
vn 0.000000 0.000000 1.000000
vn 0.000000 0.000000 1.000000
vn 0.000000 0.000000 1.000000
vn 0.000000 0.000000 1.000000
vn -1.000000 -0.000000 -0.000000
vn -1.000000 -0.000000 -0.000000
vn -1.000000 -0.000000 -0.000000
vn -1.000000 -0.000000 -0.000000
vn -1.000000 -0.000000 -0.000000
vn -1.000000 -0.000000 -0.000000
vn -1.000000 -0.000000 -0.000000
vn -1.000000 -0.000000 -0.000000
vn -1.000000 -0.000000 -0.000000
vn -1.000000 -0.000000 -0.000000
vn -1.000000 -0.000000 -0.000000
vn -0.000000 -0.961524 -0.274721
vn -0.000000 -0.961524 -0.274721
vn -0.000000 -0.961524 -0.274721
vn -0.000000 -0.961524 -0.274721
vn 0.000000 1.000000 0.000000
vn 0.000000 1.000000 0.000000
vn 0.000000 1.000000 0.000000
vn 0.000000 1.000000 0.000000
vn 0.000000 1.000000 0.000000
vn 0.000000 1.000000 0.000000
vn 0.000000 1.000000 0.000000
vn 0.000000 1.000000 0.000000
vn 0.000000 1.000000 0.000000
vn 0.000000 1.000000 0.000000
vn 0.000000 1.000000 0.000000
vn 0.000000 1.000000 0.000000
vn 0.000000 -0.813733 0.581238
vn 0.000000 -0.813733 0.581238
vn 0.000000 -0.813733 0.581238
vn 0.000000 -0.813733 0.581238
vn 0.000000 -0.813733 0.581238
vn 0.000000 -0.813733 0.581238
vn 0.000000 -0.813733 0.581238
vn 0.000000 -0.813733 0.581238
vn 0.000000 0.000000 1.000000
vn 0.000000 0.000000 1.000000
vn 0.000000 0.000000 1.000000
vn 0.000000 0.000000 1.000000
vn 0.000000 0.764878 0.644175
vn 0.000000 0.764878 0.644175
vn 0.000000 0.764878 0.644175
vn 0.000000 0.764878 0.644175
vn 0.000000 0.000000 1.000000
vn 0.000000 0.000000 1.000000
vn 0.000000 0.000000 1.000000
vn 0.000000 0.000000 1.000000
vn -0.000000 0.927854 -0.372945
vn -0.000000 0.927854 -0.372945
vn -0.000000 0.927854 -0.372945
vn -0.000000 0.927854 -0.372945
vn -0.000000 -0.000000 -1.000000
vn -0.000000 -0.000000 -1.000000
vn -0.000000 -0.000000 -1.000000
vn -0.000000 -0.000000 -1.000000
vn -0.000000 -0.764878 -0.644175
vn -0.000000 -0.764878 -0.644175
vn -0.000000 -0.764878 -0.644175
vn -0.000000 -0.764878 -0.644175
vn -0.000000 -0.000000 -1.000000
vn -0.000000 -0.000000 -1.000000
vn -0.000000 -0.000000 -1.000000
vn -0.000000 -0.000000 -1.000000
vn -0.000000 0.813733 -0.581238
vn -0.000000 0.813733 -0.581238
vn -0.000000 0.813733 -0.581238
vn -0.000000 0.813733 -0.581238
vn -0.000000 0.813733 -0.581238
vn -0.000000 0.813733 -0.581238
vn -0.000000 0.813733 -0.581238
vn -0.000000 0.813733 -0.581238
vn 0.000000 0.000000 1.000000
vn 0.000000 0.000000 1.000000
vn 0.000000 0.000000 1.000000
vn 0.000000 0.000000 1.000000
vn 0.000000 -0.813733 0.581238
vn 0.000000 -0.813733 0.581238
vn 0.000000 -0.813733 0.581238
vn 0.000000 -0.813733 0.581238
vn 0.000000 0.000000 1.000000
vn 0.000000 0.000000 1.000000
vn 0.000000 0.000000 1.000000
vn 0.000000 0.000000 1.000000
vn 0.000000 0.000000 1.000000
vn 0.000000 0.000000 1.000000
vn 0.000000 0.000000 1.000000
vn 0.000000 0.000000 1.000000
vn 0.000000 0.000000 1.000000
vn 0.000000 0.000000 1.000000
vn 0.000000 0.000000 1.000000
vn 0.000000 0.000000 1.000000
vn 0.000000 0.000000 1.000000
vn 0.000000 0.000000 1.000000
vn 0.000000 0.000000 1.000000
vn 0.000000 0.000000 1.000000
vn 0.000000 0.000000 1.000000
vn 0.000000 0.000000 1.000000
vn 0.000000 0.000000 1.000000
vn 0.000000 0.000000 1.000000
vn 0.000000 0.000000 1.000000
vn 0.000000 0.000000 1.000000
vn 0.000000 0.000000 1.000000
vn 0.000000 0.000000 1.000000
vn 0.000000 0.000000 1.000000
vn 0.000000 0.000000 1.000000
vn 0.000000 0.000000 1.000000
vn 0.000000 0.000000 1.000000
vn 0.000000 0.000000 1.000000
vn 0.000000 0.000000 1.000000
vn 0.000000 0.000000 1.000000
vn 0.000000 0.000000 1.000000
vn 0.000000 0.000000 1.000000
vn 0.000000 0.000000 1.000000
vn 0.000000 0.000000 1.000000
vn 0.000000 0.000000 1.000000
vn 0.000000 0.000000 1.000000
vn 0.000000 0.000000 1.000000
vn 0.000000 0.000000 1.000000
vn 0.000000 0.000000 1.000000
vn 0.000000 -0.948683 0.316228
vn 0.000000 -0.948683 0.316228
vn 0.000000 -0.948683 0.316228
vn 0.000000 -0.948683 0.316228
vn -0.000000 0.927854 -0.372945
vn -0.000000 0.927854 -0.372945
vn -0.000000 0.927854 -0.372945
vn -0.000000 0.927854 -0.372945
vn -0.000000 -0.000000 -1.000000
vn -0.000000 -0.000000 -1.000000
vn -0.000000 -0.000000 -1.000000
vn -0.000000 -0.000000 -1.000000
vn -0.000000 -0.764878 -0.644175
vn -0.000000 -0.764878 -0.644175
vn -0.000000 -0.764878 -0.644175
vn -0.000000 -0.764878 -0.644175
vn -0.000000 -0.000000 -1.000000
vn -0.000000 -0.000000 -1.000000
vn -0.000000 -0.000000 -1.000000
vn -0.000000 -0.000000 -1.000000
vn -0.000000 0.813733 -0.581238
vn -0.000000 0.813733 -0.581238
vn -0.000000 0.813733 -0.581238
vn -0.000000 0.813733 -0.581238
vn -1.000000 -0.000000 -0.000000
vn -1.000000 -0.000000 -0.000000
vn -1.000000 -0.000000 -0.000000
vn -1.000000 -0.000000 -0.000000
vn -1.000000 -0.000000 -0.000000
vn -1.000000 -0.000000 -0.000000
vn -1.000000 -0.000000 -0.000000
vn -1.000000 -0.000000 -0.000000
vn -1.000000 -0.000000 -0.000000
vn -1.000000 -0.000000 -0.000000
vn -1.000000 -0.000000 -0.000000
vn -1.000000 -0.000000 -0.000000
vn -1.000000 -0.000000 -0.000000
vn -1.000000 -0.000000 -0.000000
vn -1.000000 -0.000000 -0.000000
vn -1.000000 -0.000000 -0.000000
vn -1.000000 -0.000000 -0.000000
vn -1.000000 -0.000000 -0.000000
vn 0.000000 -1.000000 0.000000
vn 0.000000 -1.000000 0.000000
vn 0.000000 -1.000000 0.000000
vn 0.000000 -1.000000 0.000000
vn 1.000000 0.000000 0.000000
vn 1.000000 0.000000 0.000000
vn 1.000000 0.000000 0.000000
vn 1.000000 0.000000 0.000000
vn 0.000000 -1.000000 0.000000
vn 0.000000 -1.000000 0.000000
vn 0.000000 -1.000000 0.000000
vn 0.000000 -1.000000 0.000000
vn 1.000000 0.000000 0.000000
vn 1.000000 0.000000 0.000000
vn 1.000000 0.000000 0.000000
vn 1.000000 0.000000 0.000000
vn -0.000000 1.000000 -0.000000
vn -0.000000 1.000000 -0.000000
vn -0.000000 1.000000 -0.000000
vn -0.000000 1.000000 -0.000000
vn -1.000000 -0.000000 0.000000
vn -1.000000 -0.000000 0.000000
vn -1.000000 -0.000000 0.000000
vn -1.000000 -0.000000 0.000000
vn -1.000000 -0.000000 0.000000
vn -1.000000 -0.000000 0.000000
vn -1.000000 -0.000000 0.000000
vn -1.000000 -0.000000 0.000000
vn -1.000000 -0.000000 0.000000
vn -1.000000 -0.000000 0.000000
vn -1.000000 -0.000000 0.000000
vn -1.000000 -0.000000 0.000000
vn -1.000000 -0.000000 0.000000
vn -1.000000 -0.000000 0.000000
vn -1.000000 -0.000000 0.000000
vn -1.000000 -0.000000 0.000000
vn -0.000000 1.000000 -0.000000
vn -0.000000 1.000000 -0.000000
vn -0.000000 1.000000 -0.000000
vn -0.000000 1.000000 -0.000000
vn 1.000000 -0.000000 -0.000000
vn 1.000000 -0.000000 -0.000000
vn 1.000000 -0.000000 -0.000000
vn 1.000000 -0.000000 -0.000000
vn 1.000000 -0.000000 -0.000000
vn 1.000000 -0.000000 -0.000000
vn 1.000000 -0.000000 -0.000000
vn 1.000000 -0.000000 -0.000000
vn -0.000000 1.000000 -0.000000
vn -0.000000 1.000000 -0.000000
vn -0.000000 1.000000 -0.000000
vn -0.000000 1.000000 -0.000000
vn -1.000000 -0.000000 -0.000000
vn -1.000000 -0.000000 -0.000000
vn -1.000000 -0.000000 -0.000000
vn -1.000000 -0.000000 -0.000000
vn -1.000000 -0.000000 -0.000000
vn -1.000000 -0.000000 -0.000000
vn -1.000000 -0.000000 -0.000000
vn -1.000000 -0.000000 -0.000000
vn -0.000000 1.000000 -0.000000
vn -0.000000 1.000000 -0.000000
vn -0.000000 1.000000 -0.000000
vn -0.000000 1.000000 -0.000000
vn 1.000000 -0.000000 -0.000000
vn 1.000000 -0.000000 -0.000000
vn 1.000000 -0.000000 -0.000000
vn 1.000000 -0.000000 -0.000000
vn 1.000000 -0.000000 -0.000000
vn 1.000000 -0.000000 -0.000000
vn 1.000000 -0.000000 -0.000000
vn 1.000000 -0.000000 -0.000000
vn 1.000000 -0.000000 -0.000000
vn 1.000000 -0.000000 -0.000000
vn 1.000000 -0.000000 -0.000000
vn 1.000000 -0.000000 -0.000000
vn 1.000000 -0.000000 -0.000000
vn 1.000000 -0.000000 -0.000000
vn 1.000000 -0.000000 -0.000000
vn 1.000000 -0.000000 -0.000000
vn -1.000000 -0.000000 -0.000000
vn -1.000000 -0.000000 -0.000000
vn -1.000000 -0.000000 -0.000000
vn -1.000000 -0.000000 -0.000000
vn 0.000000 1.000000 -0.000000
vn 0.000000 1.000000 -0.000000
vn 0.000000 1.000000 -0.000000
vn 0.000000 1.000000 -0.000000
vn -1.000000 0.000000 0.000000
vn -1.000000 0.000000 0.000000
vn -1.000000 0.000000 0.000000
vn -1.000000 0.000000 0.000000
vn 0.000000 1.000000 -0.000000
vn 0.000000 1.000000 -0.000000
vn 0.000000 1.000000 -0.000000
vn 0.000000 1.000000 -0.000000
vn -1.000000 0.000000 0.000000
vn -1.000000 0.000000 0.000000
vn -1.000000 0.000000 0.000000
vn -1.000000 0.000000 0.000000
usemtl Opaque(187,197,203)
f 10/25/25 12/26/26 9/27/27
f 9/27/27 12/26/26 13/28/28
f 9/27/27 13/28/28 16/29/29
f 16/29/29 13/28/28 14/30/30
f 16/29/29 14/30/30 15/31/31
f 10/25/25 11/32/32 12/26/26
f 17/33/33 10/34/34 20/35/35
f 20/35/35 10/34/34 19/36/36
f 19/36/36 10/34/34 18/37/37
f 18/37/37 10/34/34 9/38/38
f 9/39/39 16/40/40 18/41/41
f 18/41/41 16/40/40 21/42/42
f 22/43/43 23/44/44 13/45/45
f 13/45/45 23/44/44 14/46/46
f 23/47/47 24/48/48 14/49/49
f 14/49/49 24/48/48 15/50/50
f 24/51/51 25/52/52 15/53/53
f 15/53/53 25/52/52 16/54/54
f 17/55/55 26/56/56 10/57/57
f 10/57/57 26/56/56 11/58/58
f 26/59/59 27/60/60 11/61/61
f 11/61/61 27/60/60 12/62/62
f 27/63/63 22/64/64 12/65/65
f 12/65/65 22/64/64 13/66/66
f 25/67/67 28/68/68 16/69/69
f 16/69/69 28/68/68 21/70/70
f 21/70/70 28/68/68 29/71/71
f 21/70/70 29/71/71 32/72/72
f 32/72/72 29/71/71 31/73/73
f 31/73/73 29/71/71 30/74/74
f 25/75/75 24/76/76 28/77/77
f 28/77/77 24/76/76 23/78/78
f 28/77/77 23/78/78 42/79/79
f 42/79/79 23/78/78 22/80/80
f 42/79/79 22/80/80 41/81/81
f 41/81/81 22/80/80 39/82/82
f 41/81/81 39/82/82 40/83/83
f 22/80/80 27/84/84 39/82/82
f 39/82/82 27/84/84 38/85/85
f 38/85/85 27/84/84 34/86/86
f 38/85/85 34/86/86 36/87/87
f 36/87/87 34/86/86 35/88/88
f 27/84/84 26/89/89 34/86/86
f 34/86/86 26/89/89 33/90/90
f 33/90/90 26/89/89 20/91/91
f 20/91/91 26/89/89 17/92/92
f 36/87/87 37/93/93 38/85/85
f 74/94/94 43/95/95 75/96/96
f 75/96/96 43/95/95 44/97/97
f 75/96/96 44/97/97 98/98/98
f 98/98/98 44/97/97 45/99/99
f 98/98/98 45/99/99 97/100/100
f 97/100/100 45/99/99 46/101/101
f 97/100/100 46/101/101 96/102/102
f 96/102/102 46/101/101 47/103/103
f 96/102/102 47/103/103 48/104/104
f 96/102/102 48/104/104 95/105/105
f 95/105/105 48/104/104 49/106/106
f 95/105/105 49/106/106 94/107/107
f 94/107/107 49/106/106 50/108/108
f 94/107/107 50/108/108 93/109/109
f 93/109/109 50/108/108 51/110/110
f 93/109/109 51/110/110 52/111/111
f 93/109/109 52/111/111 92/112/112
f 92/112/112 52/111/111 53/113/113
f 92/112/112 53/113/113 91/114/114
f 91/114/114 53/113/113 54/115/115
f 91/114/114 54/115/115 55/116/116
f 91/114/114 55/116/116 90/117/117
f 90/117/117 55/116/116 56/118/118
f 90/117/117 56/118/118 89/119/119
f 89/119/119 56/118/118 57/120/120
f 89/119/119 57/120/120 88/121/121
f 88/121/121 57/120/120 58/122/122
f 88/121/121 58/122/122 59/123/123
f 88/121/121 59/123/123 87/124/124
f 87/125/124 59/126/123 60/127/125
f 87/125/124 60/127/125 86/128/126
f 86/128/126 60/127/125 61/129/127
f 86/128/126 61/129/127 85/130/128
f 85/130/128 61/129/127 62/131/129
f 85/130/128 62/131/129 63/132/130
f 85/130/128 63/132/130 84/133/131
f 84/133/131 63/132/130 64/134/132
f 84/133/131 64/134/132 83/135/133
f 83/135/133 64/134/132 65/136/134
f 83/135/133 65/136/134 82/137/135
f 82/137/135 65/136/134 66/138/136
f 82/137/135 66/138/136 81/139/137
f 81/139/137 66/138/136 67/140/138
f 81/139/137 67/140/138 68/141/139
f 81/139/137 68/141/139 80/142/140
f 80/142/140 68/141/139 69/143/141
f 80/142/140 69/143/141 79/144/142
f 79/144/142 69/143/141 70/145/143
f 79/144/142 70/145/143 78/146/144
f 78/146/144 70/145/143 71/147/145
f 78/146/144 71/147/145 72/148/146
f 78/146/144 72/148/146 77/149/147
f 77/149/147 72/148/146 73/150/148
f 77/149/147 73/150/148 76/151/149
f 76/151/149 73/150/148 74/94/94
f 76/151/149 74/94/94 75/96/96
f 130/152/150 99/153/151 131/154/152
f 131/154/152 99/153/151 100/155/153
f 131/154/152 100/155/153 154/156/154
f 154/156/154 100/155/153 101/157/155
f 154/156/154 101/157/155 153/158/156
f 153/158/156 101/157/155 102/159/157
f 153/158/156 102/159/157 152/160/158
f 152/160/158 102/159/157 103/161/159
f 152/160/158 103/161/159 104/162/160
f 152/160/158 104/162/160 151/163/161
f 151/163/161 104/162/160 105/164/162
f 151/163/161 105/164/162 150/165/163
f 150/165/163 105/164/162 106/166/164
f 150/165/163 106/166/164 149/167/165
f 149/167/165 106/166/164 107/168/166
f 149/167/165 107/168/166 108/169/167
f 149/167/165 108/169/167 148/170/168
f 148/170/168 108/169/167 109/171/169
f 148/170/168 109/171/169 147/172/170
f 147/172/170 109/171/169 110/173/171
f 147/172/170 110/173/171 111/174/172
f 147/172/170 111/174/172 146/175/173
f 146/175/173 111/174/172 112/176/174
f 146/175/173 112/176/174 145/177/175
f 145/177/175 112/176/174 113/178/176
f 145/177/175 113/178/176 144/179/177
f 144/179/177 113/178/176 114/180/178
f 144/179/177 114/180/178 143/181/179
f 143/181/179 114/180/178 115/182/180
f 143/183/179 115/184/180 116/185/181
f 143/183/179 116/185/181 142/186/182
f 142/186/182 116/185/181 117/187/183
f 142/186/182 117/187/183 141/188/184
f 141/188/184 117/187/183 118/189/185
f 141/188/184 118/189/185 140/190/186
f 140/190/186 118/189/185 119/191/187
f 140/190/186 119/191/187 120/192/188
f 140/190/186 120/192/188 139/193/189
f 139/193/189 120/192/188 121/194/190
f 139/193/189 121/194/190 138/195/191
f 138/195/191 121/194/190 122/196/192
f 138/195/191 122/196/192 137/197/193
f 137/197/193 122/196/192 123/198/194
f 137/197/193 123/198/194 124/199/195
f 137/197/193 124/199/195 136/200/196
f 136/200/196 124/199/195 125/201/197
f 136/200/196 125/201/197 135/202/198
f 135/202/198 125/201/197 126/203/199
f 135/202/198 126/203/199 134/204/200
f 134/204/200 126/203/199 127/205/201
f 134/204/200 127/205/201 128/206/202
f 134/204/200 128/206/202 133/207/203
f 133/207/203 128/206/202 129/208/204
f 133/207/203 129/208/204 132/209/205
f 132/209/205 129/208/204 130/152/150
f 132/209/205 130/152/150 131/154/152
f 186/210/206 155/211/207 187/212/208
f 187/212/208 155/211/207 156/213/209
f 187/212/208 156/213/209 210/214/210
f 210/214/210 156/213/209 157/215/211
f 210/214/210 157/215/211 209/216/212
f 209/216/212 157/215/211 158/217/213
f 209/216/212 158/217/213 208/218/214
f 208/218/214 158/217/213 159/219/215
f 208/218/214 159/219/215 160/220/216
f 208/218/214 160/220/216 207/221/217
f 207/221/217 160/220/216 161/222/218
f 207/221/217 161/222/218 206/223/219
f 206/223/219 161/222/218 162/224/220
f 206/223/219 162/224/220 205/225/221
f 205/225/221 162/224/220 163/226/222
f 205/225/221 163/226/222 164/227/223
f 205/225/221 164/227/223 204/228/224
f 204/228/224 164/227/223 165/229/225
f 204/228/224 165/229/225 203/230/226
f 203/230/226 165/229/225 166/231/227
f 203/230/226 166/231/227 202/232/228
f 202/232/228 166/231/227 167/233/229
f 202/232/228 167/233/229 168/234/230
f 202/232/228 168/234/230 201/235/231
f 201/235/231 168/234/230 169/236/232
f 201/235/231 169/236/232 200/237/233
f 200/237/233 169/236/232 170/238/234
f 200/237/233 170/238/234 199/239/235
f 199/240/235 170/241/234 171/242/236
f 199/240/235 171/242/236 172/243/237
f 199/240/235 172/243/237 198/244/238
f 198/244/238 172/243/237 173/245/239
f 198/244/238 173/245/239 197/246/240
f 197/246/240 173/245/239 174/247/241
f 197/246/240 174/247/241 196/248/242
f 196/248/242 174/247/241 175/249/243
f 196/248/242 175/249/243 176/250/244
f 196/248/242 176/250/244 195/251/245
f 195/251/245 176/250/244 177/252/246
f 195/251/245 177/252/246 194/253/247
f 194/253/247 177/252/246 178/254/248
f 194/253/247 178/254/248 193/255/249
f 193/255/249 178/254/248 179/256/250
f 193/255/249 179/256/250 180/257/251
f 193/255/249 180/257/251 192/258/252
f 192/258/252 180/257/251 181/259/253
f 192/258/252 181/259/253 191/260/254
f 191/260/254 181/259/253 182/261/255
f 191/260/254 182/261/255 190/262/256
f 190/262/256 182/261/255 183/263/257
f 190/262/256 183/263/257 184/264/258
f 190/262/256 184/264/258 189/265/259
f 189/265/259 184/264/258 185/266/260
f 189/265/259 185/266/260 188/267/261
f 188/267/261 185/266/260 186/210/206
f 188/267/261 186/210/206 187/212/208
f 100/268/262 99/269/263 211/270/264
f 211/270/264 99/269/263 130/271/265
f 211/270/264 130/271/265 234/272/266
f 234/272/266 130/271/265 129/273/267
f 234/272/266 129/273/267 233/274/268
f 233/274/268 129/273/267 128/275/269
f 233/274/268 128/275/269 232/276/270
f 232/276/270 128/275/269 127/277/271
f 232/276/270 127/277/271 126/278/272
f 232/276/270 126/278/272 231/279/273
f 231/279/273 126/278/272 125/280/274
f 231/279/273 125/280/274 230/281/275
f 230/281/275 125/280/274 124/282/276
f 230/281/275 124/282/276 229/283/277
f 229/283/277 124/282/276 123/284/278
f 229/283/277 123/284/278 122/285/279
f 229/283/277 122/285/279 228/286/280
f 228/286/280 122/285/279 121/287/281
f 228/286/280 121/287/281 227/288/282
f 227/288/282 121/287/281 120/289/283
f 227/288/282 120/289/283 226/290/284
f 226/290/284 120/289/283 119/291/285
f 226/290/284 119/291/285 118/292/286
f 226/290/284 118/292/286 225/293/287
f 225/293/287 118/292/286 117/294/288
f 225/293/287 117/294/288 224/295/289
f 224/295/289 117/294/288 116/296/290
f 224/295/289 116/296/290 223/297/291
f 223/297/291 116/296/290 115/298/292
f 223/297/291 115/298/292 114/299/293
f 223/297/291 114/299/293 222/300/294
f 222/300/294 114/299/293 113/301/295
f 222/300/294 113/301/295 221/302/296
f 221/302/296 113/301/295 112/303/297
f 221/302/296 112/303/297 220/304/298
f 220/304/298 112/303/297 111/305/299
f 220/304/298 111/305/299 110/306/300
f 220/304/298 110/306/300 219/307/301
f 219/307/301 110/306/300 109/308/302
f 219/307/301 109/308/302 218/309/303
f 218/309/303 109/308/302 108/310/304
f 218/309/303 108/310/304 217/311/305
f 217/311/305 108/310/304 107/312/306
f 217/311/305 107/312/306 106/313/307
f 217/311/305 106/313/307 216/314/308
f 216/314/308 106/313/307 105/315/309
f 216/314/308 105/315/309 215/316/310
f 215/316/310 105/315/309 104/317/311
f 215/316/310 104/317/311 214/318/312
f 214/318/312 104/317/311 103/319/313
f 214/318/312 103/319/313 102/320/314
f 214/318/312 102/320/314 213/321/315
f 213/321/315 102/320/314 101/322/316
f 213/321/315 101/322/316 212/323/317
f 212/323/317 101/322/316 100/324/262
f 212/323/317 100/324/262 211/325/264
f 236/326/318 263/327/319 235/328/320
f 235/329/320 263/330/319 264/331/321
f 235/329/320 264/331/321 258/332/322
f 258/332/322 264/331/321 265/333/323
f 258/332/322 265/333/323 257/334/324
f 257/334/324 265/333/323 266/335/325
f 257/334/324 266/335/325 256/336/326
f 256/336/326 266/335/325 267/337/327
f 256/336/326 267/337/327 255/338/328
f 255/338/328 267/337/327 268/339/329
f 255/338/328 268/339/329 254/340/330
f 254/340/330 268/339/329 269/341/331
f 254/340/330 269/341/331 253/342/332
f 253/342/332 269/341/331 270/343/333
f 253/342/332 270/343/333 252/344/334
f 252/344/334 270/343/333 271/345/335
f 252/344/334 271/345/335 251/346/336
f 251/346/336 271/345/335 272/347/337
f 251/346/336 272/347/337 250/348/338
f 250/348/338 272/347/337 273/349/339
f 250/348/338 273/349/339 249/350/340
f 249/350/340 273/349/339 274/351/341
f 249/350/340 274/351/341 248/352/342
f 248/352/342 274/351/341 275/353/343
f 248/352/342 275/353/343 247/354/344
f 247/354/344 275/353/343 276/355/345
f 247/354/344 276/355/345 246/356/346
f 246/356/346 276/355/345 277/357/347
f 246/356/346 277/357/347 245/358/348
f 245/358/348 277/357/347 278/359/349
f 245/358/348 278/359/349 244/360/350
f 244/360/350 278/359/349 279/361/351
f 244/360/350 279/361/351 243/362/352
f 243/362/352 279/361/351 280/363/353
f 243/362/352 280/363/353 281/364/354
f 263/327/319 236/326/318 262/365/355
f 262/365/355 236/326/318 237/366/356
f 262/365/355 237/366/356 261/367/357
f 261/367/357 237/366/356 238/368/358
f 261/367/357 238/368/358 260/369/359
f 260/369/359 238/368/358 239/370/360
f 260/369/359 239/370/360 259/371/361
f 259/371/361 239/370/360 285/372/362
f 285/372/362 239/370/360 240/373/363
f 285/372/362 240/373/363 284/374/364
f 284/374/364 240/373/363 241/375/365
f 284/374/364 241/375/365 283/376/366
f 283/376/366 241/375/365 282/377/367
f 282/377/367 241/375/365 242/378/368
f 282/377/367 242/378/368 281/364/354
f 281/364/354 242/378/368 243/362/352
f 234/379/369 236/380/370 211/381/371
f 211/381/371 236/380/370 235/382/372
f 211/381/371 235/382/372 212/383/373
f 212/383/373 235/382/372 258/384/374
f 212/383/373 258/384/374 213/385/375
f 213/385/375 258/384/374 257/386/376
f 213/385/375 257/386/376 214/387/377
f 214/387/377 257/386/376 256/388/378
f 214/387/377 256/388/378 215/389/379
f 215/389/379 256/388/378 255/390/380
f 215/389/379 255/390/380 216/391/381
f 216/391/381 255/390/380 254/392/382
f 216/391/381 254/392/382 217/393/383
f 217/393/383 254/392/382 253/394/384
f 217/393/383 253/394/384 252/395/385
f 234/379/369 233/396/386 236/380/370
f 236/380/370 233/396/386 237/397/387
f 237/397/387 233/396/386 232/398/388
f 237/397/387 232/398/388 238/399/389
f 238/399/389 232/398/388 231/400/390
f 238/399/389 231/400/390 239/401/391
f 239/401/391 231/400/390 230/402/392
f 239/401/391 230/402/392 240/403/393
f 240/403/393 230/402/392 229/404/394
f 240/403/393 229/404/394 241/405/395
f 241/405/395 229/404/394 242/406/396
f 242/406/396 229/404/394 228/407/397
f 242/406/396 228/407/397 243/408/398
f 243/408/398 228/407/397 227/409/399
f 243/408/398 227/409/399 244/410/400
f 244/410/400 227/409/399 226/411/401
f 244/410/400 226/411/401 245/412/402
f 245/412/402 226/411/401 225/413/403
f 245/412/402 225/413/403 246/414/404
f 246/414/404 225/413/403 224/415/405
f 246/414/404 224/415/405 247/416/406
f 247/416/406 224/415/405 223/417/407
f 247/416/406 223/417/407 222/418/408
f 247/416/406 222/418/408 248/419/409
f 248/419/409 222/418/408 221/420/410
f 248/419/409 221/420/410 249/421/411
f 249/421/411 221/420/410 220/422/412
f 249/421/411 220/422/412 250/423/413
f 250/423/413 220/422/412 219/424/414
f 250/423/413 219/424/414 251/425/415
f 251/425/415 219/424/414 218/426/416
f 251/425/415 218/426/416 252/395/385
f 252/395/385 218/426/416 217/393/383
f 314/427/417 286/428/418 38/429/419
f 38/429/419 286/428/418 287/430/420
f 38/429/419 287/430/420 288/431/421
f 38/429/419 288/431/421 292/432/422
f 292/432/422 288/431/421 289/433/423
f 292/432/422 289/433/423 290/434/424
f 290/434/424 291/435/425 292/432/422
f 38/429/419 292/432/422 39/436/426
f 39/436/426 292/432/422 293/437/427
f 39/436/426 293/437/427 338/438/428
f 338/438/428 293/437/427 337/439/429
f 337/439/429 293/437/427 336/440/430
f 336/440/430 293/437/427 329/441/431
f 336/440/430 329/441/431 333/442/432
f 333/442/432 329/441/431 332/443/433
f 332/443/433 329/441/431 330/444/434
f 332/443/433 330/444/434 331/445/435
f 331/445/435 330/444/434 335/446/436
f 331/445/435 335/446/436 334/447/437
f 334/447/437 335/446/436 333/442/432
f 333/442/432 335/446/436 336/440/430
f 293/437/427 294/448/438 329/441/431
f 329/441/431 294/448/438 296/449/439
f 329/441/431 296/449/439 328/450/440
f 328/450/440 296/449/439 297/451/441
f 328/450/440 297/451/441 327/452/442
f 327/452/442 297/451/441 326/453/443
f 326/453/443 297/451/441 299/454/444
f 326/453/443 299/454/444 325/455/445
f 325/455/445 299/454/444 324/456/446
f 324/456/446 299/454/444 323/457/447
f 323/457/447 299/454/444 330/444/434
f 330/444/434 299/454/444 300/458/448
f 330/444/434 300/458/448 335/446/436
f 335/446/436 300/458/448 281/459/449
f 281/459/449 300/458/448 282/460/450
f 282/460/450 300/458/448 283/461/451
f 283/461/451 300/458/448 284/462/452
f 284/462/452 300/458/448 285/463/453
f 285/463/453 300/458/448 338/438/428
f 338/438/428 300/458/448 39/436/426
f 294/448/438 295/464/454 296/449/439
f 297/451/441 298/465/455 299/454/444
f 300/458/448 301/466/456 39/436/426
f 302/467/457 319/468/458 38/429/419
f 38/429/419 319/468/458 320/469/459
f 38/429/419 320/469/459 313/470/460
f 313/470/460 320/469/459 321/471/461
f 313/470/460 321/471/461 312/472/462
f 312/472/462 321/471/461 322/473/463
f 312/472/462 322/473/463 311/474/464
f 311/474/464 322/473/463 310/475/465
f 310/475/465 322/473/463 319/468/458
f 310/475/465 319/468/458 318/476/466
f 318/476/466 319/468/458 317/477/467
f 317/477/467 319/468/458 308/478/468
f 317/477/467 308/478/468 316/479/469
f 316/479/469 308/478/468 315/480/470
f 315/480/470 308/478/468 309/481/471
f 315/480/470 309/481/471 310/475/465
f 303/482/472 305/483/473 302/467/457
f 302/467/457 305/483/473 307/484/474
f 302/467/457 307/484/474 308/478/468
f 303/482/472 304/485/475 305/483/473
f 305/483/473 306/486/476 307/484/474
f 313/470/460 314/427/417 38/429/419
f 318/476/466 315/480/470 310/475/465
f 319/468/458 302/467/457 308/478/468
f 280/487/477 339/488/478 281/489/479
f 281/489/479 339/488/478 335/490/480
f 156/491/481 155/492/482 340/493/483
f 340/494/483 155/495/482 186/496/484
f 340/494/483 186/496/484 363/497/485
f 363/497/485 186/496/484 185/498/486
f 363/497/485 185/498/486 362/499/487
f 362/499/487 185/498/486 184/500/488
f 362/499/487 184/500/488 361/501/489
f 361/501/489 184/500/488 183/502/490
f 361/501/489 183/502/490 182/503/491
f 361/501/489 182/503/491 360/504/492
f 360/504/492 182/503/491 181/505/493
f 360/504/492 181/505/493 359/506/494
f 359/506/494 181/505/493 180/507/495
f 359/506/494 180/507/495 358/508/496
f 358/508/496 180/507/495 179/509/497
f 358/508/496 179/509/497 178/510/498
f 358/508/496 178/510/498 357/511/499
f 357/511/499 178/510/498 177/512/500
f 357/511/499 177/512/500 356/513/501
f 356/513/501 177/512/500 176/514/502
f 356/513/501 176/514/502 355/515/503
f 355/515/503 176/514/502 175/516/504
f 355/515/503 175/516/504 174/517/505
f 355/515/503 174/517/505 354/518/506
f 354/518/506 174/517/505 173/519/507
f 354/518/506 173/519/507 353/520/508
f 353/520/508 173/519/507 172/521/509
f 353/520/508 172/521/509 352/522/510
f 352/522/510 172/521/509 171/523/511
f 352/522/510 171/523/511 170/524/512
f 352/522/510 170/524/512 351/525/513
f 351/525/513 170/524/512 169/526/514
f 351/525/513 169/526/514 350/527/515
f 350/527/515 169/526/514 168/528/516
f 350/527/515 168/528/516 349/529/517
f 349/529/517 168/528/516 167/530/518
f 349/529/517 167/530/518 166/531/519
f 349/529/517 166/531/519 348/532/520
f 348/532/520 166/531/519 165/533/521
f 348/532/520 165/533/521 347/534/522
f 347/534/522 165/533/521 164/535/523
f 347/534/522 164/535/523 346/536/524
f 346/536/524 164/535/523 163/537/525
f 346/536/524 163/537/525 162/538/526
f 346/536/524 162/538/526 345/539/527
f 345/539/527 162/538/526 161/540/528
f 345/539/527 161/540/528 344/541/529
f 344/541/529 161/540/528 160/542/530
f 344/541/529 160/542/530 343/543/531
f 343/543/531 160/542/530 159/544/532
f 343/543/531 159/544/532 158/545/533
f 343/543/531 158/545/533 342/546/534
f 342/546/534 158/545/533 157/547/535
f 342/546/534 157/547/535 341/548/536
f 341/548/536 157/547/535 156/491/481
f 341/548/536 156/491/481 340/493/483
f 365/549/537 393/550/538 364/551/539
f 364/552/539 393/553/538 394/554/540
f 364/552/539 394/554/540 387/555/541
f 387/555/541 394/554/540 395/556/542
f 387/555/541 395/556/542 386/557/543
f 386/557/543 395/556/542 396/558/544
f 386/557/543 396/558/544 385/559/545
f 385/559/545 396/558/544 397/560/546
f 385/559/545 397/560/546 384/561/547
f 384/561/547 397/560/546 398/562/548
f 384/561/547 398/562/548 383/563/549
f 383/563/549 398/562/548 399/564/550
f 383/563/549 399/564/550 382/565/551
f 382/565/551 399/564/550 400/566/552
f 382/565/551 400/566/552 381/567/553
f 381/567/553 400/566/552 401/568/554
f 381/567/553 401/568/554 380/569/555
f 380/569/555 401/568/554 402/570/556
f 380/569/555 402/570/556 379/571/557
f 379/571/557 402/570/556 403/572/558
f 379/571/557 403/572/558 378/573/559
f 378/573/559 403/572/558 404/574/560
f 378/573/559 404/574/560 377/575/561
f 377/575/561 404/574/560 405/576/562
f 377/575/561 405/576/562 376/577/563
f 376/577/563 405/576/562 406/578/564
f 376/577/563 406/578/564 375/579/565
f 375/579/565 406/578/564 407/580/566
f 375/579/565 407/580/566 374/581/567
f 374/581/567 407/580/566 408/582/568
f 374/581/567 408/582/568 373/583/569
f 373/583/569 408/582/568 409/584/570
f 373/583/569 409/584/570 372/585/571
f 372/585/571 409/584/570 410/586/572
f 372/585/571 410/586/572 371/587/573
f 371/587/573 410/586/572 411/588/574
f 371/587/573 411/588/574 326/589/575
f 393/550/538 365/549/537 392/590/576
f 392/590/576 365/549/537 366/591/577
f 392/590/576 366/591/577 391/592/578
f 391/592/578 366/591/577 367/593/579
f 391/592/578 367/593/579 390/594/580
f 390/594/580 367/593/579 368/595/581
f 390/594/580 368/595/581 389/596/582
f 389/596/582 368/595/581 369/597/583
f 389/596/582 369/597/583 388/598/584
f 388/598/584 369/597/583 323/599/585
f 323/599/585 369/597/583 324/600/586
f 324/600/586 369/597/583 370/601/587
f 324/600/586 370/601/587 325/602/588
f 325/602/588 370/601/587 371/587/573
f 325/602/588 371/587/573 326/589/575
f 363/603/589 365/604/590 340/605/591
f 340/605/591 365/604/590 364/606/592
f 340/605/591 364/606/592 341/607/593
f 341/607/593 364/606/592 387/608/594
f 341/607/593 387/608/594 342/609/595
f 342/609/595 387/608/594 386/610/596
f 342/609/595 386/610/596 343/611/597
f 343/611/597 386/610/596 385/612/598
f 343/611/597 385/612/598 344/613/599
f 344/613/599 385/612/598 384/614/600
f 344/613/599 384/614/600 345/615/601
f 345/615/601 384/614/600 383/616/602
f 345/615/601 383/616/602 346/617/603
f 346/617/603 383/616/602 382/618/604
f 346/617/603 382/618/604 381/619/605
f 363/603/589 362/620/606 365/604/590
f 365/604/590 362/620/606 366/621/607
f 366/621/607 362/620/606 361/622/608
f 366/621/607 361/622/608 367/623/609
f 367/623/609 361/622/608 360/624/610
f 367/623/609 360/624/610 368/625/611
f 368/625/611 360/624/610 359/626/612
f 368/625/611 359/626/612 369/627/613
f 369/627/613 359/626/612 358/628/614
f 369/627/613 358/628/614 370/629/615
f 370/629/615 358/628/614 371/630/616
f 371/630/616 358/628/614 357/631/617
f 371/630/616 357/631/617 372/632/618
f 372/632/618 357/631/617 356/633/619
f 372/632/618 356/633/619 373/634/620
f 373/634/620 356/633/619 355/635/621
f 373/634/620 355/635/621 374/636/622
f 374/636/622 355/635/621 354/637/623
f 374/636/622 354/637/623 375/638/624
f 375/638/624 354/637/623 353/639/625
f 375/638/624 353/639/625 376/640/626
f 376/640/626 353/639/625 352/641/627
f 376/640/626 352/641/627 351/642/628
f 376/640/626 351/642/628 377/643/629
f 377/643/629 351/642/628 350/644/630
f 377/643/629 350/644/630 378/645/631
f 378/645/631 350/644/630 349/646/632
f 378/645/631 349/646/632 379/647/633
f 379/647/633 349/646/632 348/648/634
f 379/647/633 348/648/634 380/649/635
f 380/649/635 348/648/634 347/650/636
f 380/649/635 347/650/636 381/619/605
f 381/619/605 347/650/636 346/617/603
f 411/651/637 412/652/638 326/653/639
f 326/653/639 412/652/638 327/654/640
f 44/655/641 43/656/642 413/657/643
f 413/657/643 43/656/642 74/658/644
f 413/657/643 74/658/644 436/659/645
f 436/659/645 74/658/644 73/660/646
f 436/659/645 73/660/646 435/661/647
f 435/661/647 73/660/646 72/662/648
f 435/661/647 72/662/648 434/663/649
f 434/663/649 72/662/648 71/664/650
f 434/663/649 71/664/650 70/665/651
f 434/663/649 70/665/651 433/666/652
f 433/666/652 70/665/651 69/667/653
f 433/666/652 69/667/653 432/668/654
f 432/668/654 69/667/653 68/669/655
f 432/668/654 68/669/655 431/670/656
f 431/670/656 68/669/655 67/671/657
f 431/670/656 67/671/657 66/672/658
f 431/670/656 66/672/658 430/673/659
f 430/673/659 66/672/658 65/674/660
f 430/673/659 65/674/660 429/675/661
f 429/675/661 65/674/660 64/676/662
f 429/675/661 64/676/662 428/677/663
f 428/677/663 64/676/662 63/678/664
f 428/677/663 63/678/664 62/679/665
f 428/677/663 62/679/665 427/680/666
f 427/680/666 62/679/665 61/681/667
f 427/680/666 61/681/667 426/682/668
f 426/682/668 61/681/667 60/683/669
f 426/682/668 60/683/669 425/684/670
f 425/684/670 60/683/669 59/685/671
f 425/684/670 59/685/671 58/686/672
f 425/684/670 58/686/672 424/687/673
f 424/687/673 58/686/672 57/688/674
f 424/687/673 57/688/674 423/689/675
f 423/689/675 57/688/674 56/690/676
f 423/689/675 56/690/676 422/691/677
f 422/691/677 56/690/676 55/692/678
f 422/691/677 55/692/678 54/693/679
f 422/691/677 54/693/679 421/694/680
f 421/694/680 54/693/679 53/695/681
f 421/694/680 53/695/681 420/696/682
f 420/696/682 53/695/681 52/697/683
f 420/696/682 52/697/683 419/698/684
f 419/698/684 52/697/683 51/699/685
f 419/698/684 51/699/685 50/700/686
f 419/698/684 50/700/686 418/701/687
f 418/701/687 50/700/686 49/702/688
f 418/701/687 49/702/688 417/703/689
f 417/703/689 49/702/688 48/704/690
f 417/703/689 48/704/690 416/705/691
f 416/705/691 48/704/690 47/706/692
f 416/705/691 47/706/692 46/707/693
f 416/705/691 46/707/693 415/708/694
f 415/708/694 46/707/693 45/709/695
f 415/708/694 45/709/695 414/710/696
f 414/710/696 45/709/695 44/711/641
f 414/710/696 44/711/641 413/712/643
f 438/713/697 289/714/698 437/715/699
f 437/715/699 289/714/698 288/716/700
f 437/717/699 288/718/700 287/719/701
f 289/714/698 438/713/697 290/720/702
f 290/720/702 438/713/697 439/721/703
f 290/720/702 439/721/703 482/722/704
f 482/722/704 439/721/703 481/723/705
f 481/723/705 439/721/703 440/724/706
f 481/723/705 440/724/706 480/725/707
f 480/725/707 440/724/706 441/726/708
f 480/725/707 441/726/708 479/727/709
f 479/727/709 441/726/708 442/728/710
f 479/727/709 442/728/710 478/729/711
f 478/729/711 442/728/710 443/730/712
f 478/729/711 443/730/712 477/731/713
f 477/731/713 443/730/712 444/732/714
f 477/731/713 444/732/714 476/733/715
f 476/733/715 444/732/714 445/734/716
f 476/733/715 445/734/716 475/735/717
f 475/735/717 445/734/716 446/736/718
f 475/735/717 446/736/718 474/737/719
f 474/737/719 446/736/718 447/738/720
f 474/737/719 447/738/720 473/739/721
f 473/739/721 447/738/720 448/740/722
f 473/739/721 448/740/722 472/741/723
f 472/741/723 448/740/722 449/742/724
f 472/741/723 449/742/724 471/743/725
f 471/743/725 449/742/724 450/744/726
f 471/743/725 450/744/726 470/745/727
f 470/745/727 450/744/726 451/746/728
f 470/745/727 451/746/728 469/747/729
f 469/747/729 451/746/728 452/748/730
f 469/747/729 452/748/730 468/749/731
f 468/749/731 452/748/730 453/750/732
f 468/749/731 453/750/732 467/751/733
f 467/751/733 453/750/732 454/752/734
f 467/751/733 454/752/734 466/753/735
f 466/753/735 454/752/734 455/754/736
f 466/753/735 455/754/736 465/755/737
f 465/755/737 455/754/736 456/756/738
f 465/755/737 456/756/738 464/757/739
f 464/757/739 456/756/738 457/758/740
f 464/757/739 457/758/740 463/759/741
f 463/759/741 457/758/740 458/760/742
f 463/759/741 458/760/742 462/761/743
f 462/761/743 458/760/742 459/762/744
f 462/761/743 459/762/744 461/763/745
f 461/763/745 459/762/744 286/764/746
f 286/764/746 459/762/744 460/765/747
f 286/764/746 460/765/747 287/719/701
f 287/719/701 460/765/747 437/717/699
f 436/766/748 438/767/749 413/768/750
f 413/768/750 438/767/749 437/769/751
f 413/768/750 437/769/751 414/770/752
f 414/770/752 437/769/751 460/771/753
f 414/770/752 460/771/753 415/772/754
f 415/772/754 460/771/753 459/773/755
f 415/772/754 459/773/755 416/774/756
f 416/774/756 459/773/755 458/775/757
f 416/774/756 458/775/757 417/776/758
f 417/776/758 458/775/757 457/777/759
f 417/776/758 457/777/759 418/778/760
f 418/778/760 457/777/759 456/779/761
f 418/778/760 456/779/761 419/780/762
f 419/780/762 456/779/761 455/781/763
f 419/780/762 455/781/763 454/782/764
f 436/766/748 435/783/765 438/767/749
f 438/767/749 435/783/765 439/784/766
f 439/784/766 435/783/765 434/785/767
f 439/784/766 434/785/767 440/786/768
f 440/786/768 434/785/767 433/787/769
f 440/786/768 433/787/769 441/788/770
f 441/788/770 433/787/769 432/789/771
f 441/788/770 432/789/771 442/790/772
f 442/790/772 432/789/771 431/791/773
f 442/790/772 431/791/773 443/792/774
f 443/792/774 431/791/773 444/793/775
f 444/793/775 431/791/773 430/794/776
f 444/793/775 430/794/776 445/795/777
f 445/795/777 430/794/776 429/796/778
f 445/795/777 429/796/778 446/797/779
f 446/797/779 429/796/778 428/798/780
f 446/797/779 428/798/780 447/799/781
f 447/799/781 428/798/780 427/800/782
f 447/799/781 427/800/782 448/801/783
f 448/801/783 427/800/782 426/802/784
f 448/801/783 426/802/784 449/803/785
f 449/803/785 426/802/784 425/804/786
f 449/803/785 425/804/786 424/805/787
f 449/803/785 424/805/787 450/806/788
f 450/806/788 424/805/787 423/807/789
f 450/806/788 423/807/789 451/808/790
f 451/808/790 423/807/789 422/809/791
f 451/808/790 422/809/791 452/810/792
f 452/810/792 422/809/791 421/811/793
f 452/810/792 421/811/793 453/812/794
f 453/812/794 421/811/793 420/813/795
f 453/812/794 420/813/795 454/782/764
f 454/782/764 420/813/795 419/780/762
f 286/814/796 314/815/797 461/816/798
f 461/816/798 314/815/797 483/817/799
f 482/818/800 481/819/801 486/820/802
f 486/820/802 481/819/801 480/821/803
f 486/820/802 480/821/803 479/822/804
f 479/822/804 478/823/805 486/820/802
f 486/820/802 478/823/805 477/824/806
f 486/820/802 477/824/806 485/825/807
f 485/825/807 477/824/806 476/826/808
f 485/825/807 476/826/808 475/827/809
f 475/827/809 474/828/810 485/825/807
f 485/825/807 474/828/810 473/829/811
f 485/825/807 473/829/811 472/830/812
f 472/830/812 471/831/813 485/825/807
f 485/825/807 471/831/813 470/832/814
f 485/825/807 470/832/814 484/833/815
f 484/833/815 470/832/814 469/834/816
f 484/833/815 469/834/816 468/835/817
f 468/835/817 467/836/818 484/833/815
f 484/833/815 467/836/818 483/837/819
f 483/837/819 467/836/818 466/838/820
f 483/837/819 466/838/820 465/839/821
f 465/839/821 464/840/822 483/837/819
f 483/837/819 464/840/822 463/841/823
f 483/837/819 463/841/823 462/842/824
f 462/842/824 461/843/825 483/837/819
f 488/844/826 29/845/827 487/846/828
f 487/846/828 29/845/827 489/847/829
f 487/846/828 489/847/829 490/848/830
f 488/844/826 30/849/831 29/845/827
f 487/846/828 490/848/830 502/850/832
f 502/850/832 490/848/830 491/851/833
f 502/850/832 491/851/833 494/852/834
f 494/852/834 491/851/833 493/853/835
f 493/853/835 491/851/833 492/854/836
f 493/853/835 492/854/836 298/855/837
f 298/855/837 492/854/836 299/856/838
f 298/855/837 295/857/839 493/853/835
f 493/853/835 295/857/839 294/858/840
f 494/852/834 303/859/841 502/850/832
f 502/850/832 303/859/841 501/860/842
f 501/860/842 303/859/841 498/861/843
f 501/860/842 498/861/843 500/862/844
f 500/862/844 498/861/843 499/863/845
f 303/859/841 302/864/846 498/861/843
f 498/861/843 302/864/846 496/865/847
f 498/861/843 496/865/847 497/866/848
f 302/864/846 495/867/849 496/865/847
f 503/868/850 31/869/851 488/870/852
f 488/870/852 31/869/851 30/871/853
f 504/872/854 21/873/855 505/874/856
f 505/874/856 21/873/855 32/875/857
f 506/876/858 507/877/859 509/878/860
f 509/878/860 507/877/859 508/879/861
f 510/880/862 503/881/863 487/882/864
f 487/882/864 503/881/863 488/883/865
f 511/884/866 512/885/867 518/886/868
f 518/886/868 512/885/867 513/887/869
f 518/886/868 513/887/869 517/888/870
f 517/888/870 513/887/869 514/889/871
f 517/888/870 514/889/871 516/890/872
f 516/890/872 514/889/871 515/891/873
f 513/887/869 508/892/874 514/889/871
f 514/889/871 508/892/874 507/893/875
f 517/888/870 504/894/876 518/886/868
f 518/886/868 504/894/876 505/895/877
f 519/896/878 520/897/879 506/898/880
f 506/898/880 520/897/879 521/899/881
f 509/900/882 522/901/883 490/902/884
f 490/902/884 522/901/883 491/903/885
f 523/904/886 524/905/887 300/906/888
f 300/906/888 524/905/887 301/907/889
f 516/908/890 515/909/891 531/910/892
f 531/910/892 515/909/891 526/911/893
f 531/910/892 526/911/893 293/912/894
f 515/909/891 525/913/895 526/911/893
f 531/910/892 293/912/894 530/914/896
f 530/914/896 293/912/894 292/915/897
f 530/914/896 292/915/897 527/916/898
f 528/917/899 529/918/900 527/916/898
f 527/916/898 529/918/900 530/914/896
f 28/919/901 42/920/902 29/921/903
f 29/921/903 42/920/902 489/922/904
f 532/923/905 519/924/906 41/925/907
f 41/925/907 519/924/906 42/926/908
f 42/926/908 519/924/906 506/927/909
f 42/926/908 506/927/909 489/928/910
f 489/928/910 506/927/909 509/929/911
f 489/928/910 509/929/911 490/930/912
f 301/931/913 524/932/914 39/933/915
f 39/933/915 524/932/914 40/934/916
f 519/935/917 532/936/918 520/937/919
f 523/938/920 300/939/921 492/940/922
f 492/940/922 300/939/921 299/941/923
f 533/942/924 496/943/925 534/944/926
f 534/944/926 496/943/925 495/945/927
f 36/946/928 535/947/929 37/948/930
f 37/948/930 535/947/929 536/949/931
f 536/950/932 534/951/933 37/952/934
f 37/952/934 534/951/933 38/953/935
f 38/953/935 534/951/933 302/954/936
f 302/954/936 534/951/933 495/955/937
f 537/956/938 538/957/939 485/958/940
f 485/958/940 538/957/939 486/959/941
f 539/960/942 540/961/943 542/962/944
f 542/962/944 540/961/943 541/963/945
f 543/964/946 544/965/947 541/966/948
f 541/966/948 544/965/947 542/967/949
f 542/967/949 544/965/947 546/968/950
f 546/968/950 544/965/947 545/969/951
f 521/970/952 547/971/953 549/972/954
f 549/972/954 547/971/953 548/973/955
f 280/974/956 279/975/957 339/976/958
f 339/976/958 279/975/957 278/977/959
f 339/976/958 278/977/959 277/978/960
f 277/978/960 276/979/961 339/976/958
f 339/976/958 276/979/961 275/980/962
f 339/976/958 275/980/962 274/981/963
f 339/976/958 274/981/963 548/982/964
f 548/982/964 274/981/963 273/983/965
f 548/982/964 273/983/965 272/984/966
f 272/984/966 271/985/967 548/982/964
f 548/982/964 271/985/967 549/986/968
f 549/986/968 271/985/967 270/987/969
f 549/986/968 270/987/969 269/988/970
f 269/988/970 268/989/971 549/986/968
f 549/986/968 268/989/971 267/990/972
f 549/986/968 267/990/972 266/991/973
f 266/991/973 265/992/974 549/986/968
f 549/986/968 265/992/974 264/993/975
f 549/986/968 264/993/975 550/994/976
f 550/994/976 264/993/975 263/995/977
f 550/994/976 263/995/977 262/996/978
f 262/996/978 261/997/979 550/994/976
f 550/994/976 261/997/979 260/998/980
f 550/994/976 260/998/980 259/999/981
f 339/1000/982 548/1001/983 335/1002/984
f 335/1002/984 548/1001/983 336/1003/985
f 336/1003/985 548/1001/983 556/1004/986
f 556/1004/986 548/1001/983 547/1005/987
f 556/1004/986 547/1005/987 555/1006/988
f 555/1006/988 547/1005/987 554/1007/989
f 554/1007/989 547/1005/987 551/1008/990
f 554/1007/989 551/1008/990 553/1009/991
f 553/1009/991 551/1008/990 552/1010/992
f 557/1011/993 522/1012/994 559/1013/995
f 559/1013/995 522/1012/994 558/1014/996
f 411/1015/997 410/1016/998 412/1017/999
f 412/1017/999 410/1016/998 409/1018/1000
f 412/1017/999 409/1018/1000 408/1019/1001
f 408/1019/1001 407/1020/1002 412/1017/999
f 412/1017/999 407/1020/1002 406/1021/1003
f 412/1017/999 406/1021/1003 558/1022/1004
f 558/1022/1004 406/1021/1003 405/1023/1005
f 558/1022/1004 405/1023/1005 404/1024/1006
f 404/1024/1006 403/1025/1007 558/1022/1004
f 558/1022/1004 403/1025/1007 402/1026/1008
f 558/1022/1004 402/1026/1008 401/1027/1009
f 401/1027/1009 400/1028/1010 558/1022/1004
f 558/1022/1004 400/1028/1010 399/1029/1011
f 558/1022/1004 399/1029/1011 398/1030/1012
f 558/1022/1004 398/1030/1012 559/1031/1013
f 559/1031/1013 398/1030/1012 397/1032/1014
f 559/1031/1013 397/1032/1014 396/1033/1015
f 396/1033/1015 395/1034/1016 559/1031/1013
f 559/1031/1013 395/1034/1016 560/1035/1017
f 560/1035/1017 395/1034/1016 394/1036/1018
f 560/1035/1017 394/1036/1018 393/1037/1019
f 393/1037/1019 392/1038/1020 560/1035/1017
f 560/1035/1017 392/1038/1020 391/1039/1021
f 560/1035/1017 391/1039/1021 390/1040/1022
f 390/1040/1022 389/1041/1023 560/1035/1017
f 560/1035/1017 389/1041/1023 388/1042/1024
f 297/1043/1025 296/1044/1026 298/1045/1027
f 298/1045/1027 296/1044/1026 295/1046/1028
f 561/1047/1029 304/1048/1030 494/1049/1031
f 494/1049/1031 304/1048/1030 303/1050/1032
f 562/1051/1033 510/1052/1034 502/1053/1035
f 502/1053/1035 510/1052/1034 487/1054/1036
f 563/1055/1037 562/1056/1038 501/1057/1039
f 501/1057/1039 562/1056/1038 502/1058/1040
f 564/1059/1041 563/1060/1042 500/1061/1043
f 500/1061/1043 563/1060/1042 501/1062/1044
f 565/1063/1045 564/1064/1046 499/1065/1047
f 499/1065/1047 564/1064/1046 500/1066/1048
f 566/1067/1049 565/1068/1050 498/1069/1051
f 498/1069/1051 565/1068/1050 499/1070/1052
f 567/1071/1053 566/1072/1054 497/1073/1055
f 497/1073/1055 566/1072/1054 498/1074/1056
f 533/1075/1057 567/1076/1058 496/1077/1059
f 496/1077/1059 567/1076/1058 497/1078/1060
f 305/1079/1061 571/1080/1062 568/1081/1063
f 568/1081/1063 571/1080/1062 572/1082/1064
f 568/1081/1063 572/1082/1064 573/1083/1065
f 305/1079/1061 304/1084/1066 571/1080/1062
f 571/1080/1062 304/1084/1066 570/1085/1067
f 570/1085/1067 304/1084/1066 561/1086/1068
f 570/1085/1067 561/1086/1068 569/1087/1069
f 512/1088/1070 511/1089/1071 569/1087/1069
f 569/1087/1069 511/1089/1071 570/1085/1067
f 574/1090/1072 575/1091/1073 526/1092/1074
f 526/1092/1074 575/1091/1073 293/1093/1075
f 293/1093/1075 575/1091/1073 294/1094/1076
f 294/1094/1076 575/1091/1073 493/1095/1077
f 556/1096/1078 555/1097/1079 577/1098/1080
f 577/1098/1080 555/1097/1079 576/1099/1081
f 336/1100/1082 556/1101/1083 337/1102/1084
f 337/1102/1084 556/1101/1083 577/1103/1085
f 328/1104/1086 578/1105/1087 329/1106/1088
f 329/1106/1088 578/1105/1087 579/1107/1089
f 578/1108/1090 580/1109/1091 579/1110/1092
f 579/1110/1092 580/1109/1091 581/1111/1093
f 580/1112/1094 574/1113/1095 581/1114/1096
f 581/1114/1096 574/1113/1095 555/1115/1097
f 555/1115/1097 574/1113/1095 526/1116/1098
f 555/1115/1097 526/1116/1098 576/1117/1099
f 576/1117/1099 526/1116/1098 525/1118/1100
f 522/1119/1101 578/1120/1102 558/1121/1103
f 558/1121/1103 578/1120/1102 328/1122/1104
f 558/1121/1103 328/1122/1104 327/1123/1105
f 578/1120/1102 522/1119/1101 580/1124/1106
f 580/1124/1106 522/1119/1101 509/1125/1107
f 580/1124/1106 509/1125/1107 574/1126/1108
f 574/1126/1108 509/1125/1107 582/1127/1109
f 574/1126/1108 582/1127/1109 575/1128/1110
f 508/1129/1111 513/1130/1112 509/1125/1107
f 509/1125/1107 513/1130/1112 582/1127/1109
f 327/1123/1105 412/1131/1113 558/1121/1103
f 555/1132/1114 554/1133/1115 581/1134/1116
f 581/1134/1116 554/1133/1115 583/1135/1117
f 525/1136/1118 515/1137/1119 576/1138/1120
f 576/1138/1120 515/1137/1119 514/1139/1121
f 551/1140/1122 547/1141/1123 584/1142/1124
f 584/1142/1124 547/1141/1123 557/1143/1125
f 154/1144/1126 41/1145/1127 131/1146/1128
f 131/1146/1128 41/1145/1127 40/1147/1129
f 131/1146/1128 40/1147/1129 132/1148/1130
f 132/1148/1130 40/1147/1129 133/1149/1131
f 133/1149/1131 40/1147/1129 134/1150/1132
f 134/1150/1132 40/1147/1129 135/1151/1133
f 135/1151/1133 40/1147/1129 136/1152/1134
f 136/1152/1134 40/1147/1129 137/1153/1135
f 137/1153/1135 40/1147/1129 523/1154/1136
f 137/1153/1135 523/1154/1136 138/1155/1137
f 138/1155/1137 523/1154/1136 587/1156/1138
f 138/1155/1137 587/1156/1138 139/1157/1139
f 139/1157/1139 587/1156/1138 140/1158/1140
f 140/1158/1140 587/1156/1138 141/1159/1141
f 141/1159/1141 587/1156/1138 142/1160/1142
f 142/1160/1142 587/1156/1138 143/1161/1143
f 143/1161/1143 587/1156/1138 144/1162/1144
f 144/1162/1144 587/1156/1138 145/1163/1145
f 145/1163/1145 587/1156/1138 588/1164/1146
f 145/1163/1145 588/1164/1146 146/1165/1147
f 146/1165/1147 588/1164/1146 147/1166/1148
f 147/1166/1148 588/1164/1146 547/1167/1149
f 147/1166/1148 547/1167/1149 148/1168/1150
f 148/1168/1150 547/1167/1149 149/1169/1151
f 149/1169/1151 547/1167/1149 521/1170/1152
f 149/1169/1151 521/1170/1152 520/1171/1153
f 154/1144/1126 153/1172/1154 41/1145/1127
f 41/1145/1127 153/1172/1154 152/1173/1155
f 41/1145/1127 152/1173/1155 151/1174/1156
f 41/1145/1127 151/1174/1156 520/1171/1153
f 520/1171/1153 151/1174/1156 150/1175/1157
f 520/1171/1153 150/1175/1157 149/1169/1151
f 188/1176/1158 187/1177/1159 586/1178/1160
f 586/1178/1160 187/1177/1159 210/1179/1161
f 586/1178/1160 210/1179/1161 209/1180/1162
f 586/1178/1160 209/1180/1162 585/1181/1163
f 585/1181/1163 209/1180/1162 208/1182/1164
f 585/1181/1163 208/1182/1164 207/1183/1165
f 585/1181/1163 207/1183/1165 557/1184/1166
f 557/1184/1166 207/1183/1165 206/1185/1167
f 557/1184/1166 206/1185/1167 522/1186/1168
f 522/1186/1168 206/1185/1167 205/1187/1169
f 522/1186/1168 205/1187/1169 491/1188/1170
f 491/1188/1170 205/1187/1169 204/1189/1171
f 491/1188/1170 204/1189/1171 203/1190/1172
f 203/1190/1172 202/1191/1173 491/1188/1170
f 491/1188/1170 202/1191/1173 201/1192/1174
f 491/1188/1170 201/1192/1174 200/1193/1175
f 200/1193/1175 199/1194/1176 491/1188/1170
f 491/1188/1170 199/1194/1176 492/1195/1177
f 492/1195/1177 199/1194/1176 198/1196/1178
f 492/1195/1177 198/1196/1178 197/1197/1179
f 197/1197/1179 196/1198/1180 492/1195/1177
f 492/1195/1177 196/1198/1180 195/1199/1181
f 492/1195/1177 195/1199/1181 194/1200/1182
f 194/1200/1182 193/1201/1183 492/1195/1177
f 492/1195/1177 193/1201/1183 192/1202/1184
f 492/1195/1177 192/1202/1184 586/1178/1160
f 586/1178/1160 192/1202/1184 191/1203/1185
f 586/1178/1160 191/1203/1185 190/1204/1186
f 190/1204/1186 189/1205/1187 586/1178/1160
f 586/1178/1160 189/1205/1187 188/1176/1158
f 520/1171/1153 532/1206/1188 41/1145/1127
f 40/1147/1129 524/1207/1189 523/1154/1136
f 587/1156/1138 523/1154/1136 586/1178/1160
f 586/1178/1160 523/1154/1136 492/1195/1177
f 557/1184/1166 547/1167/1149 585/1181/1163
f 585/1181/1163 547/1167/1149 588/1164/1146
f 550/1208/1190 338/1209/1191 549/1210/1192
f 549/1210/1192 338/1209/1191 337/1211/1193
f 549/1210/1192 337/1211/1193 577/1212/1194
f 549/1210/1192 577/1212/1194 521/1213/1195
f 521/1213/1195 577/1212/1194 576/1214/1196
f 521/1213/1195 576/1214/1196 506/1215/1197
f 506/1215/1197 576/1214/1196 514/1216/1198
f 506/1215/1197 514/1216/1198 507/1217/1199
f 285/1218/1200 338/1219/1201 259/1220/1202
f 259/1220/1202 338/1219/1201 550/1221/1203
f 323/1222/1204 330/1223/1205 388/1224/1206
f 388/1224/1206 330/1223/1205 560/1225/1207
f 587/1226/1208 586/1227/1209 334/1228/1210
f 334/1228/1210 586/1227/1209 331/1229/1211
f 586/1230/1212 585/1231/1213 331/1232/1214
f 331/1232/1214 585/1231/1213 332/1233/1215
f 585/1234/1216 588/1235/1217 332/1236/1218
f 332/1236/1218 588/1235/1217 333/1237/1219
f 588/1238/1220 587/1239/1221 333/1240/1222
f 333/1240/1222 587/1239/1221 334/1241/1223
f 494/1242/1224 493/1243/1225 561/1244/1226
f 561/1244/1226 493/1243/1225 575/1245/1227
f 561/1244/1226 575/1245/1227 582/1246/1228
f 582/1246/1228 569/1247/1229 561/1244/1226
f 569/1248/1230 582/1249/1231 512/1250/1232
f 512/1250/1232 582/1249/1231 513/1251/1233
f 553/1252/1234 589/1253/1235 554/1254/1236
f 554/1254/1236 589/1253/1235 583/1255/1237
f 590/1256/1238 552/1257/1239 584/1258/1240
f 584/1258/1240 552/1257/1239 551/1259/1241
f 560/1260/1242 330/1261/1243 559/1262/1244
f 559/1262/1244 330/1261/1243 329/1263/1245
f 559/1262/1244 329/1263/1245 579/1264/1246
f 559/1262/1244 579/1264/1246 557/1265/1247
f 557/1265/1247 579/1264/1246 581/1266/1248
f 557/1265/1247 581/1266/1248 583/1267/1249
f 557/1265/1247 583/1267/1249 584/1268/1250
f 584/1268/1250 583/1267/1249 589/1269/1251
f 584/1268/1250 589/1269/1251 590/1270/1252
f 553/1271/1253 552/1272/1254 589/1273/1255
f 589/1273/1255 552/1272/1254 590/1274/1256
f 568/1275/1257 591/1276/1258 305/1277/1259
f 305/1277/1259 591/1276/1258 306/1278/1260
f 592/1279/1261 593/1280/1262 311/1281/1263
f 311/1281/1263 593/1280/1262 312/1282/1264
f 594/1283/1265 527/1284/1266 291/1285/1267
f 291/1285/1267 527/1284/1266 292/1286/1268
f 539/1287/1269 595/1288/1270 597/1289/1271
f 597/1289/1271 595/1288/1270 596/1290/1272
f 537/1291/1273 598/1292/1274 540/1293/1275
f 540/1293/1275 598/1292/1274 599/1294/1276
f 595/1295/1277 600/1296/1278 596/1297/1279
f 596/1297/1279 600/1296/1278 601/1298/1280
f 600/1299/1281 602/1300/1282 601/1301/1283
f 601/1301/1283 602/1300/1282 603/1302/1284
f 602/1303/1285 32/1304/1286 603/1305/1287
f 603/1305/1287 32/1304/1286 31/1306/1288
f 518/1307/1289 604/1308/1290 511/1309/1291
f 511/1309/1291 604/1308/1290 570/1310/1292
f 604/1311/1293 605/1312/1294 570/1313/1295
f 570/1313/1295 605/1312/1294 571/1314/1296
f 605/1315/1297 606/1316/1298 571/1317/1299
f 571/1317/1299 606/1316/1298 572/1318/1300
f 606/1319/1301 607/1320/1302 572/1321/1303
f 572/1321/1303 607/1320/1302 573/1322/1304
f 607/1323/1305 591/1324/1306 573/1325/1307
f 573/1325/1307 591/1324/1306 568/1326/1308
f 608/1327/1309 593/1328/1310 609/1329/1311
f 609/1329/1311 593/1328/1310 592/1330/1312
f 19/1331/1313 610/1332/1314 20/1333/1315
f 20/1333/1315 610/1332/1314 33/1334/1316
f 610/1335/1317 538/1336/1318 33/1337/1319
f 33/1337/1319 538/1336/1318 34/1338/1320
f 76/1339/1321 75/1340/1322 34/1341/1323
f 34/1341/1323 75/1340/1322 98/1342/1324
f 34/1341/1323 98/1342/1324 35/1343/1325
f 35/1343/1325 98/1342/1324 97/1344/1326
f 35/1343/1325 97/1344/1326 96/1345/1327
f 96/1345/1327 95/1346/1328 35/1343/1325
f 35/1343/1325 95/1346/1328 94/1347/1329
f 35/1343/1325 94/1347/1329 93/1348/1330
f 35/1343/1325 93/1348/1330 619/1349/1331
f 619/1349/1331 93/1348/1330 92/1350/1332
f 619/1349/1331 92/1350/1332 91/1351/1333
f 91/1351/1333 90/1352/1334 619/1349/1331
f 619/1349/1331 90/1352/1334 618/1353/1335
f 618/1353/1335 90/1352/1334 89/1354/1336
f 618/1353/1335 89/1354/1336 88/1355/1337
f 88/1355/1337 87/1356/1338 618/1353/1335
f 618/1353/1335 87/1356/1338 86/1357/1339
f 618/1353/1335 86/1357/1339 85/1358/1340
f 618/1353/1335 85/1358/1340 537/1359/1341
f 537/1359/1341 85/1358/1340 84/1360/1342
f 537/1359/1341 84/1360/1342 83/1361/1343
f 83/1361/1343 82/1362/1344 537/1359/1341
f 537/1359/1341 82/1362/1344 81/1363/1345
f 537/1359/1341 81/1363/1345 538/1364/1346
f 538/1364/1346 81/1363/1345 80/1365/1347
f 538/1364/1346 80/1365/1347 79/1366/1348
f 538/1364/1346 79/1366/1348 34/1341/1323
f 34/1341/1323 79/1366/1348 78/1367/1349
f 34/1341/1323 78/1367/1349 77/1368/1350
f 77/1368/1350 76/1339/1321 34/1341/1323
f 618/1353/1335 537/1359/1341 617/1369/1351
f 617/1369/1351 537/1359/1341 540/1370/1352
f 617/1369/1351 540/1370/1352 539/1371/1353
f 617/1369/1351 539/1371/1353 613/1372/1354
f 613/1372/1354 539/1371/1353 597/1373/1355
f 613/1372/1354 597/1373/1355 611/1374/1356
f 35/1343/1325 616/1375/1357 611/1374/1356
f 611/1374/1356 616/1375/1357 612/1376/1358
f 611/1374/1356 612/1376/1358 613/1372/1354
f 613/1372/1354 614/1377/1359 617/1369/1351
f 617/1369/1351 614/1377/1359 616/1375/1357
f 616/1375/1357 614/1377/1359 615/1378/1360
f 616/1375/1357 615/1378/1360 612/1376/1358
f 619/1349/1331 616/1375/1357 35/1343/1325
f 611/1379/1361 535/1380/1362 35/1381/1363
f 35/1381/1363 535/1380/1362 36/1382/1364
f 516/1383/1365 531/1384/1366 517/1385/1367
f 517/1385/1367 531/1384/1366 620/1386/1368
f 531/1387/1369 530/1388/1370 620/1389/1371
f 620/1389/1371 530/1388/1370 621/1390/1372
f 530/1391/1373 529/1392/1374 621/1393/1375
f 621/1393/1375 529/1392/1374 622/1394/1376
f 529/1395/1377 528/1396/1378 622/1397/1379
f 622/1397/1379 528/1396/1378 623/1398/1380
f 528/1399/1381 527/1400/1382 623/1401/1383
f 623/1401/1383 527/1400/1382 594/1402/1384
f 533/1403/1385 535/1404/1386 567/1405/1387
f 567/1405/1387 535/1404/1386 611/1406/1388
f 567/1405/1387 611/1406/1388 597/1407/1389
f 534/1408/1390 536/1409/1391 533/1403/1385
f 533/1403/1385 536/1409/1391 535/1404/1386
f 596/1410/1392 565/1411/1393 597/1407/1389
f 597/1407/1389 565/1411/1393 566/1412/1394
f 597/1407/1389 566/1412/1394 567/1405/1387
f 565/1411/1393 596/1410/1392 564/1413/1395
f 564/1413/1395 596/1410/1392 601/1414/1396
f 564/1413/1395 601/1414/1396 603/1415/1397
f 31/1416/1398 562/1417/1399 603/1415/1397
f 603/1415/1397 562/1417/1399 563/1418/1400
f 603/1415/1397 563/1418/1400 564/1413/1395
f 503/1419/1401 510/1420/1402 31/1416/1398
f 31/1416/1398 510/1420/1402 562/1417/1399
f 614/1421/1403 613/1422/1404 318/1423/1405
f 318/1423/1405 613/1422/1404 315/1424/1406
f 613/1425/1407 612/1426/1408 315/1427/1409
f 315/1427/1409 612/1426/1408 316/1428/1410
f 618/1429/1411 617/1430/1412 321/1431/1413
f 321/1431/1413 617/1430/1412 322/1432/1414
f 617/1433/1415 616/1434/1416 322/1435/1417
f 322/1435/1417 616/1434/1416 319/1436/1418
f 546/1437/1419 545/1438/1420 307/1439/1421
f 307/1439/1421 545/1438/1420 308/1440/1422
f 482/1441/1423 486/1442/1424 290/1443/1425
f 290/1443/1425 486/1442/1424 291/1444/1426
f 291/1444/1426 486/1442/1424 594/1445/1427
f 594/1445/1427 486/1442/1424 538/1446/1428
f 594/1445/1427 538/1446/1428 623/1447/1429
f 623/1447/1429 538/1446/1428 610/1448/1430
f 623/1447/1429 610/1448/1430 19/1449/1431
f 623/1447/1429 19/1449/1431 622/1450/1432
f 622/1450/1432 19/1449/1431 18/1451/1433
f 622/1450/1432 18/1451/1433 621/1452/1434
f 621/1452/1434 18/1451/1433 21/1453/1435
f 621/1452/1434 21/1453/1435 620/1454/1436
f 620/1454/1436 21/1453/1435 517/1455/1437
f 517/1455/1437 21/1453/1435 504/1456/1438
f 484/1457/1439 483/1458/1440 313/1459/1441
f 313/1459/1441 483/1458/1440 314/1460/1442
f 484/1461/1443 313/1462/1444 485/1463/1445
f 485/1463/1445 313/1462/1444 312/1464/1446
f 485/1463/1445 312/1464/1446 593/1465/1447
f 485/1463/1445 593/1465/1447 537/1466/1448
f 537/1466/1448 593/1465/1447 608/1467/1449
f 537/1466/1448 608/1467/1449 598/1468/1450
f 599/1469/1451 598/1470/1452 609/1471/1453
f 609/1471/1453 598/1470/1452 608/1472/1454
f 540/1473/1455 592/1474/1456 541/1475/1457
f 541/1475/1457 592/1474/1456 311/1476/1458
f 541/1475/1457 311/1476/1458 310/1477/1459
f 599/1478/1460 609/1479/1461 540/1473/1455
f 540/1473/1455 609/1479/1461 592/1474/1456
f 310/1477/1459 543/1480/1462 541/1475/1457
f 544/1481/1463 543/1482/1464 309/1483/1465
f 309/1483/1465 543/1482/1464 310/1484/1466
f 546/1485/1467 307/1486/1468 542/1487/1469
f 542/1487/1469 307/1486/1468 306/1488/1470
f 542/1487/1469 306/1488/1470 591/1489/1471
f 542/1487/1469 591/1489/1471 539/1490/1472
f 539/1490/1472 591/1489/1471 607/1491/1473
f 539/1490/1472 607/1491/1473 595/1492/1474
f 595/1492/1474 607/1491/1473 600/1493/1475
f 600/1493/1475 607/1491/1473 606/1494/1476
f 600/1493/1475 606/1494/1476 602/1495/1477
f 602/1495/1477 606/1494/1476 605/1496/1478
f 602/1495/1477 605/1496/1478 32/1497/1479
f 32/1497/1479 605/1496/1478 604/1498/1480
f 32/1497/1479 604/1498/1480 518/1499/1481
f 518/1499/1481 505/1500/1482 32/1497/1479
f 545/1501/1483 544/1502/1484 308/1503/1485
f 308/1503/1485 544/1502/1484 309/1504/1486
f 612/1505/1487 615/1506/1488 316/1507/1489
f 316/1507/1489 615/1506/1488 317/1508/1490
f 615/1509/1491 614/1510/1492 317/1511/1493
f 317/1511/1493 614/1510/1492 318/1512/1494
f 616/1513/1495 619/1514/1496 319/1515/1497
f 319/1515/1497 619/1514/1496 320/1516/1498
f 619/1517/1499 618/1518/1500 320/1519/1501
f 320/1519/1501 618/1518/1500 321/1520/1502
g piedino

v 16.594000 5.259800 1.899000
v 16.588889 5.298623 1.899000
v 16.573904 5.334800 1.899000
v 16.550066 5.365866 1.899000
v 16.519000 5.389704 1.899000
v 16.482823 5.404689 1.899000
v 16.444000 5.409800 1.899000
v 16.405177 5.404689 1.899000
v 16.369000 5.389704 1.899000
v 16.337934 5.365866 1.899000
v 16.314096 5.334800 1.899000
v 16.299111 5.298623 1.899000
v 16.294000 5.259800 1.899000
v 16.299111 5.220977 1.899000
v 16.314096 5.184800 1.899000
v 16.337934 5.153734 1.899000
v 16.369000 5.129896 1.899000
v 16.405177 5.114911 1.899000
v 16.444000 5.109800 1.899000
v 16.482823 5.114911 1.899000
v 16.519000 5.129896 1.899000
v 16.550066 5.153734 1.899000
v 16.573904 5.184800 1.899000
v 16.588889 5.220977 1.899000
v 16.594000 5.259800 -0.465000
v 16.588889 5.220977 -0.465000
v 16.573904 5.184800 -0.465000
v 16.550066 5.153734 -0.465000
v 16.519000 5.129896 -0.465000
v 16.482823 5.114911 -0.465000
v 16.444000 5.109800 -0.465000
v 16.405177 5.114911 -0.465000
v 16.369000 5.129896 -0.465000
v 16.337934 5.153734 -0.465000
v 16.314096 5.184800 -0.465000
v 16.299111 5.220977 -0.465000
v 16.294000 5.259800 -0.465000
v 16.299111 5.298623 -0.465000
v 16.314096 5.334800 -0.465000
v 16.337934 5.365866 -0.465000
v 16.369000 5.389704 -0.465000
v 16.405177 5.404689 -0.465000
v 16.444000 5.409800 -0.465000
v 16.482823 5.404689 -0.465000
v 16.519000 5.389704 -0.465000
v 16.550066 5.365866 -0.465000
v 16.573904 5.334800 -0.465000
v 16.588889 5.298623 -0.465000
v 16.594000 5.259800 0.323000
v 16.594000 5.259800 1.111000
v 16.588889 5.298623 0.323000
v 16.588889 5.298623 1.111000
v 16.573904 5.334800 0.323000
v 16.573904 5.334800 1.111000
v 16.550066 5.365866 0.323000
v 16.550066 5.365866 1.111000
v 16.519000 5.389704 0.323000
v 16.519000 5.389704 1.111000
v 16.482823 5.404689 0.323000
v 16.482823 5.404689 1.111000
v 16.444000 5.409800 0.323000
v 16.444000 5.409800 1.111000
v 16.405177 5.404689 0.323000
v 16.405177 5.404689 1.111000
v 16.369000 5.389704 0.323000
v 16.369000 5.389704 1.111000
v 16.337934 5.365866 0.323000
v 16.337934 5.365866 1.111000
v 16.314096 5.334800 0.323000
v 16.314096 5.334800 1.111000
v 16.299111 5.298623 0.323000
v 16.299111 5.298623 1.111000
v 16.294000 5.259800 0.323000
v 16.294000 5.259800 1.111000
v 16.299111 5.220977 0.323000
v 16.299111 5.220977 1.111000
v 16.314096 5.184800 0.323000
v 16.314096 5.184800 1.111000
v 16.337934 5.153734 0.323000
v 16.337934 5.153734 1.111000
v 16.369000 5.129896 0.323000
v 16.369000 5.129896 1.111000
v 16.405177 5.114911 0.323000
v 16.405177 5.114911 1.111000
v 16.444000 5.109800 0.323000
v 16.444000 5.109800 1.111000
v 16.482823 5.114911 0.323000
v 16.482823 5.114911 1.111000
v 16.519000 5.129896 0.323000
v 16.519000 5.129896 1.111000
v 16.550066 5.153734 0.323000
v 16.550066 5.153734 1.111000
v 16.573904 5.184800 0.323000
v 16.573904 5.184800 1.111000
v 16.588889 5.220977 0.323000
v 16.588889 5.220977 1.111000
vt 0.144889 0.038823 0.000000
vt -0.144889 0.038823 0.000000
vt 0.150000 0.000000 0.000000
vt -0.150000 0.000000 0.000000
vt 0.144889 -0.038823 0.000000
vt -0.144889 -0.038823 0.000000
vt 0.129904 -0.075000 0.000000
vt -0.129904 -0.075000 0.000000
vt 0.106066 -0.106066 0.000000
vt -0.106066 -0.106066 0.000000
vt 0.075000 -0.129904 0.000000
vt -0.075000 -0.129904 0.000000
vt 0.038823 -0.144889 0.000000
vt -0.038823 -0.144889 0.000000
vt -0.000000 -0.150000 0.000000
vt -0.129904 0.075000 0.000000
vt 0.129904 0.075000 0.000000
vt -0.106066 0.106066 0.000000
vt 0.106066 0.106066 0.000000
vt -0.075000 0.129904 0.000000
vt 0.075000 0.129904 0.000000
vt -0.038823 0.144889 0.000000
vt 0.038823 0.144889 0.000000
vt -0.000000 0.150000 0.000000
vt -0.148889 -0.039023 0.000000
vt 0.140889 -0.039023 0.000000
vt -0.154000 -0.000200 0.000000
vt 0.146000 -0.000200 0.000000
vt -0.148889 0.038623 0.000000
vt 0.140889 0.038623 0.000000
vt -0.133904 0.074800 0.000000
vt 0.125904 0.074800 0.000000
vt -0.110066 0.105866 0.000000
vt 0.102066 0.105866 0.000000
vt -0.079000 0.129704 0.000000
vt 0.071000 0.129704 0.000000
vt -0.042823 0.144689 0.000000
vt 0.034823 0.144689 0.000000
vt -0.004000 0.149800 0.000000
vt 0.125904 -0.075200 0.000000
vt -0.133904 -0.075200 0.000000
vt 0.102066 -0.106266 0.000000
vt -0.110066 -0.106266 0.000000
vt 0.071000 -0.130104 0.000000
vt -0.079000 -0.130104 0.000000
vt 0.034823 -0.145089 0.000000
vt -0.042823 -0.145089 0.000000
vt -0.004000 -0.150200 0.000000
vt -0.600000 0.431969 0.000000
vt 0.188000 0.431969 0.000000
vt -0.600000 0.471239 0.000000
vt 0.188000 0.471239 0.000000
vt -0.600000 -0.471239 0.000000
vt 0.188000 -0.471239 0.000000
vt -0.600000 -0.431969 0.000000
vt 0.188000 -0.431969 0.000000
vt -0.600000 -0.392699 0.000000
vt 0.188000 -0.392699 0.000000
vt -0.600000 -0.353429 0.000000
vt 0.188000 -0.353429 0.000000
vt -0.600000 -0.314159 0.000000
vt 0.188000 -0.314159 0.000000
vt -0.600000 -0.274889 0.000000
vt 0.188000 -0.274889 0.000000
vt -0.600000 -0.235619 0.000000
vt 0.188000 -0.235619 0.000000
vt -0.600000 -0.196350 0.000000
vt 0.188000 -0.196350 0.000000
vt -0.600000 -0.157080 0.000000
vt 0.188000 -0.157080 0.000000
vt -0.600000 -0.117810 0.000000
vt 0.188000 -0.117810 0.000000
vt -0.600000 -0.078540 0.000000
vt 0.188000 -0.078540 0.000000
vt -0.600000 -0.039270 0.000000
vt 0.188000 -0.039270 0.000000
vt -0.600000 0.000000 0.000000
vt 0.188000 -0.000000 0.000000
vt -0.600000 0.039270 0.000000
vt 0.188000 0.039270 0.000000
vt -0.600000 0.078540 0.000000
vt 0.188000 0.078540 0.000000
vt -0.600000 0.117810 0.000000
vt 0.188000 0.117810 0.000000
vt -0.600000 0.157080 0.000000
vt 0.188000 0.157080 0.000000
vt -0.600000 0.196350 0.000000
vt 0.188000 0.196350 0.000000
vt -0.600000 0.235619 0.000000
vt 0.188000 0.235619 0.000000
vt -0.600000 0.274889 0.000000
vt 0.188000 0.274889 0.000000
vt -0.600000 0.314159 0.000000
vt 0.188000 0.314159 0.000000
vt -0.600000 0.353429 0.000000
vt 0.188000 0.353429 0.000000
vt -0.600000 0.392699 0.000000
vt 0.188000 0.392699 0.000000
vt 1.764000 -0.431969 0.000000
vt 0.976000 -0.431969 0.000000
vt 1.764000 -0.471239 0.000000
vt 0.976000 -0.471239 0.000000
vt 1.764000 0.471239 0.000000
vt 0.976000 0.471239 0.000000
vt 1.764000 0.431969 0.000000
vt 0.976000 0.431969 0.000000
vt 1.764000 0.392699 0.000000
vt 0.976000 0.392699 0.000000
vt 1.764000 0.353429 0.000000
vt 0.976000 0.353429 0.000000
vt 1.764000 0.314159 0.000000
vt 0.976000 0.314159 0.000000
vt 1.764000 0.274889 0.000000
vt 0.976000 0.274889 0.000000
vt 1.764000 0.235619 0.000000
vt 0.976000 0.235619 0.000000
vt 1.764000 0.196350 0.000000
vt 0.976000 0.196350 0.000000
vt 1.764000 0.157080 0.000000
vt 0.976000 0.157080 0.000000
vt 1.764000 0.117810 0.000000
vt 0.976000 0.117810 0.000000
vt 1.764000 0.078540 0.000000
vt 0.976000 0.078540 0.000000
vt 1.764000 0.039270 0.000000
vt 0.976000 0.039270 0.000000
vt 1.764000 -0.000000 0.000000
vt 0.976000 -0.000000 0.000000
vt 1.764000 -0.039270 0.000000
vt 0.976000 -0.039270 0.000000
vt 1.764000 -0.078540 0.000000
vt 0.976000 -0.078540 0.000000
vt 1.764000 -0.117810 0.000000
vt 0.976000 -0.117810 0.000000
vt 1.764000 -0.157080 0.000000
vt 0.976000 -0.157080 0.000000
vt 1.764000 -0.196350 0.000000
vt 0.976000 -0.196350 0.000000
vt 1.764000 -0.235619 0.000000
vt 0.976000 -0.235619 0.000000
vt 1.764000 -0.274889 0.000000
vt 0.976000 -0.274889 0.000000
vt 1.764000 -0.314159 0.000000
vt 0.976000 -0.314159 0.000000
vt 1.764000 -0.353429 0.000000
vt 0.976000 -0.353429 0.000000
vt 1.764000 -0.392699 0.000000
vt 0.976000 -0.392699 0.000000
vn -0.000000 0.000000 1.000000
vn -0.000000 0.000000 1.000000
vn -0.000000 0.000000 1.000000
vn -0.000000 0.000000 1.000000
vn -0.000000 0.000000 1.000000
vn -0.000000 0.000000 1.000000
vn -0.000000 0.000000 1.000000
vn -0.000000 0.000000 1.000000
vn -0.000000 0.000000 1.000000
vn -0.000000 0.000000 1.000000
vn -0.000000 0.000000 1.000000
vn -0.000000 0.000000 1.000000
vn -0.000000 0.000000 1.000000
vn -0.000000 0.000000 1.000000
vn -0.000000 0.000000 1.000000
vn -0.000000 0.000000 1.000000
vn -0.000000 0.000000 1.000000
vn -0.000000 0.000000 1.000000
vn -0.000000 0.000000 1.000000
vn -0.000000 0.000000 1.000000
vn -0.000000 0.000000 1.000000
vn -0.000000 0.000000 1.000000
vn -0.000000 0.000000 1.000000
vn -0.000000 0.000000 1.000000
vn 0.000000 -0.000000 -1.000000
vn 0.000000 -0.000000 -1.000000
vn 0.000000 -0.000000 -1.000000
vn 0.000000 -0.000000 -1.000000
vn 0.000000 -0.000000 -1.000000
vn 0.000000 -0.000000 -1.000000
vn 0.000000 -0.000000 -1.000000
vn 0.000000 -0.000000 -1.000000
vn 0.000000 -0.000000 -1.000000
vn 0.000000 -0.000000 -1.000000
vn 0.000000 -0.000000 -1.000000
vn 0.000000 -0.000000 -1.000000
vn 0.000000 -0.000000 -1.000000
vn 0.000000 -0.000000 -1.000000
vn 0.000000 -0.000000 -1.000000
vn 0.000000 -0.000000 -1.000000
vn 0.000000 -0.000000 -1.000000
vn 0.000000 -0.000000 -1.000000
vn 0.000000 -0.000000 -1.000000
vn 0.000000 -0.000000 -1.000000
vn 0.000000 -0.000000 -1.000000
vn 0.000000 -0.000000 -1.000000
vn 0.000000 -0.000000 -1.000000
vn 0.000000 -0.000000 -1.000000
vn 0.965926 0.258819 -0.000000
vn 0.965926 0.258819 -0.000000
vn 1.000000 0.000000 -0.000000
vn 1.000000 0.000000 -0.000000
vn 0.965926 -0.258819 0.000000
vn 0.965926 -0.258819 0.000000
vn 0.866025 -0.500000 0.000000
vn 0.866025 -0.500000 0.000000
vn 0.707107 -0.707107 0.000000
vn 0.707107 -0.707107 0.000000
vn 0.500000 -0.866025 0.000000
vn 0.500000 -0.866025 0.000000
vn 0.258819 -0.965926 0.000000
vn 0.258819 -0.965926 0.000000
vn -0.000000 -1.000000 0.000000
vn -0.000000 -1.000000 0.000000
vn -0.258819 -0.965926 0.000000
vn -0.258819 -0.965926 0.000000
vn -0.500000 -0.866025 0.000000
vn -0.500000 -0.866025 0.000000
vn -0.707107 -0.707107 0.000000
vn -0.707107 -0.707107 0.000000
vn -0.866025 -0.500000 0.000000
vn -0.866025 -0.500000 0.000000
vn -0.965926 -0.258819 0.000000
vn -0.965926 -0.258819 0.000000
vn -1.000000 0.000000 -0.000000
vn -1.000000 -0.000000 0.000000
vn -0.965926 0.258819 -0.000000
vn -0.965926 0.258819 -0.000000
vn -0.866025 0.500000 -0.000000
vn -0.866025 0.500000 -0.000000
vn -0.707107 0.707107 -0.000000
vn -0.707107 0.707107 -0.000000
vn -0.500000 0.866025 -0.000000
vn -0.500000 0.866025 -0.000000
vn -0.258819 0.965926 -0.000000
vn -0.258819 0.965926 -0.000000
vn -0.000000 1.000000 -0.000000
vn -0.000000 1.000000 -0.000000
vn 0.258819 0.965926 -0.000000
vn 0.258819 0.965926 -0.000000
vn 0.500000 0.866025 -0.000000
vn 0.500000 0.866025 -0.000000
vn 0.707107 0.707107 -0.000000
vn 0.707107 0.707107 -0.000000
vn 0.866025 0.500000 -0.000000
vn 0.866025 0.500000 -0.000000
vn 0.965926 -0.258819 0.000000
vn 0.965926 -0.258819 0.000000
vn 1.000000 -0.000000 0.000000
vn 1.000000 -0.000000 0.000000
vn 0.965926 0.258819 -0.000000
vn 0.965926 0.258819 -0.000000
vn 0.866025 0.500000 -0.000000
vn 0.866025 0.500000 -0.000000
vn 0.707107 0.707107 -0.000000
vn 0.707107 0.707107 -0.000000
vn 0.500000 0.866025 -0.000000
vn 0.500000 0.866025 -0.000000
vn 0.258819 0.965926 -0.000000
vn 0.258819 0.965926 -0.000000
vn -0.000000 1.000000 -0.000000
vn -0.000000 1.000000 -0.000000
vn -0.258819 0.965926 -0.000000
vn -0.258819 0.965926 -0.000000
vn -0.500000 0.866025 -0.000000
vn -0.500000 0.866025 -0.000000
vn -0.707107 0.707107 -0.000000
vn -0.707107 0.707107 -0.000000
vn -0.866025 0.500000 -0.000000
vn -0.866025 0.500000 -0.000000
vn -0.965926 0.258819 -0.000000
vn -0.965926 0.258819 -0.000000
vn -1.000000 -0.000000 0.000000
vn -1.000000 -0.000000 0.000000
vn -0.965926 -0.258819 0.000000
vn -0.965926 -0.258819 0.000000
vn -0.866025 -0.500000 0.000000
vn -0.866025 -0.500000 0.000000
vn -0.707107 -0.707107 0.000000
vn -0.707107 -0.707107 0.000000
vn -0.500000 -0.866025 0.000000
vn -0.500000 -0.866025 0.000000
vn -0.258819 -0.965926 0.000000
vn -0.258819 -0.965926 0.000000
vn -0.000000 -1.000000 0.000000
vn -0.000000 -1.000000 0.000000
vn 0.258819 -0.965926 0.000000
vn 0.258819 -0.965926 0.000000
vn 0.500000 -0.866025 0.000000
vn 0.500000 -0.866025 0.000000
vn 0.707107 -0.707107 0.000000
vn 0.707107 -0.707107 0.000000
vn 0.866025 -0.500000 0.000000
vn 0.866025 -0.500000 0.000000
f 625/1521/1503 635/1522/1504 624/1523/1505
f 624/1523/1505 635/1522/1504 636/1524/1506
f 624/1523/1505 636/1524/1506 647/1525/1507
f 647/1525/1507 636/1524/1506 637/1526/1508
f 647/1525/1507 637/1526/1508 646/1527/1509
f 646/1527/1509 637/1526/1508 638/1528/1510
f 646/1527/1509 638/1528/1510 645/1529/1511
f 645/1529/1511 638/1528/1510 639/1530/1512
f 645/1529/1511 639/1530/1512 644/1531/1513
f 644/1531/1513 639/1530/1512 640/1532/1514
f 644/1531/1513 640/1532/1514 643/1533/1515
f 643/1533/1515 640/1532/1514 641/1534/1516
f 643/1533/1515 641/1534/1516 642/1535/1517
f 635/1522/1504 625/1521/1503 634/1536/1518
f 634/1536/1518 625/1521/1503 626/1537/1519
f 634/1536/1518 626/1537/1519 633/1538/1520
f 633/1538/1520 626/1537/1519 627/1539/1521
f 633/1538/1520 627/1539/1521 632/1540/1522
f 632/1540/1522 627/1539/1521 628/1541/1523
f 632/1540/1522 628/1541/1523 631/1542/1524
f 631/1542/1524 628/1541/1523 629/1543/1525
f 631/1542/1524 629/1543/1525 630/1544/1526
f 649/1545/1527 659/1546/1528 648/1547/1529
f 648/1547/1529 659/1546/1528 660/1548/1530
f 648/1547/1529 660/1548/1530 671/1549/1531
f 671/1549/1531 660/1548/1530 661/1550/1532
f 671/1549/1531 661/1550/1532 670/1551/1533
f 670/1551/1533 661/1550/1532 662/1552/1534
f 670/1551/1533 662/1552/1534 669/1553/1535
f 669/1553/1535 662/1552/1534 663/1554/1536
f 669/1553/1535 663/1554/1536 668/1555/1537
f 668/1555/1537 663/1554/1536 664/1556/1538
f 668/1555/1537 664/1556/1538 667/1557/1539
f 667/1557/1539 664/1556/1538 665/1558/1540
f 667/1557/1539 665/1558/1540 666/1559/1541
f 659/1546/1528 649/1545/1527 658/1560/1542
f 658/1560/1542 649/1545/1527 650/1561/1543
f 658/1560/1542 650/1561/1543 657/1562/1544
f 657/1562/1544 650/1561/1543 651/1563/1545
f 657/1562/1544 651/1563/1545 656/1564/1546
f 656/1564/1546 651/1563/1545 652/1565/1547
f 656/1564/1546 652/1565/1547 655/1566/1548
f 655/1566/1548 652/1565/1547 653/1567/1549
f 655/1566/1548 653/1567/1549 654/1568/1550
f 671/1569/1551 674/1570/1552 648/1571/1553
f 648/1571/1553 674/1570/1552 672/1572/1554
f 648/1573/1553 672/1574/1554 649/1575/1555
f 649/1575/1555 672/1574/1554 718/1576/1556
f 649/1575/1555 718/1576/1556 650/1577/1557
f 650/1577/1557 718/1576/1556 716/1578/1558
f 650/1577/1557 716/1578/1558 651/1579/1559
f 651/1579/1559 716/1578/1558 714/1580/1560
f 651/1579/1559 714/1580/1560 652/1581/1561
f 652/1581/1561 714/1580/1560 712/1582/1562
f 652/1581/1561 712/1582/1562 653/1583/1563
f 653/1583/1563 712/1582/1562 710/1584/1564
f 653/1583/1563 710/1584/1564 654/1585/1565
f 654/1585/1565 710/1584/1564 708/1586/1566
f 654/1585/1565 708/1586/1566 655/1587/1567
f 655/1587/1567 708/1586/1566 706/1588/1568
f 655/1587/1567 706/1588/1568 656/1589/1569
f 656/1589/1569 706/1588/1568 704/1590/1570
f 656/1589/1569 704/1590/1570 657/1591/1571
f 657/1591/1571 704/1590/1570 702/1592/1572
f 657/1591/1571 702/1592/1572 658/1593/1573
f 658/1593/1573 702/1592/1572 700/1594/1574
f 658/1593/1573 700/1594/1574 659/1595/1575
f 659/1595/1575 700/1594/1574 698/1596/1576
f 659/1595/1575 698/1596/1576 660/1597/1577
f 660/1597/1577 698/1596/1576 696/1598/1578
f 660/1597/1577 696/1598/1578 661/1599/1579
f 661/1599/1579 696/1598/1578 694/1600/1580
f 661/1599/1579 694/1600/1580 662/1601/1581
f 662/1601/1581 694/1600/1580 692/1602/1582
f 662/1601/1581 692/1602/1582 663/1603/1583
f 663/1603/1583 692/1602/1582 690/1604/1584
f 663/1603/1583 690/1604/1584 664/1605/1585
f 664/1605/1585 690/1604/1584 688/1606/1586
f 664/1605/1585 688/1606/1586 665/1607/1587
f 665/1607/1587 688/1606/1586 686/1608/1588
f 665/1607/1587 686/1608/1588 666/1609/1589
f 666/1609/1589 686/1608/1588 684/1610/1590
f 666/1609/1589 684/1610/1590 667/1611/1591
f 667/1611/1591 684/1610/1590 682/1612/1592
f 667/1611/1591 682/1612/1592 668/1613/1593
f 668/1613/1593 682/1612/1592 680/1614/1594
f 668/1613/1593 680/1614/1594 669/1615/1595
f 669/1615/1595 680/1614/1594 678/1616/1596
f 669/1615/1595 678/1616/1596 670/1617/1597
f 670/1617/1597 678/1616/1596 676/1618/1598
f 670/1617/1597 676/1618/1598 671/1569/1551
f 671/1569/1551 676/1618/1598 674/1570/1552
f 647/1619/1599 719/1620/1600 624/1621/1601
f 624/1621/1601 719/1620/1600 673/1622/1602
f 624/1623/1601 673/1624/1602 625/1625/1603
f 625/1625/1603 673/1624/1602 675/1626/1604
f 625/1625/1603 675/1626/1604 626/1627/1605
f 626/1627/1605 675/1626/1604 677/1628/1606
f 626/1627/1605 677/1628/1606 627/1629/1607
f 627/1629/1607 677/1628/1606 679/1630/1608
f 627/1629/1607 679/1630/1608 628/1631/1609
f 628/1631/1609 679/1630/1608 681/1632/1610
f 628/1631/1609 681/1632/1610 629/1633/1611
f 629/1633/1611 681/1632/1610 683/1634/1612
f 629/1633/1611 683/1634/1612 630/1635/1613
f 630/1635/1613 683/1634/1612 685/1636/1614
f 630/1635/1613 685/1636/1614 631/1637/1615
f 631/1637/1615 685/1636/1614 687/1638/1616
f 631/1637/1615 687/1638/1616 632/1639/1617
f 632/1639/1617 687/1638/1616 689/1640/1618
f 632/1639/1617 689/1640/1618 633/1641/1619
f 633/1641/1619 689/1640/1618 691/1642/1620
f 633/1641/1619 691/1642/1620 634/1643/1621
f 634/1643/1621 691/1642/1620 693/1644/1622
f 634/1643/1621 693/1644/1622 635/1645/1623
f 635/1645/1623 693/1644/1622 695/1646/1624
f 635/1645/1623 695/1646/1624 636/1647/1625
f 636/1647/1625 695/1646/1624 697/1648/1626
f 636/1647/1625 697/1648/1626 637/1649/1627
f 637/1649/1627 697/1648/1626 699/1650/1628
f 637/1649/1627 699/1650/1628 638/1651/1629
f 638/1651/1629 699/1650/1628 701/1652/1630
f 638/1651/1629 701/1652/1630 639/1653/1631
f 639/1653/1631 701/1652/1630 703/1654/1632
f 639/1653/1631 703/1654/1632 640/1655/1633
f 640/1655/1633 703/1654/1632 705/1656/1634
f 640/1655/1633 705/1656/1634 641/1657/1635
f 641/1657/1635 705/1656/1634 707/1658/1636
f 641/1657/1635 707/1658/1636 642/1659/1637
f 642/1659/1637 707/1658/1636 709/1660/1638
f 642/1659/1637 709/1660/1638 643/1661/1639
f 643/1661/1639 709/1660/1638 711/1662/1640
f 643/1661/1639 711/1662/1640 644/1663/1641
f 644/1663/1641 711/1662/1640 713/1664/1642
f 644/1663/1641 713/1664/1642 645/1665/1643
f 645/1665/1643 713/1664/1642 715/1666/1644
f 645/1665/1643 715/1666/1644 646/1667/1645
f 646/1667/1645 715/1666/1644 717/1668/1646
f 646/1667/1645 717/1668/1646 647/1619/1599
f 647/1619/1599 717/1668/1646 719/1620/1600
f 672/1574/1554 673/1622/1602 718/1576/1556
f 718/1576/1556 673/1622/1602 719/1620/1600
f 718/1576/1556 719/1620/1600 716/1578/1558
f 716/1578/1558 719/1620/1600 717/1668/1646
f 716/1578/1558 717/1668/1646 714/1580/1560
f 714/1580/1560 717/1668/1646 715/1666/1644
f 714/1580/1560 715/1666/1644 712/1582/1562
f 712/1582/1562 715/1666/1644 713/1664/1642
f 712/1582/1562 713/1664/1642 710/1584/1564
f 710/1584/1564 713/1664/1642 711/1662/1640
f 710/1584/1564 711/1662/1640 708/1586/1566
f 708/1586/1566 711/1662/1640 709/1660/1638
f 708/1586/1566 709/1660/1638 706/1588/1568
f 706/1588/1568 709/1660/1638 707/1658/1636
f 706/1588/1568 707/1658/1636 704/1590/1570
f 704/1590/1570 707/1658/1636 705/1656/1634
f 704/1590/1570 705/1656/1634 702/1592/1572
f 702/1592/1572 705/1656/1634 703/1654/1632
f 702/1592/1572 703/1654/1632 700/1594/1574
f 700/1594/1574 703/1654/1632 701/1652/1630
f 700/1594/1574 701/1652/1630 698/1596/1576
f 698/1596/1576 701/1652/1630 699/1650/1628
f 698/1596/1576 699/1650/1628 696/1598/1578
f 696/1598/1578 699/1650/1628 697/1648/1626
f 696/1598/1578 697/1648/1626 694/1600/1580
f 694/1600/1580 697/1648/1626 695/1646/1624
f 694/1600/1580 695/1646/1624 692/1602/1582
f 692/1602/1582 695/1646/1624 693/1644/1622
f 692/1602/1582 693/1644/1622 690/1604/1584
f 690/1604/1584 693/1644/1622 691/1642/1620
f 690/1604/1584 691/1642/1620 688/1606/1586
f 688/1606/1586 691/1642/1620 689/1640/1618
f 688/1606/1586 689/1640/1618 686/1608/1588
f 686/1608/1588 689/1640/1618 687/1638/1616
f 686/1608/1588 687/1638/1616 684/1610/1590
f 684/1610/1590 687/1638/1616 685/1636/1614
f 684/1610/1590 685/1636/1614 682/1612/1592
f 682/1612/1592 685/1636/1614 683/1634/1612
f 682/1612/1592 683/1634/1612 680/1614/1594
f 680/1614/1594 683/1634/1612 681/1632/1610
f 680/1614/1594 681/1632/1610 678/1616/1596
f 678/1616/1596 681/1632/1610 679/1630/1608
f 678/1616/1596 679/1630/1608 676/1618/1598
f 676/1618/1598 679/1630/1608 677/1628/1606
f 676/1618/1598 677/1628/1606 674/1570/1552
f 674/1570/1552 677/1628/1606 675/1626/1604
f 674/1570/1552 675/1626/1604 672/1572/1554
f 672/1572/1554 675/1626/1604 673/1624/1602
g piedino (3)

v 16.651600 12.683425 1.147000
v 16.644785 12.735188 1.147000
v 16.624805 12.783425 1.147000
v 16.593021 12.824846 1.147000
v 16.551600 12.856630 1.147000
v 16.503364 12.876610 1.147000
v 16.451600 12.883425 1.147000
v 16.399836 12.876610 1.147000
v 16.351600 12.856630 1.147000
v 16.310179 12.824846 1.147000
v 16.278395 12.783425 1.147000
v 16.258415 12.735188 1.147000
v 16.251600 12.683425 1.147000
v 16.258415 12.631661 1.147000
v 16.278395 12.583425 1.147000
v 16.310179 12.542003 1.147000
v 16.351600 12.510220 1.147000
v 16.399836 12.490239 1.147000
v 16.451600 12.483425 1.147000
v 16.503364 12.490239 1.147000
v 16.551600 12.510220 1.147000
v 16.593021 12.542003 1.147000
v 16.624805 12.583425 1.147000
v 16.644785 12.631661 1.147000
v 16.749891 12.685362 -0.165000
v 16.742877 12.749853 -0.165000
v 16.722163 12.811329 -0.165000
v 16.688718 12.866915 -0.165000
v 16.644106 12.914011 -0.165000
v 16.590413 12.950416 -0.165000
v 16.530149 12.974427 -0.165000
v 16.466132 12.984922 -0.165000
v 16.401356 12.981410 -0.165000
v 16.338849 12.964055 -0.165000
v 16.281534 12.933669 -0.165000
v 16.232092 12.891672 -0.165000
v 16.192833 12.840028 -0.165000
v 16.165595 12.781153 -0.165000
v 16.151649 12.717798 -0.165000
v 16.151649 12.652927 -0.165000
v 16.165595 12.589572 -0.165000
v 16.192833 12.530696 -0.165000
v 16.232092 12.479052 -0.165000
v 16.281534 12.437056 -0.165000
v 16.338849 12.406669 -0.165000
v 16.401356 12.389314 -0.165000
v 16.466132 12.385802 -0.165000
v 16.530149 12.396297 -0.165000
v 16.590413 12.420309 -0.165000
v 16.644106 12.456714 -0.165000
v 16.688718 12.503810 -0.165000
v 16.722163 12.559396 -0.165000
v 16.742877 12.620871 -0.165000
v 16.651600 12.683425 -0.165000
v 16.644785 12.631661 -0.165000
v 16.624805 12.583425 -0.165000
v 16.593021 12.542003 -0.165000
v 16.551600 12.510220 -0.165000
v 16.503364 12.490239 -0.165000
v 16.451600 12.483425 -0.165000
v 16.399836 12.490239 -0.165000
v 16.351600 12.510220 -0.165000
v 16.310179 12.542003 -0.165000
v 16.278395 12.583425 -0.165000
v 16.258415 12.631661 -0.165000
v 16.251600 12.683425 -0.165000
v 16.258415 12.735188 -0.165000
v 16.278395 12.783425 -0.165000
v 16.310179 12.824846 -0.165000
v 16.351600 12.856630 -0.165000
v 16.399836 12.876610 -0.165000
v 16.451600 12.883425 -0.165000
v 16.503364 12.876610 -0.165000
v 16.551600 12.856630 -0.165000
v 16.593021 12.824846 -0.165000
v 16.624805 12.783425 -0.165000
v 16.644785 12.735188 -0.165000
v 16.749891 12.685362 -0.465000
v 16.742877 12.749853 -0.465000
v 16.722163 12.811329 -0.465000
v 16.688718 12.866915 -0.465000
v 16.644106 12.914011 -0.465000
v 16.590413 12.950416 -0.465000
v 16.530149 12.974427 -0.465000
v 16.466132 12.984922 -0.465000
v 16.401356 12.981410 -0.465000
v 16.338849 12.964055 -0.465000
v 16.281534 12.933669 -0.465000
v 16.232092 12.891672 -0.465000
v 16.192833 12.840028 -0.465000
v 16.165595 12.781153 -0.465000
v 16.151649 12.717798 -0.465000
v 16.151649 12.652927 -0.465000
v 16.165595 12.589572 -0.465000
v 16.192833 12.530696 -0.465000
v 16.232092 12.479052 -0.465000
v 16.281534 12.437056 -0.465000
v 16.338849 12.406669 -0.465000
v 16.401356 12.389314 -0.465000
v 16.466132 12.385802 -0.465000
v 16.530149 12.396297 -0.465000
v 16.590413 12.420309 -0.465000
v 16.644106 12.456714 -0.465000
v 16.688718 12.503810 -0.465000
v 16.722163 12.559396 -0.465000
v 16.742877 12.620871 -0.465000
v 16.651600 12.683425 0.491000
v 16.644785 12.631661 0.491000
v 16.624805 12.583425 0.491000
v 16.593021 12.542003 0.491000
v 16.551600 12.510220 0.491000
v 16.503364 12.490239 0.491000
v 16.451600 12.483425 0.491000
v 16.399836 12.490239 0.491000
v 16.351600 12.510220 0.491000
v 16.310179 12.542003 0.491000
v 16.278395 12.583425 0.491000
v 16.258415 12.631661 0.491000
v 16.251600 12.683425 0.491000
v 16.258415 12.735188 0.491000
v 16.278395 12.783425 0.491000
v 16.310179 12.824846 0.491000
v 16.351600 12.856630 0.491000
v 16.399836 12.876610 0.491000
v 16.451600 12.883425 0.491000
v 16.503364 12.876610 0.491000
v 16.551600 12.856630 0.491000
v 16.593021 12.824846 0.491000
v 16.624805 12.783425 0.491000
v 16.644785 12.735188 0.491000
vt 0.193185 0.051764 0.000000
vt -0.193185 0.051764 0.000000
vt 0.200000 0.000000 0.000000
vt -0.200000 0.000000 0.000000
vt 0.193185 -0.051764 0.000000
vt -0.193185 -0.051764 0.000000
vt 0.173205 -0.100000 0.000000
vt -0.173205 -0.100000 0.000000
vt 0.141421 -0.141421 0.000000
vt -0.141421 -0.141421 0.000000
vt 0.100000 -0.173205 0.000000
vt -0.100000 -0.173205 0.000000
vt 0.051764 -0.193185 0.000000
vt -0.051764 -0.193185 0.000000
vt -0.000000 -0.200000 0.000000
vt -0.173205 0.100000 0.000000
vt 0.173205 0.100000 0.000000
vt -0.141421 0.141421 0.000000
vt 0.141421 0.141421 0.000000
vt -0.100000 0.173205 0.000000
vt 0.100000 0.173205 0.000000
vt -0.051764 0.193185 0.000000
vt 0.051764 0.193185 0.000000
vt -0.000000 0.200000 0.000000
vt 0.292986 -0.064491 0.000000
vt 0.300000 0.000000 0.000000
vt 0.201709 -0.001938 0.000000
vt 0.292986 0.064491 0.000000
vt 0.194895 0.049826 0.000000
vt 0.272273 0.125967 0.000000
vt 0.174915 0.098062 0.000000
vt 0.238828 0.181552 0.000000
vt 0.143131 0.139484 0.000000
vt 0.194216 0.228649 0.000000
vt 0.101709 0.171267 0.000000
vt 0.140523 0.265054 0.000000
vt 0.053473 0.191247 0.000000
vt 0.080259 0.289065 0.000000
vt 0.016242 0.299560 0.000000
vt 0.001709 0.198062 0.000000
vt -0.048535 0.296048 0.000000
vt -0.050054 0.191247 0.000000
vt -0.111041 0.278693 0.000000
vt -0.098291 0.171267 0.000000
vt -0.168356 0.248307 0.000000
vt -0.139712 0.139484 0.000000
vt -0.217799 0.206310 0.000000
vt -0.171496 0.098062 0.000000
vt -0.257057 0.154666 0.000000
vt -0.284296 0.095790 0.000000
vt -0.191476 0.049826 0.000000
vt -0.298241 0.032436 0.000000
vt -0.198291 -0.001938 0.000000
vt -0.298241 -0.032436 0.000000
vt -0.191476 -0.053701 0.000000
vt -0.284296 -0.095790 0.000000
vt -0.171496 -0.101938 0.000000
vt -0.257057 -0.154666 0.000000
vt -0.217799 -0.206310 0.000000
vt -0.139712 -0.143359 0.000000
vt -0.168356 -0.248307 0.000000
vt -0.098291 -0.175143 0.000000
vt -0.111041 -0.278693 0.000000
vt -0.050054 -0.195123 0.000000
vt -0.048535 -0.296048 0.000000
vt 0.001709 -0.201938 0.000000
vt 0.016242 -0.299560 0.000000
vt 0.053473 -0.195123 0.000000
vt 0.080259 -0.289065 0.000000
vt 0.140523 -0.265054 0.000000
vt 0.101709 -0.175143 0.000000
vt 0.194216 -0.228649 0.000000
vt 0.143131 -0.143359 0.000000
vt 0.238828 -0.181552 0.000000
vt 0.174915 -0.101938 0.000000
vt 0.272273 -0.125967 0.000000
vt 0.194895 -0.053701 0.000000
vt -0.300000 0.877479 0.000000
vt -0.000000 0.877479 0.000000
vt -0.300000 0.942478 0.000000
vt -0.000000 0.942478 0.000000
vt -0.300000 -0.942478 0.000000
vt -0.000000 -0.942478 0.000000
vt -0.300000 -0.877479 0.000000
vt 0.000000 -0.877479 0.000000
vt -0.300000 -0.812481 0.000000
vt -0.000000 -0.812481 0.000000
vt -0.300000 -0.747482 0.000000
vt -0.000000 -0.747482 0.000000
vt -0.300000 -0.682484 0.000000
vt 0.000000 -0.682484 0.000000
vt -0.300000 -0.617485 0.000000
vt 0.000000 -0.617485 0.000000
vt -0.300000 -0.552487 0.000000
vt 0.000000 -0.552487 0.000000
vt -0.300000 -0.487489 0.000000
vt 0.000000 -0.487489 0.000000
vt -0.300000 -0.422490 0.000000
vt 0.000000 -0.422490 0.000000
vt -0.300000 -0.357492 0.000000
vt 0.000000 -0.357492 0.000000
vt -0.300000 -0.292493 0.000000
vt 0.000000 -0.292493 0.000000
vt -0.300000 -0.227495 0.000000
vt -0.000000 -0.227495 0.000000
vt -0.300000 -0.162496 0.000000
vt -0.000000 -0.162496 0.000000
vt -0.300000 -0.097498 0.000000
vt 0.000000 -0.097498 0.000000
vt -0.300000 -0.032499 0.000000
vt 0.000000 -0.032499 0.000000
vt -0.300000 0.032499 0.000000
vt -0.000000 0.032499 0.000000
vt -0.300000 0.097498 0.000000
vt -0.000000 0.097498 0.000000
vt -0.300000 0.162496 0.000000
vt 0.000000 0.162496 0.000000
vt -0.300000 0.227495 0.000000
vt 0.000000 0.227495 0.000000
vt -0.300000 0.292493 0.000000
vt -0.000000 0.292493 0.000000
vt -0.300000 0.357492 0.000000
vt -0.000000 0.357492 0.000000
vt -0.300000 0.422490 0.000000
vt -0.000000 0.422490 0.000000
vt -0.300000 0.487489 0.000000
vt -0.000000 0.487489 0.000000
vt -0.300000 0.552487 0.000000
vt -0.000000 0.552487 0.000000
vt -0.300000 0.617485 0.000000
vt -0.000000 0.617485 0.000000
vt -0.300000 0.682484 0.000000
vt -0.000000 0.682484 0.000000
vt -0.300000 0.747482 0.000000
vt 0.000000 0.747482 0.000000
vt -0.300000 0.812481 0.000000
vt 0.000000 0.812481 0.000000
vt -0.292986 0.064491 0.000000
vt -0.300000 0.000000 0.000000
vt 0.168356 -0.248307 0.000000
vt -0.292986 -0.064491 0.000000
vt -0.272273 -0.125967 0.000000
vt -0.238828 -0.181552 0.000000
vt -0.194216 -0.228649 0.000000
vt -0.140523 -0.265054 0.000000
vt 0.111041 -0.278693 0.000000
vt -0.080259 -0.289065 0.000000
vt 0.048535 -0.296048 0.000000
vt -0.016242 -0.299560 0.000000
vt 0.217799 -0.206310 0.000000
vt 0.168356 0.248307 0.000000
vt 0.111041 0.278693 0.000000
vt 0.048535 0.296048 0.000000
vt 0.217799 0.206310 0.000000
vt 0.257057 -0.154666 0.000000
vt 0.257057 0.154666 0.000000
vt 0.284296 -0.095790 0.000000
vt 0.284296 0.095790 0.000000
vt 0.298241 -0.032436 0.000000
vt 0.298241 0.032436 0.000000
vt -0.016242 0.299560 0.000000
vt -0.080259 0.289065 0.000000
vt -0.140523 0.265054 0.000000
vt -0.194216 0.228649 0.000000
vt -0.238828 0.181552 0.000000
vt -0.272273 0.125967 0.000000
vt 1.012000 -0.575959 0.000000
vt 0.356000 -0.575959 0.000000
vt 1.012000 -0.628319 0.000000
vt 0.356000 -0.628319 0.000000
vt 1.012000 0.628319 0.000000
vt 0.356000 0.628319 0.000000
vt 1.012000 0.575959 0.000000
vt 0.356000 0.575959 0.000000
vt 1.012000 0.523599 0.000000
vt 0.356000 0.523599 0.000000
vt 1.012000 0.471239 0.000000
vt 0.356000 0.471239 0.000000
vt 1.012000 0.418879 0.000000
vt 0.356000 0.418879 0.000000
vt 1.012000 0.366519 0.000000
vt 0.356000 0.366519 0.000000
vt 1.012000 0.314159 0.000000
vt 0.356000 0.314159 0.000000
vt 1.012000 0.261799 0.000000
vt 0.356000 0.261799 0.000000
vt 1.012000 0.209440 0.000000
vt 0.356000 0.209440 0.000000
vt 1.012000 0.157080 0.000000
vt 0.356000 0.157080 0.000000
vt 1.012000 0.104720 0.000000
vt 0.356000 0.104720 0.000000
vt 1.012000 0.052360 0.000000
vt 0.356000 0.052360 0.000000
vt 1.012000 0.000000 0.000000
vt 0.356000 0.000000 0.000000
vt 1.012000 -0.052360 0.000000
vt 0.356000 -0.052360 0.000000
vt 1.012000 -0.104720 0.000000
vt 0.356000 -0.104720 0.000000
vt 1.012000 -0.157080 0.000000
vt 0.356000 -0.157080 0.000000
vt 1.012000 -0.209440 0.000000
vt 0.356000 -0.209440 0.000000
vt 1.012000 -0.261799 0.000000
vt 0.356000 -0.261799 0.000000
vt 1.012000 -0.314159 0.000000
vt 0.356000 -0.314159 0.000000
vt 1.012000 -0.366519 0.000000
vt 0.356000 -0.366519 0.000000
vt 1.012000 -0.418879 0.000000
vt 0.356000 -0.418879 0.000000
vt 1.012000 -0.471239 0.000000
vt 0.356000 -0.471239 0.000000
vt 1.012000 -0.523599 0.000000
vt 0.356000 -0.523599 0.000000
vt -0.300000 0.575959 0.000000
vt -0.300000 0.628319 0.000000
vt -0.300000 -0.628319 0.000000
vt -0.300000 -0.575959 0.000000
vt -0.300000 -0.523599 0.000000
vt -0.300000 -0.471239 0.000000
vt -0.300000 -0.418879 0.000000
vt -0.300000 -0.366519 0.000000
vt -0.300000 -0.314159 0.000000
vt -0.300000 -0.261799 0.000000
vt -0.300000 -0.209440 0.000000
vt -0.300000 -0.157080 0.000000
vt -0.300000 -0.104720 0.000000
vt -0.300000 -0.052360 0.000000
vt -0.300000 -0.000000 0.000000
vt -0.300000 0.052360 0.000000
vt -0.300000 0.104720 0.000000
vt -0.300000 0.157080 0.000000
vt -0.300000 0.209440 0.000000
vt -0.300000 0.261799 0.000000
vt -0.300000 0.314159 0.000000
vt -0.300000 0.366519 0.000000
vt -0.300000 0.418879 0.000000
vt -0.300000 0.471239 0.000000
vt -0.300000 0.523599 0.000000
vn -0.000000 -0.000000 1.000000
vn -0.000000 -0.000000 1.000000
vn -0.000000 -0.000000 1.000000
vn -0.000000 -0.000000 1.000000
vn -0.000000 -0.000000 1.000000
vn -0.000000 -0.000000 1.000000
vn -0.000000 -0.000000 1.000000
vn -0.000000 -0.000000 1.000000
vn -0.000000 -0.000000 1.000000
vn -0.000000 -0.000000 1.000000
vn -0.000000 -0.000000 1.000000
vn -0.000000 -0.000000 1.000000
vn -0.000000 -0.000000 1.000000
vn -0.000000 -0.000000 1.000000
vn -0.000000 -0.000000 1.000000
vn -0.000000 -0.000000 1.000000
vn -0.000000 -0.000000 1.000000
vn -0.000000 -0.000000 1.000000
vn -0.000000 -0.000000 1.000000
vn -0.000000 -0.000000 1.000000
vn -0.000000 -0.000000 1.000000
vn -0.000000 -0.000000 1.000000
vn -0.000000 -0.000000 1.000000
vn -0.000000 -0.000000 1.000000
vn -0.000000 -0.000000 1.000000
vn -0.000000 -0.000000 1.000000
vn -0.000000 -0.000000 1.000000
vn -0.000000 -0.000000 1.000000
vn -0.000000 -0.000000 1.000000
vn -0.000000 -0.000000 1.000000
vn -0.000000 -0.000000 1.000000
vn -0.000000 -0.000000 1.000000
vn -0.000000 -0.000000 1.000000
vn -0.000000 -0.000000 1.000000
vn -0.000000 -0.000000 1.000000
vn -0.000000 -0.000000 1.000000
vn -0.000000 -0.000000 1.000000
vn -0.000000 -0.000000 1.000000
vn -0.000000 -0.000000 1.000000
vn -0.000000 -0.000000 1.000000
vn -0.000000 -0.000000 1.000000
vn -0.000000 -0.000000 1.000000
vn -0.000000 -0.000000 1.000000
vn -0.000000 -0.000000 1.000000
vn -0.000000 -0.000000 1.000000
vn -0.000000 -0.000000 1.000000
vn -0.000000 -0.000000 1.000000
vn -0.000000 -0.000000 1.000000
vn -0.000000 -0.000000 1.000000
vn -0.000000 -0.000000 1.000000
vn -0.000000 -0.000000 1.000000
vn -0.000000 -0.000000 1.000000
vn -0.000000 -0.000000 1.000000
vn -0.000000 -0.000000 1.000000
vn -0.000000 -0.000000 1.000000
vn -0.000000 -0.000000 1.000000
vn -0.000000 -0.000000 1.000000
vn -0.000000 -0.000000 1.000000
vn -0.000000 -0.000000 1.000000
vn -0.000000 -0.000000 1.000000
vn -0.000000 -0.000000 1.000000
vn -0.000000 -0.000000 1.000000
vn -0.000000 -0.000000 1.000000
vn -0.000000 -0.000000 1.000000
vn -0.000000 -0.000000 1.000000
vn -0.000000 -0.000000 1.000000
vn -0.000000 -0.000000 1.000000
vn -0.000000 -0.000000 1.000000
vn -0.000000 -0.000000 1.000000
vn -0.000000 -0.000000 1.000000
vn -0.000000 -0.000000 1.000000
vn -0.000000 -0.000000 1.000000
vn -0.000000 -0.000000 1.000000
vn -0.000000 -0.000000 1.000000
vn -0.000000 -0.000000 1.000000
vn -0.000000 -0.000000 1.000000
vn -0.000000 -0.000000 1.000000
vn 0.976621 0.214970 0.000000
vn 0.976621 0.214970 0.000000
vn 1.000000 0.000000 0.000000
vn 1.000000 0.000000 0.000000
vn 0.976621 -0.214970 -0.000000
vn 0.976621 -0.214970 -0.000000
vn 0.907575 -0.419889 -0.000000
vn 0.907575 -0.419889 -0.000000
vn 0.796093 -0.605174 -0.000000
vn 0.796093 -0.605174 -0.000000
vn 0.647386 -0.762162 -0.000000
vn 0.647386 -0.762162 -0.000000
vn 0.468408 -0.883512 -0.000000
vn 0.468408 -0.883512 -0.000000
vn 0.267528 -0.963550 -0.000000
vn 0.267528 -0.963550 -0.000000
vn 0.054139 -0.998533 -0.000000
vn 0.054139 -0.998533 -0.000000
vn -0.161782 -0.986827 -0.000000
vn -0.161782 -0.986827 -0.000000
vn -0.370138 -0.928977 -0.000000
vn -0.370138 -0.928977 -0.000000
vn -0.561187 -0.827689 -0.000000
vn -0.561187 -0.827689 -0.000000
vn -0.725995 -0.687699 -0.000000
vn -0.725995 -0.687699 -0.000000
vn -0.856857 -0.515554 -0.000000
vn -0.856857 -0.515554 -0.000000
vn -0.947653 -0.319302 -0.000000
vn -0.947653 -0.319302 -0.000000
vn -0.994138 -0.108119 -0.000000
vn -0.994138 -0.108119 -0.000000
vn -0.994138 0.108119 0.000000
vn -0.994138 0.108119 0.000000
vn -0.947653 0.319302 0.000000
vn -0.947653 0.319302 0.000000
vn -0.856857 0.515554 0.000000
vn -0.856857 0.515554 0.000000
vn -0.725995 0.687699 0.000000
vn -0.725995 0.687699 0.000000
vn -0.561187 0.827689 0.000000
vn -0.561187 0.827689 0.000000
vn -0.370138 0.928977 0.000000
vn -0.370138 0.928977 0.000000
vn -0.161782 0.986827 0.000000
vn -0.161782 0.986827 0.000000
vn 0.054139 0.998533 0.000000
vn 0.054139 0.998533 0.000000
vn 0.267528 0.963550 0.000000
vn 0.267528 0.963550 0.000000
vn 0.468408 0.883512 0.000000
vn 0.468408 0.883512 0.000000
vn 0.647386 0.762162 0.000000
vn 0.647386 0.762162 0.000000
vn 0.796093 0.605174 0.000000
vn 0.796093 0.605174 0.000000
vn 0.907575 0.419889 0.000000
vn 0.907575 0.419889 0.000000
vn 0.000000 0.000000 -1.000000
vn 0.000000 0.000000 -1.000000
vn 0.000000 0.000000 -1.000000
vn 0.000000 0.000000 -1.000000
vn 0.000000 0.000000 -1.000000
vn 0.000000 0.000000 -1.000000
vn 0.000000 0.000000 -1.000000
vn 0.000000 0.000000 -1.000000
vn 0.000000 0.000000 -1.000000
vn 0.000000 0.000000 -1.000000
vn 0.000000 0.000000 -1.000000
vn 0.000000 0.000000 -1.000000
vn 0.000000 0.000000 -1.000000
vn 0.000000 0.000000 -1.000000
vn 0.000000 0.000000 -1.000000
vn 0.000000 0.000000 -1.000000
vn 0.000000 0.000000 -1.000000
vn 0.000000 0.000000 -1.000000
vn 0.000000 0.000000 -1.000000
vn 0.000000 0.000000 -1.000000
vn 0.000000 0.000000 -1.000000
vn 0.000000 0.000000 -1.000000
vn 0.000000 0.000000 -1.000000
vn 0.000000 0.000000 -1.000000
vn 0.000000 0.000000 -1.000000
vn 0.000000 0.000000 -1.000000
vn 0.000000 0.000000 -1.000000
vn 0.000000 0.000000 -1.000000
vn 0.000000 0.000000 -1.000000
vn 0.965926 -0.258819 -0.000000
vn 0.965926 -0.258819 -0.000000
vn 1.000000 -0.000000 -0.000000
vn 1.000000 -0.000000 -0.000000
vn 0.965926 0.258819 0.000000
vn 0.965926 0.258819 0.000000
vn 0.866025 0.500000 0.000000
vn 0.866025 0.500000 0.000000
vn 0.707107 0.707107 0.000000
vn 0.707107 0.707107 0.000000
vn 0.500000 0.866025 0.000000
vn 0.500000 0.866025 0.000000
vn 0.258819 0.965926 0.000000
vn 0.258819 0.965926 0.000000
vn -0.000000 1.000000 0.000000
vn -0.000000 1.000000 0.000000
vn -0.258819 0.965926 0.000000
vn -0.258819 0.965926 0.000000
vn -0.500000 0.866025 0.000000
vn -0.500000 0.866025 0.000000
vn -0.707107 0.707107 0.000000
vn -0.707107 0.707107 0.000000
vn -0.866025 0.500000 0.000000
vn -0.866025 0.500000 0.000000
vn -0.965926 0.258819 0.000000
vn -0.965926 0.258819 0.000000
vn -1.000000 0.000000 0.000000
vn -1.000000 0.000000 0.000000
vn -0.965926 -0.258819 -0.000000
vn -0.965926 -0.258819 -0.000000
vn -0.866025 -0.500000 -0.000000
vn -0.866025 -0.500000 -0.000000
vn -0.707107 -0.707107 -0.000000
vn -0.707107 -0.707107 -0.000000
vn -0.500000 -0.866025 -0.000000
vn -0.500000 -0.866025 -0.000000
vn -0.258819 -0.965926 -0.000000
vn -0.258819 -0.965926 -0.000000
vn -0.000000 -1.000000 -0.000000
vn -0.000000 -1.000000 -0.000000
vn 0.258819 -0.965926 -0.000000
vn 0.258819 -0.965926 -0.000000
vn 0.500000 -0.866025 -0.000000
vn 0.500000 -0.866025 -0.000000
vn 0.707107 -0.707107 -0.000000
vn 0.707107 -0.707107 -0.000000
vn 0.866025 -0.500000 -0.000000
vn 0.866025 -0.500000 -0.000000
vn 0.965926 0.258819 0.000000
vn 1.000000 0.000000 0.000000
vn 0.965926 -0.258819 -0.000000
vn 0.866025 -0.500000 -0.000000
vn 0.707107 -0.707107 -0.000000
vn 0.500000 -0.866025 -0.000000
vn 0.258819 -0.965926 -0.000000
vn -0.000000 -1.000000 -0.000000
vn -0.258819 -0.965926 -0.000000
vn -0.500000 -0.866025 -0.000000
vn -0.707107 -0.707107 -0.000000
vn -0.866025 -0.500000 -0.000000
vn -0.965926 -0.258819 -0.000000
vn -1.000000 -0.000000 -0.000000
vn -0.965926 0.258819 0.000000
vn -0.866025 0.500000 0.000000
vn -0.707107 0.707107 0.000000
vn -0.500000 0.866025 0.000000
vn -0.258819 0.965926 0.000000
vn -0.000000 1.000000 0.000000
vn 0.258819 0.965926 0.000000
vn 0.500000 0.866025 0.000000
vn 0.707107 0.707107 0.000000
vn 0.866025 0.500000 0.000000
f 721/1669/1647 731/1670/1648 720/1671/1649
f 720/1671/1649 731/1670/1648 732/1672/1650
f 720/1671/1649 732/1672/1650 743/1673/1651
f 743/1673/1651 732/1672/1650 733/1674/1652
f 743/1673/1651 733/1674/1652 742/1675/1653
f 742/1675/1653 733/1674/1652 734/1676/1654
f 742/1675/1653 734/1676/1654 741/1677/1655
f 741/1677/1655 734/1676/1654 735/1678/1656
f 741/1677/1655 735/1678/1656 740/1679/1657
f 740/1679/1657 735/1678/1656 736/1680/1658
f 740/1679/1657 736/1680/1658 739/1681/1659
f 739/1681/1659 736/1680/1658 737/1682/1660
f 739/1681/1659 737/1682/1660 738/1683/1661
f 731/1670/1648 721/1669/1647 730/1684/1662
f 730/1684/1662 721/1669/1647 722/1685/1663
f 730/1684/1662 722/1685/1663 729/1686/1664
f 729/1686/1664 722/1685/1663 723/1687/1665
f 729/1686/1664 723/1687/1665 728/1688/1666
f 728/1688/1666 723/1687/1665 724/1689/1667
f 728/1688/1666 724/1689/1667 727/1690/1668
f 727/1690/1668 724/1689/1667 725/1691/1669
f 727/1690/1668 725/1691/1669 726/1692/1670
f 772/1693/1671 744/1694/1672 773/1695/1673
f 773/1695/1673 744/1694/1672 745/1696/1674
f 773/1695/1673 745/1696/1674 796/1697/1675
f 796/1697/1675 745/1696/1674 746/1698/1676
f 796/1697/1675 746/1698/1676 795/1699/1677
f 795/1699/1677 746/1698/1676 747/1700/1678
f 795/1699/1677 747/1700/1678 794/1701/1679
f 794/1701/1679 747/1700/1678 748/1702/1680
f 794/1701/1679 748/1702/1680 793/1703/1681
f 793/1703/1681 748/1702/1680 749/1704/1682
f 793/1703/1681 749/1704/1682 792/1705/1683
f 792/1705/1683 749/1704/1682 750/1706/1684
f 792/1705/1683 750/1706/1684 751/1707/1685
f 792/1705/1683 751/1707/1685 791/1708/1686
f 791/1708/1686 751/1707/1685 752/1709/1687
f 791/1708/1686 752/1709/1687 790/1710/1688
f 790/1710/1688 752/1709/1687 753/1711/1689
f 790/1710/1688 753/1711/1689 789/1712/1690
f 789/1712/1690 753/1711/1689 754/1713/1691
f 789/1712/1690 754/1713/1691 788/1714/1692
f 788/1714/1692 754/1713/1691 755/1715/1693
f 788/1714/1692 755/1715/1693 787/1716/1694
f 787/1716/1694 755/1715/1693 756/1717/1695
f 787/1716/1694 756/1717/1695 757/1718/1696
f 787/1716/1694 757/1718/1696 786/1719/1697
f 786/1719/1697 757/1718/1696 758/1720/1698
f 786/1719/1697 758/1720/1698 785/1721/1699
f 785/1721/1699 758/1720/1698 759/1722/1700
f 785/1721/1699 759/1722/1700 784/1723/1701
f 784/1723/1701 759/1722/1700 760/1724/1702
f 784/1723/1701 760/1724/1702 783/1725/1703
f 783/1725/1703 760/1724/1702 761/1726/1704
f 783/1725/1703 761/1726/1704 762/1727/1705
f 783/1725/1703 762/1727/1705 782/1728/1706
f 782/1728/1706 762/1727/1705 763/1729/1707
f 782/1728/1706 763/1729/1707 781/1730/1708
f 781/1730/1708 763/1729/1707 764/1731/1709
f 781/1730/1708 764/1731/1709 780/1732/1710
f 780/1732/1710 764/1731/1709 765/1733/1711
f 780/1732/1710 765/1733/1711 779/1734/1712
f 779/1734/1712 765/1733/1711 766/1735/1713
f 779/1734/1712 766/1735/1713 778/1736/1714
f 778/1736/1714 766/1735/1713 767/1737/1715
f 778/1736/1714 767/1737/1715 768/1738/1716
f 778/1736/1714 768/1738/1716 777/1739/1717
f 777/1739/1717 768/1738/1716 769/1740/1718
f 777/1739/1717 769/1740/1718 776/1741/1719
f 776/1741/1719 769/1740/1718 770/1742/1720
f 776/1741/1719 770/1742/1720 775/1743/1721
f 775/1743/1721 770/1742/1720 771/1744/1722
f 775/1743/1721 771/1744/1722 774/1745/1723
f 774/1745/1723 771/1744/1722 772/1693/1671
f 774/1745/1723 772/1693/1671 773/1695/1673
f 798/1746/1724 745/1747/1725 797/1748/1726
f 797/1748/1726 745/1747/1725 744/1749/1727
f 797/1750/1726 744/1751/1727 825/1752/1728
f 825/1752/1728 744/1751/1727 772/1753/1729
f 825/1752/1728 772/1753/1729 824/1754/1730
f 824/1754/1730 772/1753/1729 771/1755/1731
f 824/1754/1730 771/1755/1731 823/1756/1732
f 823/1756/1732 771/1755/1731 770/1757/1733
f 823/1756/1732 770/1757/1733 822/1758/1734
f 822/1758/1734 770/1757/1733 769/1759/1735
f 822/1758/1734 769/1759/1735 821/1760/1736
f 821/1760/1736 769/1759/1735 768/1761/1737
f 821/1760/1736 768/1761/1737 820/1762/1738
f 820/1762/1738 768/1761/1737 767/1763/1739
f 820/1762/1738 767/1763/1739 819/1764/1740
f 819/1764/1740 767/1763/1739 766/1765/1741
f 819/1764/1740 766/1765/1741 818/1766/1742
f 818/1766/1742 766/1765/1741 765/1767/1743
f 818/1766/1742 765/1767/1743 817/1768/1744
f 817/1768/1744 765/1767/1743 764/1769/1745
f 817/1768/1744 764/1769/1745 816/1770/1746
f 816/1770/1746 764/1769/1745 763/1771/1747
f 816/1770/1746 763/1771/1747 815/1772/1748
f 815/1772/1748 763/1771/1747 762/1773/1749
f 815/1772/1748 762/1773/1749 814/1774/1750
f 814/1774/1750 762/1773/1749 761/1775/1751
f 814/1774/1750 761/1775/1751 813/1776/1752
f 813/1776/1752 761/1775/1751 760/1777/1753
f 813/1776/1752 760/1777/1753 812/1778/1754
f 812/1778/1754 760/1777/1753 759/1779/1755
f 812/1778/1754 759/1779/1755 811/1780/1756
f 811/1780/1756 759/1779/1755 758/1781/1757
f 811/1780/1756 758/1781/1757 810/1782/1758
f 810/1782/1758 758/1781/1757 757/1783/1759
f 810/1782/1758 757/1783/1759 809/1784/1760
f 809/1784/1760 757/1783/1759 756/1785/1761
f 809/1784/1760 756/1785/1761 808/1786/1762
f 808/1786/1762 756/1785/1761 755/1787/1763
f 808/1786/1762 755/1787/1763 807/1788/1764
f 807/1788/1764 755/1787/1763 754/1789/1765
f 807/1788/1764 754/1789/1765 806/1790/1766
f 806/1790/1766 754/1789/1765 753/1791/1767
f 806/1790/1766 753/1791/1767 805/1792/1768
f 805/1792/1768 753/1791/1767 752/1793/1769
f 805/1792/1768 752/1793/1769 804/1794/1770
f 804/1794/1770 752/1793/1769 751/1795/1771
f 804/1794/1770 751/1795/1771 803/1796/1772
f 803/1796/1772 751/1795/1771 750/1797/1773
f 803/1796/1772 750/1797/1773 802/1798/1774
f 802/1798/1774 750/1797/1773 749/1799/1775
f 802/1798/1774 749/1799/1775 801/1800/1776
f 801/1800/1776 749/1799/1775 748/1801/1777
f 801/1800/1776 748/1801/1777 800/1802/1778
f 800/1802/1778 748/1801/1777 747/1803/1779
f 800/1802/1778 747/1803/1779 799/1804/1780
f 799/1804/1780 747/1803/1779 746/1805/1781
f 799/1804/1780 746/1805/1781 798/1746/1724
f 798/1746/1724 746/1805/1781 745/1747/1725
f 798/1806/1782 797/1807/1783 816/1808/1784
f 816/1808/1784 797/1807/1783 825/1809/1785
f 816/1808/1784 825/1809/1785 824/1810/1786
f 824/1810/1786 823/1811/1787 816/1808/1784
f 816/1808/1784 823/1811/1787 822/1812/1788
f 816/1808/1784 822/1812/1788 821/1813/1789
f 816/1808/1784 821/1813/1789 817/1814/1790
f 817/1814/1790 821/1813/1789 820/1815/1791
f 817/1814/1790 820/1815/1791 818/1816/1792
f 818/1816/1792 820/1815/1791 819/1817/1793
f 815/1818/1794 807/1819/1795 816/1808/1784
f 816/1808/1784 807/1819/1795 806/1820/1796
f 816/1808/1784 806/1820/1796 805/1821/1797
f 807/1819/1795 815/1818/1794 808/1822/1798
f 808/1822/1798 815/1818/1794 814/1823/1799
f 808/1822/1798 814/1823/1799 809/1824/1800
f 809/1824/1800 814/1823/1799 813/1825/1801
f 809/1824/1800 813/1825/1801 810/1826/1802
f 810/1826/1802 813/1825/1801 812/1827/1803
f 810/1826/1802 812/1827/1803 811/1828/1804
f 805/1821/1797 804/1829/1805 816/1808/1784
f 816/1808/1784 804/1829/1805 803/1830/1806
f 816/1808/1784 803/1830/1806 802/1831/1807
f 802/1831/1807 801/1832/1808 816/1808/1784
f 816/1808/1784 801/1832/1808 800/1833/1809
f 816/1808/1784 800/1833/1809 799/1834/1810
f 799/1834/1810 798/1806/1782 816/1808/1784
f 743/1835/1811 827/1836/1812 720/1837/1813
f 720/1837/1813 827/1836/1812 826/1838/1814
f 720/1839/1813 826/1840/1814 721/1841/1815
f 721/1841/1815 826/1840/1814 849/1842/1816
f 721/1841/1815 849/1842/1816 722/1843/1817
f 722/1843/1817 849/1842/1816 848/1844/1818
f 722/1843/1817 848/1844/1818 723/1845/1819
f 723/1845/1819 848/1844/1818 847/1846/1820
f 723/1845/1819 847/1846/1820 724/1847/1821
f 724/1847/1821 847/1846/1820 846/1848/1822
f 724/1847/1821 846/1848/1822 725/1849/1823
f 725/1849/1823 846/1848/1822 845/1850/1824
f 725/1849/1823 845/1850/1824 726/1851/1825
f 726/1851/1825 845/1850/1824 844/1852/1826
f 726/1851/1825 844/1852/1826 727/1853/1827
f 727/1853/1827 844/1852/1826 843/1854/1828
f 727/1853/1827 843/1854/1828 728/1855/1829
f 728/1855/1829 843/1854/1828 842/1856/1830
f 728/1855/1829 842/1856/1830 729/1857/1831
f 729/1857/1831 842/1856/1830 841/1858/1832
f 729/1857/1831 841/1858/1832 730/1859/1833
f 730/1859/1833 841/1858/1832 840/1860/1834
f 730/1859/1833 840/1860/1834 731/1861/1835
f 731/1861/1835 840/1860/1834 839/1862/1836
f 731/1861/1835 839/1862/1836 732/1863/1837
f 732/1863/1837 839/1862/1836 838/1864/1838
f 732/1863/1837 838/1864/1838 733/1865/1839
f 733/1865/1839 838/1864/1838 837/1866/1840
f 733/1865/1839 837/1866/1840 734/1867/1841
f 734/1867/1841 837/1866/1840 836/1868/1842
f 734/1867/1841 836/1868/1842 735/1869/1843
f 735/1869/1843 836/1868/1842 835/1870/1844
f 735/1869/1843 835/1870/1844 736/1871/1845
f 736/1871/1845 835/1870/1844 834/1872/1846
f 736/1871/1845 834/1872/1846 737/1873/1847
f 737/1873/1847 834/1872/1846 833/1874/1848
f 737/1873/1847 833/1874/1848 738/1875/1849
f 738/1875/1849 833/1874/1848 832/1876/1850
f 738/1875/1849 832/1876/1850 739/1877/1851
f 739/1877/1851 832/1876/1850 831/1878/1852
f 739/1877/1851 831/1878/1852 740/1879/1853
f 740/1879/1853 831/1878/1852 830/1880/1854
f 740/1879/1853 830/1880/1854 741/1881/1855
f 741/1881/1855 830/1880/1854 829/1882/1856
f 741/1881/1855 829/1882/1856 742/1883/1857
f 742/1883/1857 829/1882/1856 828/1884/1858
f 742/1883/1857 828/1884/1858 743/1835/1811
f 743/1835/1811 828/1884/1858 827/1836/1812
f 796/1885/1859 849/1842/1816 773/1886/1860
f 773/1886/1860 849/1842/1816 826/1840/1814
f 773/1887/1860 826/1838/1814 774/1888/1861
f 774/1888/1861 826/1838/1814 827/1836/1812
f 774/1888/1861 827/1836/1812 775/1889/1862
f 775/1889/1862 827/1836/1812 828/1884/1858
f 775/1889/1862 828/1884/1858 776/1890/1863
f 776/1890/1863 828/1884/1858 829/1882/1856
f 776/1890/1863 829/1882/1856 777/1891/1864
f 777/1891/1864 829/1882/1856 830/1880/1854
f 777/1891/1864 830/1880/1854 778/1892/1865
f 778/1892/1865 830/1880/1854 831/1878/1852
f 778/1892/1865 831/1878/1852 779/1893/1866
f 779/1893/1866 831/1878/1852 832/1876/1850
f 779/1893/1866 832/1876/1850 780/1894/1867
f 780/1894/1867 832/1876/1850 833/1874/1848
f 780/1894/1867 833/1874/1848 781/1895/1868
f 781/1895/1868 833/1874/1848 834/1872/1846
f 781/1895/1868 834/1872/1846 782/1896/1869
f 782/1896/1869 834/1872/1846 835/1870/1844
f 782/1896/1869 835/1870/1844 783/1897/1870
f 783/1897/1870 835/1870/1844 836/1868/1842
f 783/1897/1870 836/1868/1842 784/1898/1871
f 784/1898/1871 836/1868/1842 837/1866/1840
f 784/1898/1871 837/1866/1840 785/1899/1872
f 785/1899/1872 837/1866/1840 838/1864/1838
f 785/1899/1872 838/1864/1838 786/1900/1873
f 786/1900/1873 838/1864/1838 839/1862/1836
f 786/1900/1873 839/1862/1836 787/1901/1874
f 787/1901/1874 839/1862/1836 840/1860/1834
f 787/1901/1874 840/1860/1834 788/1902/1875
f 788/1902/1875 840/1860/1834 841/1858/1832
f 788/1902/1875 841/1858/1832 789/1903/1876
f 789/1903/1876 841/1858/1832 842/1856/1830
f 789/1903/1876 842/1856/1830 790/1904/1877
f 790/1904/1877 842/1856/1830 843/1854/1828
f 790/1904/1877 843/1854/1828 791/1905/1878
f 791/1905/1878 843/1854/1828 844/1852/1826
f 791/1905/1878 844/1852/1826 792/1906/1879
f 792/1906/1879 844/1852/1826 845/1850/1824
f 792/1906/1879 845/1850/1824 793/1907/1880
f 793/1907/1880 845/1850/1824 846/1848/1822
f 793/1907/1880 846/1848/1822 794/1908/1881
f 794/1908/1881 846/1848/1822 847/1846/1820
f 794/1908/1881 847/1846/1820 795/1909/1882
f 795/1909/1882 847/1846/1820 848/1844/1818
f 795/1909/1882 848/1844/1818 796/1885/1859
f 796/1885/1859 848/1844/1818 849/1842/1816
g piedino (2)

v 23.128600 4.102100 1.158000
v 23.123209 4.148223 1.158000
v 23.107327 4.191860 1.158000
v 23.081809 4.230658 1.158000
v 23.048032 4.262525 1.158000
v 23.007816 4.285743 1.158000
v 22.963330 4.299062 1.158000
v 22.916971 4.301762 1.158000
v 22.871239 4.293698 1.158000
v 22.828600 4.275305 1.158000
v 22.791352 4.247575 1.158000
v 22.761502 4.212002 1.158000
v 22.740661 4.170504 1.158000
v 22.729952 4.125319 1.158000
v 22.729952 4.078881 1.158000
v 22.740661 4.033696 1.158000
v 22.761502 3.992198 1.158000
v 22.791352 3.956625 1.158000
v 22.828600 3.928895 1.158000
v 22.871239 3.910502 1.158000
v 22.916971 3.902438 1.158000
v 22.963330 3.905138 1.158000
v 23.007816 3.918457 1.158000
v 23.048032 3.941675 1.158000
v 23.081809 3.973542 1.158000
v 23.107327 4.012340 1.158000
v 23.123209 4.055977 1.158000
v 23.128600 4.102100 -0.165000
v 23.123209 4.148223 -0.165000
v 23.107327 4.191860 -0.165000
v 23.081809 4.230658 -0.165000
v 23.048032 4.262525 -0.165000
v 23.007816 4.285743 -0.165000
v 22.963330 4.299062 -0.165000
v 22.916971 4.301762 -0.165000
v 22.871239 4.293698 -0.165000
v 22.828600 4.275305 -0.165000
v 22.791352 4.247575 -0.165000
v 22.761502 4.212002 -0.165000
v 22.740661 4.170504 -0.165000
v 22.729952 4.125319 -0.165000
v 22.729952 4.078881 -0.165000
v 22.740661 4.033696 -0.165000
v 22.761502 3.992198 -0.165000
v 22.791352 3.956625 -0.165000
v 22.828600 3.928895 -0.165000
v 22.871239 3.910502 -0.165000
v 22.916971 3.902438 -0.165000
v 22.963330 3.905138 -0.165000
v 23.007816 3.918457 -0.165000
v 23.048032 3.941675 -0.165000
v 23.081809 3.973542 -0.165000
v 23.107327 4.012340 -0.165000
v 23.123209 4.055977 -0.165000
v 23.128600 4.102100 0.496500
v 23.123209 4.055977 0.496500
v 23.107327 4.012340 0.496500
v 23.081809 3.973542 0.496500
v 23.048032 3.941675 0.496500
v 23.007816 3.918457 0.496500
v 22.963330 3.905138 0.496500
v 22.916971 3.902438 0.496500
v 22.871239 3.910502 0.496500
v 22.828600 3.928895 0.496500
v 22.791352 3.956625 0.496500
v 22.761502 3.992198 0.496500
v 22.740661 4.033696 0.496500
v 22.729952 4.078881 0.496500
v 22.729952 4.125319 0.496500
v 22.740661 4.170504 0.496500
v 22.761502 4.212002 0.496500
v 22.791352 4.247575 0.496500
v 22.828600 4.275305 0.496500
v 22.871239 4.293698 0.496500
v 22.916971 4.301762 0.496500
v 22.963330 4.299062 0.496500
v 23.007816 4.285743 0.496500
v 23.048032 4.262525 0.496500
v 23.081809 4.230658 0.496500
v 23.107327 4.191860 0.496500
v 23.123209 4.148223 0.496500
vt -0.200000 0.000000 0.000000
vt -0.194609 -0.046123 0.000000
vt -0.194609 0.046123 0.000000
vt -0.178727 0.089760 0.000000
vt -0.178727 -0.089760 0.000000
vt -0.153209 0.128558 0.000000
vt -0.153209 -0.128558 0.000000
vt -0.119432 0.160425 0.000000
vt -0.119432 -0.160425 0.000000
vt -0.079216 0.183643 0.000000
vt -0.034730 0.196962 0.000000
vt 0.011629 0.199662 0.000000
vt 0.057361 0.191598 0.000000
vt 0.100000 0.173205 0.000000
vt 0.137248 0.145475 0.000000
vt 0.167098 0.109902 0.000000
vt 0.187939 0.068404 0.000000
vt 0.198648 0.023219 0.000000
vt 0.198648 -0.023219 0.000000
vt 0.187939 -0.068404 0.000000
vt 0.167098 -0.109902 0.000000
vt 0.137248 -0.145475 0.000000
vt -0.079216 -0.183643 0.000000
vt 0.100000 -0.173205 0.000000
vt 0.057361 -0.191598 0.000000
vt -0.034730 -0.196962 0.000000
vt 0.011629 -0.199662 0.000000
vt -1.323000 0.581776 0.000000
vt -0.661500 0.581776 0.000000
vt -1.323000 0.628319 0.000000
vt -0.661500 0.628319 0.000000
vt -1.323000 -0.628319 0.000000
vt -0.661500 -0.628319 0.000000
vt -1.323000 -0.581776 0.000000
vt -0.661500 -0.581776 0.000000
vt -1.323000 -0.535234 0.000000
vt -0.661500 -0.535234 0.000000
vt -1.323000 -0.488692 0.000000
vt -0.661500 -0.488692 0.000000
vt -1.323000 -0.442150 0.000000
vt -0.661500 -0.442150 0.000000
vt -1.323000 -0.395608 0.000000
vt -0.661500 -0.395608 0.000000
vt -1.323000 -0.349066 0.000000
vt -0.661500 -0.349066 0.000000
vt -1.323000 -0.302524 0.000000
vt -0.661500 -0.302524 0.000000
vt -1.323000 -0.255982 0.000000
vt -0.661500 -0.255982 0.000000
vt -1.323000 -0.209440 0.000000
vt -0.661500 -0.209440 0.000000
vt -1.323000 -0.162897 0.000000
vt -0.661500 -0.162897 0.000000
vt -1.323000 -0.116355 0.000000
vt -0.661500 -0.116355 0.000000
vt -1.323000 -0.069813 0.000000
vt -0.661500 -0.069813 0.000000
vt -1.323000 -0.023271 0.000000
vt -0.661500 -0.023271 0.000000
vt -1.323000 0.023271 0.000000
vt -0.661500 0.023271 0.000000
vt -1.323000 0.069813 0.000000
vt -0.661500 0.069813 0.000000
vt -1.323000 0.116355 0.000000
vt -0.661500 0.116355 0.000000
vt -1.323000 0.162897 0.000000
vt -0.661500 0.162897 0.000000
vt -1.323000 0.209440 0.000000
vt -0.661500 0.209440 0.000000
vt -1.323000 0.255982 0.000000
vt -0.661500 0.255982 0.000000
vt -1.323000 0.302524 0.000000
vt -0.661500 0.302524 0.000000
vt -1.323000 0.349066 0.000000
vt -0.661500 0.349066 0.000000
vt -1.323000 0.395608 0.000000
vt -0.661500 0.395608 0.000000
vt -1.323000 0.442150 0.000000
vt -0.661500 0.442150 0.000000
vt -1.323000 0.488692 0.000000
vt -0.661500 0.488692 0.000000
vt -1.323000 0.535234 0.000000
vt -0.661500 0.535234 0.000000
vt -0.000000 -0.581776 0.000000
vt -0.000000 -0.628319 0.000000
vt -0.000000 0.628319 0.000000
vt -0.000000 0.581776 0.000000
vt -0.000000 0.535234 0.000000
vt -0.000000 0.488692 0.000000
vt -0.000000 0.442150 0.000000
vt -0.000000 0.395608 0.000000
vt -0.000000 0.349066 0.000000
vt -0.000000 0.302524 0.000000
vt -0.000000 0.255982 0.000000
vt -0.000000 0.209440 0.000000
vt -0.000000 0.162897 0.000000
vt -0.000000 0.116355 0.000000
vt -0.000000 0.069813 0.000000
vt -0.000000 0.023271 0.000000
vt -0.000000 -0.023271 0.000000
vt -0.000000 -0.069813 0.000000
vt -0.000000 -0.116355 0.000000
vt -0.000000 -0.162897 0.000000
vt -0.000000 -0.209440 0.000000
vt -0.000000 -0.255982 0.000000
vt -0.000000 -0.302524 0.000000
vt -0.000000 -0.349066 0.000000
vt -0.000000 -0.395608 0.000000
vt -0.000000 -0.442150 0.000000
vt -0.000000 -0.488692 0.000000
vt -0.000000 -0.535234 0.000000
vt 0.200000 0.000000 0.000000
vt 0.194609 0.046123 0.000000
vt 0.194609 -0.046123 0.000000
vt 0.178727 0.089760 0.000000
vt 0.178727 -0.089760 0.000000
vt 0.153209 0.128558 0.000000
vt 0.153209 -0.128558 0.000000
vt 0.119432 0.160425 0.000000
vt 0.119432 -0.160425 0.000000
vt 0.079216 0.183643 0.000000
vt 0.034730 0.196962 0.000000
vt -0.011629 0.199662 0.000000
vt -0.057361 0.191598 0.000000
vt -0.100000 0.173205 0.000000
vt -0.137248 0.145475 0.000000
vt -0.167098 0.109902 0.000000
vt -0.187939 0.068404 0.000000
vt -0.198648 0.023219 0.000000
vt -0.198648 -0.023219 0.000000
vt -0.187939 -0.068404 0.000000
vt -0.167098 -0.109902 0.000000
vt -0.137248 -0.145475 0.000000
vt 0.079216 -0.183643 0.000000
vt -0.100000 -0.173205 0.000000
vt -0.057361 -0.191598 0.000000
vt -0.011629 -0.199662 0.000000
vt 0.034730 -0.196962 0.000000
vn 0.000000 0.000000 1.000000
vn 0.000000 0.000000 1.000000
vn 0.000000 0.000000 1.000000
vn 0.000000 0.000000 1.000000
vn 0.000000 0.000000 1.000000
vn 0.000000 0.000000 1.000000
vn 0.000000 0.000000 1.000000
vn 0.000000 0.000000 1.000000
vn 0.000000 0.000000 1.000000
vn 0.000000 0.000000 1.000000
vn 0.000000 0.000000 1.000000
vn 0.000000 0.000000 1.000000
vn 0.000000 0.000000 1.000000
vn 0.000000 0.000000 1.000000
vn 0.000000 0.000000 1.000000
vn 0.000000 0.000000 1.000000
vn 0.000000 0.000000 1.000000
vn 0.000000 0.000000 1.000000
vn 0.000000 0.000000 1.000000
vn 0.000000 0.000000 1.000000
vn 0.000000 0.000000 1.000000
vn 0.000000 0.000000 1.000000
vn 0.000000 0.000000 1.000000
vn 0.000000 0.000000 1.000000
vn 0.000000 0.000000 1.000000
vn 0.000000 0.000000 1.000000
vn 0.000000 0.000000 1.000000
vn 0.973045 -0.230616 -0.000000
vn 0.973045 -0.230616 -0.000000
vn 1.000000 -0.000000 -0.000000
vn 1.000000 -0.000000 -0.000000
vn 0.973045 0.230616 -0.000000
vn 0.973045 0.230616 -0.000000
vn 0.893633 0.448799 -0.000000
vn 0.893633 0.448799 -0.000000
vn 0.766044 0.642788 -0.000000
vn 0.766044 0.642788 -0.000000
vn 0.597159 0.802123 -0.000000
vn 0.597159 0.802123 -0.000000
vn 0.396080 0.918216 -0.000000
vn 0.396080 0.918216 -0.000000
vn 0.173648 0.984808 -0.000000
vn 0.173648 0.984808 -0.000000
vn -0.058145 0.998308 -0.000000
vn -0.058145 0.998308 -0.000000
vn -0.286803 0.957990 -0.000000
vn -0.286803 0.957990 -0.000000
vn -0.500000 0.866025 -0.000000
vn -0.500000 0.866025 -0.000000
vn -0.686242 0.727374 -0.000000
vn -0.686242 0.727374 -0.000000
vn -0.835488 0.549509 -0.000000
vn -0.835488 0.549509 -0.000000
vn -0.939693 0.342020 -0.000000
vn -0.939693 0.342020 -0.000000
vn -0.993238 0.116093 -0.000000
vn -0.993238 0.116093 -0.000000
vn -0.993238 -0.116093 0.000000
vn -0.993238 -0.116093 0.000000
vn -0.939693 -0.342020 0.000000
vn -0.939693 -0.342020 0.000000
vn -0.835488 -0.549509 0.000000
vn -0.835488 -0.549509 0.000000
vn -0.686242 -0.727374 0.000000
vn -0.686242 -0.727374 0.000000
vn -0.500000 -0.866025 0.000000
vn -0.500000 -0.866025 0.000000
vn -0.286803 -0.957990 0.000000
vn -0.286803 -0.957990 0.000000
vn -0.058145 -0.998308 0.000000
vn -0.058145 -0.998308 0.000000
vn 0.173648 -0.984808 -0.000000
vn 0.173648 -0.984808 -0.000000
vn 0.396080 -0.918216 -0.000000
vn 0.396080 -0.918216 -0.000000
vn 0.597159 -0.802123 -0.000000
vn 0.597159 -0.802123 -0.000000
vn 0.766044 -0.642788 -0.000000
vn 0.766044 -0.642788 -0.000000
vn 0.893633 -0.448799 -0.000000
vn 0.893633 -0.448799 -0.000000
vn 0.973045 0.230616 -0.000000
vn 1.000000 0.000000 -0.000000
vn 0.973045 -0.230616 -0.000000
vn 0.893633 -0.448799 -0.000000
vn 0.766044 -0.642788 -0.000000
vn 0.597159 -0.802123 -0.000000
vn 0.396080 -0.918216 -0.000000
vn 0.173648 -0.984808 -0.000000
vn -0.058145 -0.998308 0.000000
vn -0.286803 -0.957990 0.000000
vn -0.500000 -0.866025 0.000000
vn -0.686242 -0.727374 0.000000
vn -0.835488 -0.549509 0.000000
vn -0.939693 -0.342020 0.000000
vn -0.993238 -0.116093 0.000000
vn -0.993238 0.116093 -0.000000
vn -0.939693 0.342020 -0.000000
vn -0.835488 0.549509 -0.000000
vn -0.686242 0.727374 -0.000000
vn -0.500000 0.866025 -0.000000
vn -0.286803 0.957990 -0.000000
vn -0.058145 0.998308 -0.000000
vn 0.173648 0.984808 -0.000000
vn 0.396080 0.918216 -0.000000
vn 0.597159 0.802123 -0.000000
vn 0.766044 0.642788 -0.000000
vn 0.893633 0.448799 -0.000000
vn -0.000000 -0.000000 -1.000000
vn -0.000000 -0.000000 -1.000000
vn -0.000000 -0.000000 -1.000000
vn -0.000000 -0.000000 -1.000000
vn -0.000000 -0.000000 -1.000000
vn -0.000000 -0.000000 -1.000000
vn -0.000000 -0.000000 -1.000000
vn -0.000000 -0.000000 -1.000000
vn -0.000000 -0.000000 -1.000000
vn -0.000000 -0.000000 -1.000000
vn -0.000000 -0.000000 -1.000000
vn -0.000000 -0.000000 -1.000000
vn -0.000000 -0.000000 -1.000000
vn -0.000000 -0.000000 -1.000000
vn -0.000000 -0.000000 -1.000000
vn -0.000000 -0.000000 -1.000000
vn -0.000000 -0.000000 -1.000000
vn -0.000000 -0.000000 -1.000000
vn -0.000000 -0.000000 -1.000000
vn -0.000000 -0.000000 -1.000000
vn -0.000000 -0.000000 -1.000000
vn -0.000000 -0.000000 -1.000000
vn -0.000000 -0.000000 -1.000000
vn -0.000000 -0.000000 -1.000000
vn -0.000000 -0.000000 -1.000000
vn -0.000000 -0.000000 -1.000000
vn -0.000000 -0.000000 -1.000000
f 850/1910/1883 851/1911/1884 876/1912/1885
f 876/1912/1885 851/1911/1884 875/1913/1886
f 875/1913/1886 851/1911/1884 852/1914/1887
f 875/1913/1886 852/1914/1887 874/1915/1888
f 874/1915/1888 852/1914/1887 853/1916/1889
f 874/1915/1888 853/1916/1889 873/1917/1890
f 873/1917/1890 853/1916/1889 854/1918/1891
f 873/1917/1890 854/1918/1891 872/1919/1892
f 872/1919/1892 854/1918/1891 871/1920/1893
f 871/1920/1893 854/1918/1891 870/1921/1894
f 870/1921/1894 854/1918/1891 869/1922/1895
f 869/1922/1895 854/1918/1891 868/1923/1896
f 868/1923/1896 854/1918/1891 867/1924/1897
f 867/1924/1897 854/1918/1891 866/1925/1898
f 866/1925/1898 854/1918/1891 865/1926/1899
f 865/1926/1899 854/1918/1891 864/1927/1900
f 864/1927/1900 854/1918/1891 863/1928/1901
f 863/1928/1901 854/1918/1891 862/1929/1902
f 862/1929/1902 854/1918/1891 861/1930/1903
f 861/1930/1903 854/1918/1891 860/1931/1904
f 860/1931/1904 854/1918/1891 855/1932/1905
f 860/1931/1904 855/1932/1905 859/1933/1906
f 859/1933/1906 855/1932/1905 858/1934/1907
f 858/1934/1907 855/1932/1905 856/1935/1908
f 858/1934/1907 856/1935/1908 857/1936/1909
f 876/1937/1910 905/1938/1911 850/1939/1912
f 850/1939/1912 905/1938/1911 904/1940/1913
f 850/1941/1912 904/1942/1913 851/1943/1914
f 851/1943/1914 904/1942/1913 930/1944/1915
f 851/1943/1914 930/1944/1915 852/1945/1916
f 852/1945/1916 930/1944/1915 929/1946/1917
f 852/1945/1916 929/1946/1917 853/1947/1918
f 853/1947/1918 929/1946/1917 928/1948/1919
f 853/1947/1918 928/1948/1919 854/1949/1920
f 854/1949/1920 928/1948/1919 927/1950/1921
f 854/1949/1920 927/1950/1921 855/1951/1922
f 855/1951/1922 927/1950/1921 926/1952/1923
f 855/1951/1922 926/1952/1923 856/1953/1924
f 856/1953/1924 926/1952/1923 925/1954/1925
f 856/1953/1924 925/1954/1925 857/1955/1926
f 857/1955/1926 925/1954/1925 924/1956/1927
f 857/1955/1926 924/1956/1927 858/1957/1928
f 858/1957/1928 924/1956/1927 923/1958/1929
f 858/1957/1928 923/1958/1929 859/1959/1930
f 859/1959/1930 923/1958/1929 922/1960/1931
f 859/1959/1930 922/1960/1931 860/1961/1932
f 860/1961/1932 922/1960/1931 921/1962/1933
f 860/1961/1932 921/1962/1933 861/1963/1934
f 861/1963/1934 921/1962/1933 920/1964/1935
f 861/1963/1934 920/1964/1935 862/1965/1936
f 862/1965/1936 920/1964/1935 919/1966/1937
f 862/1965/1936 919/1966/1937 863/1967/1938
f 863/1967/1938 919/1966/1937 918/1968/1939
f 863/1967/1938 918/1968/1939 864/1969/1940
f 864/1969/1940 918/1968/1939 917/1970/1941
f 864/1969/1940 917/1970/1941 865/1971/1942
f 865/1971/1942 917/1970/1941 916/1972/1943
f 865/1971/1942 916/1972/1943 866/1973/1944
f 866/1973/1944 916/1972/1943 915/1974/1945
f 866/1973/1944 915/1974/1945 867/1975/1946
f 867/1975/1946 915/1974/1945 914/1976/1947
f 867/1975/1946 914/1976/1947 868/1977/1948
f 868/1977/1948 914/1976/1947 913/1978/1949
f 868/1977/1948 913/1978/1949 869/1979/1950
f 869/1979/1950 913/1978/1949 912/1980/1951
f 869/1979/1950 912/1980/1951 870/1981/1952
f 870/1981/1952 912/1980/1951 911/1982/1953
f 870/1981/1952 911/1982/1953 871/1983/1954
f 871/1983/1954 911/1982/1953 910/1984/1955
f 871/1983/1954 910/1984/1955 872/1985/1956
f 872/1985/1956 910/1984/1955 909/1986/1957
f 872/1985/1956 909/1986/1957 873/1987/1958
f 873/1987/1958 909/1986/1957 908/1988/1959
f 873/1987/1958 908/1988/1959 874/1989/1960
f 874/1989/1960 908/1988/1959 907/1990/1961
f 874/1989/1960 907/1990/1961 875/1991/1962
f 875/1991/1962 907/1990/1961 906/1992/1963
f 875/1991/1962 906/1992/1963 876/1937/1910
f 876/1937/1910 906/1992/1963 905/1938/1911
f 878/1993/1964 930/1944/1915 877/1994/1965
f 877/1994/1965 930/1944/1915 904/1942/1913
f 877/1995/1965 904/1940/1913 903/1996/1966
f 903/1996/1966 904/1940/1913 905/1938/1911
f 903/1996/1966 905/1938/1911 902/1997/1967
f 902/1997/1967 905/1938/1911 906/1992/1963
f 902/1997/1967 906/1992/1963 901/1998/1968
f 901/1998/1968 906/1992/1963 907/1990/1961
f 901/1998/1968 907/1990/1961 900/1999/1969
f 900/1999/1969 907/1990/1961 908/1988/1959
f 900/1999/1969 908/1988/1959 899/2000/1970
f 899/2000/1970 908/1988/1959 909/1986/1957
f 899/2000/1970 909/1986/1957 898/2001/1971
f 898/2001/1971 909/1986/1957 910/1984/1955
f 898/2001/1971 910/1984/1955 897/2002/1972
f 897/2002/1972 910/1984/1955 911/1982/1953
f 897/2002/1972 911/1982/1953 896/2003/1973
f 896/2003/1973 911/1982/1953 912/1980/1951
f 896/2003/1973 912/1980/1951 895/2004/1974
f 895/2004/1974 912/1980/1951 913/1978/1949
f 895/2004/1974 913/1978/1949 894/2005/1975
f 894/2005/1975 913/1978/1949 914/1976/1947
f 894/2005/1975 914/1976/1947 893/2006/1976
f 893/2006/1976 914/1976/1947 915/1974/1945
f 893/2006/1976 915/1974/1945 892/2007/1977
f 892/2007/1977 915/1974/1945 916/1972/1943
f 892/2007/1977 916/1972/1943 891/2008/1978
f 891/2008/1978 916/1972/1943 917/1970/1941
f 891/2008/1978 917/1970/1941 890/2009/1979
f 890/2009/1979 917/1970/1941 918/1968/1939
f 890/2009/1979 918/1968/1939 889/2010/1980
f 889/2010/1980 918/1968/1939 919/1966/1937
f 889/2010/1980 919/1966/1937 888/2011/1981
f 888/2011/1981 919/1966/1937 920/1964/1935
f 888/2011/1981 920/1964/1935 887/2012/1982
f 887/2012/1982 920/1964/1935 921/1962/1933
f 887/2012/1982 921/1962/1933 886/2013/1983
f 886/2013/1983 921/1962/1933 922/1960/1931
f 886/2013/1983 922/1960/1931 885/2014/1984
f 885/2014/1984 922/1960/1931 923/1958/1929
f 885/2014/1984 923/1958/1929 884/2015/1985
f 884/2015/1985 923/1958/1929 924/1956/1927
f 884/2015/1985 924/1956/1927 883/2016/1986
f 883/2016/1986 924/1956/1927 925/1954/1925
f 883/2016/1986 925/1954/1925 882/2017/1987
f 882/2017/1987 925/1954/1925 926/1952/1923
f 882/2017/1987 926/1952/1923 881/2018/1988
f 881/2018/1988 926/1952/1923 927/1950/1921
f 881/2018/1988 927/1950/1921 880/2019/1989
f 880/2019/1989 927/1950/1921 928/1948/1919
f 880/2019/1989 928/1948/1919 879/2020/1990
f 879/2020/1990 928/1948/1919 929/1946/1917
f 879/2020/1990 929/1946/1917 878/1993/1964
f 878/1993/1964 929/1946/1917 930/1944/1915
f 877/2021/1991 903/2022/1992 878/2023/1993
f 878/2023/1993 903/2022/1992 902/2024/1994
f 878/2023/1993 902/2024/1994 879/2025/1995
f 879/2025/1995 902/2024/1994 901/2026/1996
f 879/2025/1995 901/2026/1996 880/2027/1997
f 880/2027/1997 901/2026/1996 900/2028/1998
f 880/2027/1997 900/2028/1998 881/2029/1999
f 881/2029/1999 900/2028/1998 899/2030/2000
f 881/2029/1999 899/2030/2000 898/2031/2001
f 898/2031/2001 897/2032/2002 881/2029/1999
f 881/2029/1999 897/2032/2002 896/2033/2003
f 881/2029/1999 896/2033/2003 895/2034/2004
f 895/2034/2004 894/2035/2005 881/2029/1999
f 881/2029/1999 894/2035/2005 893/2036/2006
f 881/2029/1999 893/2036/2006 892/2037/2007
f 892/2037/2007 891/2038/2008 881/2029/1999
f 881/2029/1999 891/2038/2008 890/2039/2009
f 881/2029/1999 890/2039/2009 889/2040/2010
f 889/2040/2010 888/2041/2011 881/2029/1999
f 881/2029/1999 888/2041/2011 887/2042/2012
f 881/2029/1999 887/2042/2012 882/2043/2013
f 882/2043/2013 887/2042/2012 886/2044/2014
f 882/2043/2013 886/2044/2014 885/2045/2015
f 884/2046/2016 883/2047/2017 885/2045/2015
f 885/2045/2015 883/2047/2017 882/2043/2013
g piedino (1)

v 23.076500 12.690624 1.147000
v 23.069685 12.742388 1.147000
v 23.049705 12.790624 1.147000
v 23.017921 12.832046 1.147000
v 22.976500 12.863829 1.147000
v 22.928264 12.883810 1.147000
v 22.876500 12.890624 1.147000
v 22.824736 12.883810 1.147000
v 22.776500 12.863829 1.147000
v 22.735079 12.832046 1.147000
v 22.703295 12.790624 1.147000
v 22.683315 12.742388 1.147000
v 22.676500 12.690624 1.147000
v 22.683315 12.638861 1.147000
v 22.703295 12.590624 1.147000
v 22.735079 12.549203 1.147000
v 22.776500 12.517419 1.147000
v 22.824736 12.497439 1.147000
v 22.876500 12.490624 1.147000
v 22.928264 12.497439 1.147000
v 22.976500 12.517419 1.147000
v 23.017921 12.549203 1.147000
v 23.049705 12.590624 1.147000
v 23.069685 12.638861 1.147000
v 23.176147 12.688962 -0.165000
v 23.169133 12.753453 -0.165000
v 23.148420 12.814929 -0.165000
v 23.114975 12.870514 -0.165000
v 23.070363 12.917611 -0.165000
v 23.016670 12.954016 -0.165000
v 22.956406 12.978027 -0.165000
v 22.892389 12.988522 -0.165000
v 22.827613 12.985010 -0.165000
v 22.765106 12.967655 -0.165000
v 22.707791 12.937269 -0.165000
v 22.658348 12.895272 -0.165000
v 22.619090 12.843628 -0.165000
v 22.591851 12.784753 -0.165000
v 22.577906 12.721398 -0.165000
v 22.577906 12.656526 -0.165000
v 22.591851 12.593172 -0.165000
v 22.619090 12.534296 -0.165000
v 22.658348 12.482652 -0.165000
v 22.707791 12.440656 -0.165000
v 22.765106 12.410269 -0.165000
v 22.827613 12.392914 -0.165000
v 22.892389 12.389402 -0.165000
v 22.956406 12.399897 -0.165000
v 23.016670 12.423909 -0.165000
v 23.070363 12.460314 -0.165000
v 23.114975 12.507410 -0.165000
v 23.148420 12.562995 -0.165000
v 23.169133 12.624471 -0.165000
v 23.076500 12.690624 -0.165000
v 23.069685 12.638861 -0.165000
v 23.049705 12.590624 -0.165000
v 23.017921 12.549203 -0.165000
v 22.976500 12.517419 -0.165000
v 22.928264 12.497439 -0.165000
v 22.876500 12.490624 -0.165000
v 22.824736 12.497439 -0.165000
v 22.776500 12.517419 -0.165000
v 22.735079 12.549203 -0.165000
v 22.703295 12.590624 -0.165000
v 22.683315 12.638861 -0.165000
v 22.676500 12.690624 -0.165000
v 22.683315 12.742388 -0.165000
v 22.703295 12.790624 -0.165000
v 22.735079 12.832046 -0.165000
v 22.776500 12.863829 -0.165000
v 22.824736 12.883810 -0.165000
v 22.876500 12.890624 -0.165000
v 22.928264 12.883810 -0.165000
v 22.976500 12.863829 -0.165000
v 23.017921 12.832046 -0.165000
v 23.049705 12.790624 -0.165000
v 23.069685 12.742388 -0.165000
v 23.176147 12.688962 -0.465000
v 23.169133 12.753453 -0.465000
v 23.148420 12.814929 -0.465000
v 23.114975 12.870514 -0.465000
v 23.070363 12.917611 -0.465000
v 23.016670 12.954016 -0.465000
v 22.956406 12.978027 -0.465000
v 22.892389 12.988522 -0.465000
v 22.827613 12.985010 -0.465000
v 22.765106 12.967655 -0.465000
v 22.707791 12.937269 -0.465000
v 22.658348 12.895272 -0.465000
v 22.619090 12.843628 -0.465000
v 22.591851 12.784753 -0.465000
v 22.577906 12.721398 -0.465000
v 22.577906 12.656526 -0.465000
v 22.591851 12.593172 -0.465000
v 22.619090 12.534296 -0.465000
v 22.658348 12.482652 -0.465000
v 22.707791 12.440656 -0.465000
v 22.765106 12.410269 -0.465000
v 22.827613 12.392914 -0.465000
v 22.892389 12.389402 -0.465000
v 22.956406 12.399897 -0.465000
v 23.016670 12.423909 -0.465000
v 23.070363 12.460314 -0.465000
v 23.114975 12.507410 -0.465000
v 23.148420 12.562995 -0.465000
v 23.169133 12.624471 -0.465000
v 23.076500 12.690624 0.491000
v 23.069685 12.638861 0.491000
v 23.049705 12.590624 0.491000
v 23.017921 12.549203 0.491000
v 22.976500 12.517419 0.491000
v 22.928264 12.497439 0.491000
v 22.876500 12.490624 0.491000
v 22.824736 12.497439 0.491000
v 22.776500 12.517419 0.491000
v 22.735079 12.549203 0.491000
v 22.703295 12.590624 0.491000
v 22.683315 12.638861 0.491000
v 22.676500 12.690624 0.491000
v 22.683315 12.742388 0.491000
v 22.703295 12.790624 0.491000
v 22.735079 12.832046 0.491000
v 22.776500 12.863829 0.491000
v 22.824736 12.883810 0.491000
v 22.876500 12.890624 0.491000
v 22.928264 12.883810 0.491000
v 22.976500 12.863829 0.491000
v 23.017921 12.832046 0.491000
v 23.049705 12.790624 0.491000
v 23.069685 12.742388 0.491000
vt 0.193185 0.051764 0.000000
vt -0.193185 0.051764 0.000000
vt 0.200000 0.000000 0.000000
vt -0.200000 0.000000 0.000000
vt 0.193185 -0.051764 0.000000
vt -0.193185 -0.051764 0.000000
vt 0.173205 -0.100000 0.000000
vt -0.173205 -0.100000 0.000000
vt 0.141421 -0.141421 0.000000
vt -0.141421 -0.141421 0.000000
vt 0.100000 -0.173205 0.000000
vt -0.100000 -0.173205 0.000000
vt 0.051764 -0.193185 0.000000
vt -0.051764 -0.193185 0.000000
vt -0.000000 -0.200000 0.000000
vt -0.173205 0.100000 0.000000
vt 0.173205 0.100000 0.000000
vt -0.141421 0.141421 0.000000
vt 0.141421 0.141421 0.000000
vt -0.100000 0.173205 0.000000
vt 0.100000 0.173205 0.000000
vt -0.051764 0.193185 0.000000
vt 0.051764 0.193185 0.000000
vt -0.000000 0.200000 0.000000
vt 0.292986 -0.064491 0.000000
vt 0.300000 0.000000 0.000000
vt 0.200353 0.001662 0.000000
vt 0.292986 0.064491 0.000000
vt 0.193538 0.053426 0.000000
vt 0.272273 0.125967 0.000000
vt 0.173558 0.101662 0.000000
vt 0.238828 0.181552 0.000000
vt 0.141774 0.143084 0.000000
vt 0.194216 0.228649 0.000000
vt 0.100353 0.174867 0.000000
vt 0.140523 0.265054 0.000000
vt 0.052117 0.194847 0.000000
vt 0.080259 0.289065 0.000000
vt 0.016242 0.299560 0.000000
vt 0.000353 0.201662 0.000000
vt -0.048535 0.296048 0.000000
vt -0.051411 0.194847 0.000000
vt -0.111041 0.278693 0.000000
vt -0.099647 0.174867 0.000000
vt -0.168356 0.248307 0.000000
vt -0.141068 0.143084 0.000000
vt -0.217799 0.206310 0.000000
vt -0.172852 0.101662 0.000000
vt -0.257057 0.154666 0.000000
vt -0.284296 0.095790 0.000000
vt -0.192832 0.053426 0.000000
vt -0.298241 0.032436 0.000000
vt -0.199647 0.001662 0.000000
vt -0.298241 -0.032436 0.000000
vt -0.192832 -0.050102 0.000000
vt -0.284296 -0.095790 0.000000
vt -0.172852 -0.098338 0.000000
vt -0.257057 -0.154666 0.000000
vt -0.217799 -0.206310 0.000000
vt -0.141068 -0.139759 0.000000
vt -0.168356 -0.248307 0.000000
vt -0.099647 -0.171543 0.000000
vt -0.111041 -0.278693 0.000000
vt -0.051411 -0.191523 0.000000
vt -0.048535 -0.296048 0.000000
vt 0.000353 -0.198338 0.000000
vt 0.016242 -0.299560 0.000000
vt 0.052117 -0.191523 0.000000
vt 0.080259 -0.289065 0.000000
vt 0.140523 -0.265054 0.000000
vt 0.100353 -0.171543 0.000000
vt 0.194216 -0.228649 0.000000
vt 0.141774 -0.139759 0.000000
vt 0.238828 -0.181552 0.000000
vt 0.173558 -0.098338 0.000000
vt 0.272273 -0.125967 0.000000
vt 0.193538 -0.050102 0.000000
vt -0.300000 0.877479 0.000000
vt 0.000000 0.877479 0.000000
vt -0.300000 0.942478 0.000000
vt -0.000000 0.942478 0.000000
vt -0.300000 -0.942478 0.000000
vt -0.000000 -0.942478 0.000000
vt -0.300000 -0.877479 0.000000
vt -0.000000 -0.877479 0.000000
vt -0.300000 -0.812481 0.000000
vt 0.000000 -0.812481 0.000000
vt -0.300000 -0.747482 0.000000
vt 0.000000 -0.747482 0.000000
vt -0.300000 -0.682484 0.000000
vt -0.000000 -0.682484 0.000000
vt -0.300000 -0.617485 0.000000
vt -0.000000 -0.617485 0.000000
vt -0.300000 -0.552487 0.000000
vt -0.000000 -0.552487 0.000000
vt -0.300000 -0.487489 0.000000
vt -0.000000 -0.487489 0.000000
vt -0.300000 -0.422490 0.000000
vt -0.000000 -0.422490 0.000000
vt -0.300000 -0.357492 0.000000
vt -0.000000 -0.357492 0.000000
vt -0.300000 -0.292493 0.000000
vt -0.000000 -0.292493 0.000000
vt -0.300000 -0.227495 0.000000
vt 0.000000 -0.227495 0.000000
vt -0.300000 -0.162496 0.000000
vt 0.000000 -0.162496 0.000000
vt -0.300000 -0.097498 0.000000
vt -0.000000 -0.097498 0.000000
vt -0.300000 -0.032499 0.000000
vt -0.000000 -0.032499 0.000000
vt -0.300000 0.032499 0.000000
vt 0.000000 0.032499 0.000000
vt -0.300000 0.097498 0.000000
vt 0.000000 0.097498 0.000000
vt -0.300000 0.162496 0.000000
vt -0.000000 0.162496 0.000000
vt -0.300000 0.227495 0.000000
vt -0.000000 0.227495 0.000000
vt -0.300000 0.292493 0.000000
vt 0.000000 0.292493 0.000000
vt -0.300000 0.357492 0.000000
vt 0.000000 0.357492 0.000000
vt -0.300000 0.422490 0.000000
vt 0.000000 0.422490 0.000000
vt -0.300000 0.487489 0.000000
vt 0.000000 0.487489 0.000000
vt -0.300000 0.552487 0.000000
vt 0.000000 0.552487 0.000000
vt -0.300000 0.617485 0.000000
vt 0.000000 0.617485 0.000000
vt -0.300000 0.682484 0.000000
vt 0.000000 0.682484 0.000000
vt -0.300000 0.747482 0.000000
vt -0.000000 0.747482 0.000000
vt -0.300000 0.812481 0.000000
vt -0.000000 0.812481 0.000000
vt -0.292986 0.064491 0.000000
vt -0.300000 0.000000 0.000000
vt 0.168356 -0.248307 0.000000
vt -0.292986 -0.064491 0.000000
vt -0.272273 -0.125967 0.000000
vt -0.238828 -0.181552 0.000000
vt -0.194216 -0.228649 0.000000
vt -0.140523 -0.265054 0.000000
vt 0.111041 -0.278693 0.000000
vt -0.080259 -0.289065 0.000000
vt 0.048535 -0.296048 0.000000
vt -0.016242 -0.299560 0.000000
vt 0.217799 -0.206310 0.000000
vt 0.168356 0.248307 0.000000
vt 0.111041 0.278693 0.000000
vt 0.048535 0.296048 0.000000
vt 0.217799 0.206310 0.000000
vt 0.257057 -0.154666 0.000000
vt 0.257057 0.154666 0.000000
vt 0.284296 -0.095790 0.000000
vt 0.284296 0.095790 0.000000
vt 0.298241 -0.032436 0.000000
vt 0.298241 0.032436 0.000000
vt -0.016242 0.299560 0.000000
vt -0.080259 0.289065 0.000000
vt -0.140523 0.265054 0.000000
vt -0.194216 0.228649 0.000000
vt -0.238828 0.181552 0.000000
vt -0.272273 0.125967 0.000000
vt 1.012000 -0.575959 0.000000
vt 0.356000 -0.575959 0.000000
vt 1.012000 -0.628319 0.000000
vt 0.356000 -0.628319 0.000000
vt 1.012000 0.628319 0.000000
vt 0.356000 0.628319 0.000000
vt 1.012000 0.575959 0.000000
vt 0.356000 0.575959 0.000000
vt 1.012000 0.523599 0.000000
vt 0.356000 0.523599 0.000000
vt 1.012000 0.471239 0.000000
vt 0.356000 0.471239 0.000000
vt 1.012000 0.418879 0.000000
vt 0.356000 0.418879 0.000000
vt 1.012000 0.366519 0.000000
vt 0.356000 0.366519 0.000000
vt 1.012000 0.314159 0.000000
vt 0.356000 0.314159 0.000000
vt 1.012000 0.261799 0.000000
vt 0.356000 0.261799 0.000000
vt 1.012000 0.209440 0.000000
vt 0.356000 0.209440 0.000000
vt 1.012000 0.157080 0.000000
vt 0.356000 0.157080 0.000000
vt 1.012000 0.104720 0.000000
vt 0.356000 0.104720 0.000000
vt 1.012000 0.052360 0.000000
vt 0.356000 0.052360 0.000000
vt 1.012000 -0.000000 0.000000
vt 0.356000 -0.000000 0.000000
vt 1.012000 -0.052360 0.000000
vt 0.356000 -0.052360 0.000000
vt 1.012000 -0.104720 0.000000
vt 0.356000 -0.104720 0.000000
vt 1.012000 -0.157080 0.000000
vt 0.356000 -0.157080 0.000000
vt 1.012000 -0.209440 0.000000
vt 0.356000 -0.209440 0.000000
vt 1.012000 -0.261799 0.000000
vt 0.356000 -0.261799 0.000000
vt 1.012000 -0.314159 0.000000
vt 0.356000 -0.314159 0.000000
vt 1.012000 -0.366519 0.000000
vt 0.356000 -0.366519 0.000000
vt 1.012000 -0.418879 0.000000
vt 0.356000 -0.418879 0.000000
vt 1.012000 -0.471239 0.000000
vt 0.356000 -0.471239 0.000000
vt 1.012000 -0.523599 0.000000
vt 0.356000 -0.523599 0.000000
vt -0.300000 0.575959 0.000000
vt -0.300000 0.628319 0.000000
vt -0.300000 -0.628319 0.000000
vt -0.300000 -0.575959 0.000000
vt -0.300000 -0.523599 0.000000
vt -0.300000 -0.471239 0.000000
vt -0.300000 -0.418879 0.000000
vt -0.300000 -0.366519 0.000000
vt -0.300000 -0.314159 0.000000
vt -0.300000 -0.261799 0.000000
vt -0.300000 -0.209440 0.000000
vt -0.300000 -0.157080 0.000000
vt -0.300000 -0.104720 0.000000
vt -0.300000 -0.052360 0.000000
vt -0.300000 0.000000 0.000000
vt -0.300000 0.052360 0.000000
vt -0.300000 0.104720 0.000000
vt -0.300000 0.157080 0.000000
vt -0.300000 0.209440 0.000000
vt -0.300000 0.261799 0.000000
vt -0.300000 0.314159 0.000000
vt -0.300000 0.366519 0.000000
vt -0.300000 0.418879 0.000000
vt -0.300000 0.471239 0.000000
vt -0.300000 0.523599 0.000000
vn -0.000000 0.000000 1.000000
vn -0.000000 0.000000 1.000000
vn -0.000000 0.000000 1.000000
vn -0.000000 0.000000 1.000000
vn -0.000000 0.000000 1.000000
vn -0.000000 0.000000 1.000000
vn -0.000000 0.000000 1.000000
vn -0.000000 0.000000 1.000000
vn -0.000000 0.000000 1.000000
vn -0.000000 0.000000 1.000000
vn -0.000000 0.000000 1.000000
vn -0.000000 0.000000 1.000000
vn -0.000000 0.000000 1.000000
vn -0.000000 0.000000 1.000000
vn -0.000000 0.000000 1.000000
vn -0.000000 0.000000 1.000000
vn -0.000000 0.000000 1.000000
vn -0.000000 0.000000 1.000000
vn -0.000000 0.000000 1.000000
vn -0.000000 0.000000 1.000000
vn -0.000000 0.000000 1.000000
vn -0.000000 0.000000 1.000000
vn -0.000000 0.000000 1.000000
vn -0.000000 0.000000 1.000000
vn -0.000000 0.000000 1.000000
vn -0.000000 0.000000 1.000000
vn -0.000000 0.000000 1.000000
vn -0.000000 0.000000 1.000000
vn -0.000000 0.000000 1.000000
vn -0.000000 0.000000 1.000000
vn -0.000000 0.000000 1.000000
vn -0.000000 0.000000 1.000000
vn -0.000000 0.000000 1.000000
vn -0.000000 0.000000 1.000000
vn -0.000000 0.000000 1.000000
vn -0.000000 0.000000 1.000000
vn -0.000000 0.000000 1.000000
vn -0.000000 0.000000 1.000000
vn -0.000000 0.000000 1.000000
vn -0.000000 0.000000 1.000000
vn -0.000000 0.000000 1.000000
vn -0.000000 0.000000 1.000000
vn -0.000000 0.000000 1.000000
vn -0.000000 0.000000 1.000000
vn -0.000000 0.000000 1.000000
vn -0.000000 0.000000 1.000000
vn -0.000000 0.000000 1.000000
vn -0.000000 0.000000 1.000000
vn -0.000000 0.000000 1.000000
vn -0.000000 0.000000 1.000000
vn -0.000000 0.000000 1.000000
vn -0.000000 0.000000 1.000000
vn -0.000000 0.000000 1.000000
vn -0.000000 0.000000 1.000000
vn -0.000000 0.000000 1.000000
vn -0.000000 0.000000 1.000000
vn -0.000000 0.000000 1.000000
vn -0.000000 0.000000 1.000000
vn -0.000000 0.000000 1.000000
vn -0.000000 0.000000 1.000000
vn -0.000000 0.000000 1.000000
vn -0.000000 0.000000 1.000000
vn -0.000000 0.000000 1.000000
vn -0.000000 0.000000 1.000000
vn -0.000000 0.000000 1.000000
vn -0.000000 0.000000 1.000000
vn -0.000000 0.000000 1.000000
vn -0.000000 0.000000 1.000000
vn -0.000000 0.000000 1.000000
vn -0.000000 0.000000 1.000000
vn -0.000000 0.000000 1.000000
vn -0.000000 0.000000 1.000000
vn -0.000000 0.000000 1.000000
vn -0.000000 0.000000 1.000000
vn -0.000000 0.000000 1.000000
vn -0.000000 0.000000 1.000000
vn -0.000000 0.000000 1.000000
vn 0.976621 0.214970 -0.000000
vn 0.976621 0.214970 -0.000000
vn 1.000000 0.000000 -0.000000
vn 1.000000 0.000000 -0.000000
vn 0.976621 -0.214970 0.000000
vn 0.976621 -0.214970 0.000000
vn 0.907575 -0.419889 0.000000
vn 0.907575 -0.419889 0.000000
vn 0.796093 -0.605174 0.000000
vn 0.796093 -0.605174 0.000000
vn 0.647386 -0.762162 0.000000
vn 0.647386 -0.762162 0.000000
vn 0.468408 -0.883512 0.000000
vn 0.468408 -0.883512 0.000000
vn 0.267528 -0.963550 0.000000
vn 0.267528 -0.963550 0.000000
vn 0.054139 -0.998533 0.000000
vn 0.054139 -0.998533 0.000000
vn -0.161782 -0.986827 0.000000
vn -0.161782 -0.986827 0.000000
vn -0.370138 -0.928977 0.000000
vn -0.370138 -0.928977 0.000000
vn -0.561187 -0.827689 0.000000
vn -0.561187 -0.827689 0.000000
vn -0.725995 -0.687699 0.000000
vn -0.725995 -0.687699 0.000000
vn -0.856857 -0.515554 0.000000
vn -0.856857 -0.515554 0.000000
vn -0.947653 -0.319302 0.000000
vn -0.947653 -0.319302 0.000000
vn -0.994138 -0.108119 0.000000
vn -0.994138 -0.108119 0.000000
vn -0.994138 0.108119 -0.000000
vn -0.994138 0.108119 -0.000000
vn -0.947653 0.319302 -0.000000
vn -0.947653 0.319302 -0.000000
vn -0.856857 0.515554 -0.000000
vn -0.856857 0.515554 -0.000000
vn -0.725995 0.687699 -0.000000
vn -0.725995 0.687699 -0.000000
vn -0.561187 0.827689 -0.000000
vn -0.561187 0.827689 -0.000000
vn -0.370138 0.928977 -0.000000
vn -0.370138 0.928977 -0.000000
vn -0.161782 0.986827 -0.000000
vn -0.161782 0.986827 -0.000000
vn 0.054139 0.998533 -0.000000
vn 0.054139 0.998533 -0.000000
vn 0.267528 0.963550 -0.000000
vn 0.267528 0.963550 -0.000000
vn 0.468408 0.883512 -0.000000
vn 0.468408 0.883512 -0.000000
vn 0.647386 0.762162 -0.000000
vn 0.647386 0.762162 -0.000000
vn 0.796093 0.605174 -0.000000
vn 0.796093 0.605174 -0.000000
vn 0.907575 0.419889 -0.000000
vn 0.907575 0.419889 -0.000000
vn 0.000000 -0.000000 -1.000000
vn 0.000000 -0.000000 -1.000000
vn 0.000000 -0.000000 -1.000000
vn 0.000000 -0.000000 -1.000000
vn 0.000000 -0.000000 -1.000000
vn 0.000000 -0.000000 -1.000000
vn 0.000000 -0.000000 -1.000000
vn 0.000000 -0.000000 -1.000000
vn 0.000000 -0.000000 -1.000000
vn 0.000000 -0.000000 -1.000000
vn 0.000000 -0.000000 -1.000000
vn 0.000000 -0.000000 -1.000000
vn 0.000000 -0.000000 -1.000000
vn 0.000000 -0.000000 -1.000000
vn 0.000000 -0.000000 -1.000000
vn 0.000000 -0.000000 -1.000000
vn 0.000000 -0.000000 -1.000000
vn 0.000000 -0.000000 -1.000000
vn 0.000000 -0.000000 -1.000000
vn 0.000000 -0.000000 -1.000000
vn 0.000000 -0.000000 -1.000000
vn 0.000000 -0.000000 -1.000000
vn 0.000000 -0.000000 -1.000000
vn 0.000000 -0.000000 -1.000000
vn 0.000000 -0.000000 -1.000000
vn 0.000000 -0.000000 -1.000000
vn 0.000000 -0.000000 -1.000000
vn 0.000000 -0.000000 -1.000000
vn 0.000000 -0.000000 -1.000000
vn 0.965926 -0.258819 0.000000
vn 0.965926 -0.258819 0.000000
vn 1.000000 -0.000000 0.000000
vn 1.000000 -0.000000 0.000000
vn 0.965926 0.258819 -0.000000
vn 0.965926 0.258819 -0.000000
vn 0.866025 0.500000 -0.000000
vn 0.866025 0.500000 -0.000000
vn 0.707107 0.707107 -0.000000
vn 0.707107 0.707107 -0.000000
vn 0.500000 0.866025 -0.000000
vn 0.500000 0.866025 -0.000000
vn 0.258819 0.965926 -0.000000
vn 0.258819 0.965926 -0.000000
vn -0.000000 1.000000 -0.000000
vn -0.000000 1.000000 -0.000000
vn -0.258819 0.965926 -0.000000
vn -0.258819 0.965926 -0.000000
vn -0.500000 0.866025 -0.000000
vn -0.500000 0.866025 -0.000000
vn -0.707107 0.707107 -0.000000
vn -0.707107 0.707107 -0.000000
vn -0.866025 0.500000 -0.000000
vn -0.866025 0.500000 -0.000000
vn -0.965926 0.258819 -0.000000
vn -0.965926 0.258819 -0.000000
vn -1.000000 -0.000000 0.000000
vn -1.000000 -0.000000 0.000000
vn -0.965926 -0.258819 0.000000
vn -0.965926 -0.258819 0.000000
vn -0.866025 -0.500000 0.000000
vn -0.866025 -0.500000 0.000000
vn -0.707107 -0.707107 0.000000
vn -0.707107 -0.707107 0.000000
vn -0.500000 -0.866025 0.000000
vn -0.500000 -0.866025 0.000000
vn -0.258819 -0.965926 0.000000
vn -0.258819 -0.965926 0.000000
vn -0.000000 -1.000000 0.000000
vn -0.000000 -1.000000 0.000000
vn 0.258819 -0.965926 0.000000
vn 0.258819 -0.965926 0.000000
vn 0.500000 -0.866025 0.000000
vn 0.500000 -0.866025 0.000000
vn 0.707107 -0.707107 0.000000
vn 0.707107 -0.707107 0.000000
vn 0.866025 -0.500000 0.000000
vn 0.866025 -0.500000 0.000000
vn 0.965926 0.258819 -0.000000
vn 1.000000 0.000000 -0.000000
vn 0.965926 -0.258819 0.000000
vn 0.866025 -0.500000 0.000000
vn 0.707107 -0.707107 0.000000
vn 0.500000 -0.866025 0.000000
vn 0.258819 -0.965926 0.000000
vn -0.000000 -1.000000 0.000000
vn -0.258819 -0.965926 0.000000
vn -0.500000 -0.866025 0.000000
vn -0.707107 -0.707107 0.000000
vn -0.866025 -0.500000 0.000000
vn -0.965926 -0.258819 0.000000
vn -1.000000 0.000000 -0.000000
vn -0.965926 0.258819 -0.000000
vn -0.866025 0.500000 -0.000000
vn -0.707107 0.707107 -0.000000
vn -0.500000 0.866025 -0.000000
vn -0.258819 0.965926 -0.000000
vn -0.000000 1.000000 -0.000000
vn 0.258819 0.965926 -0.000000
vn 0.500000 0.866025 -0.000000
vn 0.707107 0.707107 -0.000000
vn 0.866025 0.500000 -0.000000
f 932/2048/2018 942/2049/2019 931/2050/2020
f 931/2050/2020 942/2049/2019 943/2051/2021
f 931/2050/2020 943/2051/2021 954/2052/2022
f 954/2052/2022 943/2051/2021 944/2053/2023
f 954/2052/2022 944/2053/2023 953/2054/2024
f 953/2054/2024 944/2053/2023 945/2055/2025
f 953/2054/2024 945/2055/2025 952/2056/2026
f 952/2056/2026 945/2055/2025 946/2057/2027
f 952/2056/2026 946/2057/2027 951/2058/2028
f 951/2058/2028 946/2057/2027 947/2059/2029
f 951/2058/2028 947/2059/2029 950/2060/2030
f 950/2060/2030 947/2059/2029 948/2061/2031
f 950/2060/2030 948/2061/2031 949/2062/2032
f 942/2049/2019 932/2048/2018 941/2063/2033
f 941/2063/2033 932/2048/2018 933/2064/2034
f 941/2063/2033 933/2064/2034 940/2065/2035
f 940/2065/2035 933/2064/2034 934/2066/2036
f 940/2065/2035 934/2066/2036 939/2067/2037
f 939/2067/2037 934/2066/2036 935/2068/2038
f 939/2067/2037 935/2068/2038 938/2069/2039
f 938/2069/2039 935/2068/2038 936/2070/2040
f 938/2069/2039 936/2070/2040 937/2071/2041
f 983/2072/2042 955/2073/2043 984/2074/2044
f 984/2074/2044 955/2073/2043 956/2075/2045
f 984/2074/2044 956/2075/2045 1007/2076/2046
f 1007/2076/2046 956/2075/2045 957/2077/2047
f 1007/2076/2046 957/2077/2047 1006/2078/2048
f 1006/2078/2048 957/2077/2047 958/2079/2049
f 1006/2078/2048 958/2079/2049 1005/2080/2050
f 1005/2080/2050 958/2079/2049 959/2081/2051
f 1005/2080/2050 959/2081/2051 1004/2082/2052
f 1004/2082/2052 959/2081/2051 960/2083/2053
f 1004/2082/2052 960/2083/2053 1003/2084/2054
f 1003/2084/2054 960/2083/2053 961/2085/2055
f 1003/2084/2054 961/2085/2055 962/2086/2056
f 1003/2084/2054 962/2086/2056 1002/2087/2057
f 1002/2087/2057 962/2086/2056 963/2088/2058
f 1002/2087/2057 963/2088/2058 1001/2089/2059
f 1001/2089/2059 963/2088/2058 964/2090/2060
f 1001/2089/2059 964/2090/2060 1000/2091/2061
f 1000/2091/2061 964/2090/2060 965/2092/2062
f 1000/2091/2061 965/2092/2062 999/2093/2063
f 999/2093/2063 965/2092/2062 966/2094/2064
f 999/2093/2063 966/2094/2064 998/2095/2065
f 998/2095/2065 966/2094/2064 967/2096/2066
f 998/2095/2065 967/2096/2066 968/2097/2067
f 998/2095/2065 968/2097/2067 997/2098/2068
f 997/2098/2068 968/2097/2067 969/2099/2069
f 997/2098/2068 969/2099/2069 996/2100/2070
f 996/2100/2070 969/2099/2069 970/2101/2071
f 996/2100/2070 970/2101/2071 995/2102/2072
f 995/2102/2072 970/2101/2071 971/2103/2073
f 995/2102/2072 971/2103/2073 994/2104/2074
f 994/2104/2074 971/2103/2073 972/2105/2075
f 994/2104/2074 972/2105/2075 973/2106/2076
f 994/2104/2074 973/2106/2076 993/2107/2077
f 993/2107/2077 973/2106/2076 974/2108/2078
f 993/2107/2077 974/2108/2078 992/2109/2079
f 992/2109/2079 974/2108/2078 975/2110/2080
f 992/2109/2079 975/2110/2080 991/2111/2081
f 991/2111/2081 975/2110/2080 976/2112/2082
f 991/2111/2081 976/2112/2082 990/2113/2083
f 990/2113/2083 976/2112/2082 977/2114/2084
f 990/2113/2083 977/2114/2084 989/2115/2085
f 989/2115/2085 977/2114/2084 978/2116/2086
f 989/2115/2085 978/2116/2086 979/2117/2087
f 989/2115/2085 979/2117/2087 988/2118/2088
f 988/2118/2088 979/2117/2087 980/2119/2089
f 988/2118/2088 980/2119/2089 987/2120/2090
f 987/2120/2090 980/2119/2089 981/2121/2091
f 987/2120/2090 981/2121/2091 986/2122/2092
f 986/2122/2092 981/2121/2091 982/2123/2093
f 986/2122/2092 982/2123/2093 985/2124/2094
f 985/2124/2094 982/2123/2093 983/2072/2042
f 985/2124/2094 983/2072/2042 984/2074/2044
f 1009/2125/2095 956/2126/2096 1008/2127/2097
f 1008/2127/2097 956/2126/2096 955/2128/2098
f 1008/2129/2097 955/2130/2098 1036/2131/2099
f 1036/2131/2099 955/2130/2098 983/2132/2100
f 1036/2131/2099 983/2132/2100 1035/2133/2101
f 1035/2133/2101 983/2132/2100 982/2134/2102
f 1035/2133/2101 982/2134/2102 1034/2135/2103
f 1034/2135/2103 982/2134/2102 981/2136/2104
f 1034/2135/2103 981/2136/2104 1033/2137/2105
f 1033/2137/2105 981/2136/2104 980/2138/2106
f 1033/2137/2105 980/2138/2106 1032/2139/2107
f 1032/2139/2107 980/2138/2106 979/2140/2108
f 1032/2139/2107 979/2140/2108 1031/2141/2109
f 1031/2141/2109 979/2140/2108 978/2142/2110
f 1031/2141/2109 978/2142/2110 1030/2143/2111
f 1030/2143/2111 978/2142/2110 977/2144/2112
f 1030/2143/2111 977/2144/2112 1029/2145/2113
f 1029/2145/2113 977/2144/2112 976/2146/2114
f 1029/2145/2113 976/2146/2114 1028/2147/2115
f 1028/2147/2115 976/2146/2114 975/2148/2116
f 1028/2147/2115 975/2148/2116 1027/2149/2117
f 1027/2149/2117 975/2148/2116 974/2150/2118
f 1027/2149/2117 974/2150/2118 1026/2151/2119
f 1026/2151/2119 974/2150/2118 973/2152/2120
f 1026/2151/2119 973/2152/2120 1025/2153/2121
f 1025/2153/2121 973/2152/2120 972/2154/2122
f 1025/2153/2121 972/2154/2122 1024/2155/2123
f 1024/2155/2123 972/2154/2122 971/2156/2124
f 1024/2155/2123 971/2156/2124 1023/2157/2125
f 1023/2157/2125 971/2156/2124 970/2158/2126
f 1023/2157/2125 970/2158/2126 1022/2159/2127
f 1022/2159/2127 970/2158/2126 969/2160/2128
f 1022/2159/2127 969/2160/2128 1021/2161/2129
f 1021/2161/2129 969/2160/2128 968/2162/2130
f 1021/2161/2129 968/2162/2130 1020/2163/2131
f 1020/2163/2131 968/2162/2130 967/2164/2132
f 1020/2163/2131 967/2164/2132 1019/2165/2133
f 1019/2165/2133 967/2164/2132 966/2166/2134
f 1019/2165/2133 966/2166/2134 1018/2167/2135
f 1018/2167/2135 966/2166/2134 965/2168/2136
f 1018/2167/2135 965/2168/2136 1017/2169/2137
f 1017/2169/2137 965/2168/2136 964/2170/2138
f 1017/2169/2137 964/2170/2138 1016/2171/2139
f 1016/2171/2139 964/2170/2138 963/2172/2140
f 1016/2171/2139 963/2172/2140 1015/2173/2141
f 1015/2173/2141 963/2172/2140 962/2174/2142
f 1015/2173/2141 962/2174/2142 1014/2175/2143
f 1014/2175/2143 962/2174/2142 961/2176/2144
f 1014/2175/2143 961/2176/2144 1013/2177/2145
f 1013/2177/2145 961/2176/2144 960/2178/2146
f 1013/2177/2145 960/2178/2146 1012/2179/2147
f 1012/2179/2147 960/2178/2146 959/2180/2148
f 1012/2179/2147 959/2180/2148 1011/2181/2149
f 1011/2181/2149 959/2180/2148 958/2182/2150
f 1011/2181/2149 958/2182/2150 1010/2183/2151
f 1010/2183/2151 958/2182/2150 957/2184/2152
f 1010/2183/2151 957/2184/2152 1009/2125/2095
f 1009/2125/2095 957/2184/2152 956/2126/2096
f 1009/2185/2153 1008/2186/2154 1027/2187/2155
f 1027/2187/2155 1008/2186/2154 1036/2188/2156
f 1027/2187/2155 1036/2188/2156 1035/2189/2157
f 1035/2189/2157 1034/2190/2158 1027/2187/2155
f 1027/2187/2155 1034/2190/2158 1033/2191/2159
f 1027/2187/2155 1033/2191/2159 1032/2192/2160
f 1027/2187/2155 1032/2192/2160 1028/2193/2161
f 1028/2193/2161 1032/2192/2160 1031/2194/2162
f 1028/2193/2161 1031/2194/2162 1029/2195/2163
f 1029/2195/2163 1031/2194/2162 1030/2196/2164
f 1026/2197/2165 1018/2198/2166 1027/2187/2155
f 1027/2187/2155 1018/2198/2166 1017/2199/2167
f 1027/2187/2155 1017/2199/2167 1016/2200/2168
f 1018/2198/2166 1026/2197/2165 1019/2201/2169
f 1019/2201/2169 1026/2197/2165 1025/2202/2170
f 1019/2201/2169 1025/2202/2170 1020/2203/2171
f 1020/2203/2171 1025/2202/2170 1024/2204/2172
f 1020/2203/2171 1024/2204/2172 1021/2205/2173
f 1021/2205/2173 1024/2204/2172 1023/2206/2174
f 1021/2205/2173 1023/2206/2174 1022/2207/2175
f 1016/2200/2168 1015/2208/2176 1027/2187/2155
f 1027/2187/2155 1015/2208/2176 1014/2209/2177
f 1027/2187/2155 1014/2209/2177 1013/2210/2178
f 1013/2210/2178 1012/2211/2179 1027/2187/2155
f 1027/2187/2155 1012/2211/2179 1011/2212/2180
f 1027/2187/2155 1011/2212/2180 1010/2213/2181
f 1010/2213/2181 1009/2185/2153 1027/2187/2155
f 954/2214/2182 1038/2215/2183 931/2216/2184
f 931/2216/2184 1038/2215/2183 1037/2217/2185
f 931/2218/2184 1037/2219/2185 932/2220/2186
f 932/2220/2186 1037/2219/2185 1060/2221/2187
f 932/2220/2186 1060/2221/2187 933/2222/2188
f 933/2222/2188 1060/2221/2187 1059/2223/2189
f 933/2222/2188 1059/2223/2189 934/2224/2190
f 934/2224/2190 1059/2223/2189 1058/2225/2191
f 934/2224/2190 1058/2225/2191 935/2226/2192
f 935/2226/2192 1058/2225/2191 1057/2227/2193
f 935/2226/2192 1057/2227/2193 936/2228/2194
f 936/2228/2194 1057/2227/2193 1056/2229/2195
f 936/2228/2194 1056/2229/2195 937/2230/2196
f 937/2230/2196 1056/2229/2195 1055/2231/2197
f 937/2230/2196 1055/2231/2197 938/2232/2198
f 938/2232/2198 1055/2231/2197 1054/2233/2199
f 938/2232/2198 1054/2233/2199 939/2234/2200
f 939/2234/2200 1054/2233/2199 1053/2235/2201
f 939/2234/2200 1053/2235/2201 940/2236/2202
f 940/2236/2202 1053/2235/2201 1052/2237/2203
f 940/2236/2202 1052/2237/2203 941/2238/2204
f 941/2238/2204 1052/2237/2203 1051/2239/2205
f 941/2238/2204 1051/2239/2205 942/2240/2206
f 942/2240/2206 1051/2239/2205 1050/2241/2207
f 942/2240/2206 1050/2241/2207 943/2242/2208
f 943/2242/2208 1050/2241/2207 1049/2243/2209
f 943/2242/2208 1049/2243/2209 944/2244/2210
f 944/2244/2210 1049/2243/2209 1048/2245/2211
f 944/2244/2210 1048/2245/2211 945/2246/2212
f 945/2246/2212 1048/2245/2211 1047/2247/2213
f 945/2246/2212 1047/2247/2213 946/2248/2214
f 946/2248/2214 1047/2247/2213 1046/2249/2215
f 946/2248/2214 1046/2249/2215 947/2250/2216
f 947/2250/2216 1046/2249/2215 1045/2251/2217
f 947/2250/2216 1045/2251/2217 948/2252/2218
f 948/2252/2218 1045/2251/2217 1044/2253/2219
f 948/2252/2218 1044/2253/2219 949/2254/2220
f 949/2254/2220 1044/2253/2219 1043/2255/2221
f 949/2254/2220 1043/2255/2221 950/2256/2222
f 950/2256/2222 1043/2255/2221 1042/2257/2223
f 950/2256/2222 1042/2257/2223 951/2258/2224
f 951/2258/2224 1042/2257/2223 1041/2259/2225
f 951/2258/2224 1041/2259/2225 952/2260/2226
f 952/2260/2226 1041/2259/2225 1040/2261/2227
f 952/2260/2226 1040/2261/2227 953/2262/2228
f 953/2262/2228 1040/2261/2227 1039/2263/2229
f 953/2262/2228 1039/2263/2229 954/2214/2182
f 954/2214/2182 1039/2263/2229 1038/2215/2183
f 1007/2264/2230 1060/2221/2187 984/2265/2231
f 984/2265/2231 1060/2221/2187 1037/2219/2185
f 984/2266/2231 1037/2217/2185 985/2267/2232
f 985/2267/2232 1037/2217/2185 1038/2215/2183
f 985/2267/2232 1038/2215/2183 986/2268/2233
f 986/2268/2233 1038/2215/2183 1039/2263/2229
f 986/2268/2233 1039/2263/2229 987/2269/2234
f 987/2269/2234 1039/2263/2229 1040/2261/2227
f 987/2269/2234 1040/2261/2227 988/2270/2235
f 988/2270/2235 1040/2261/2227 1041/2259/2225
f 988/2270/2235 1041/2259/2225 989/2271/2236
f 989/2271/2236 1041/2259/2225 1042/2257/2223
f 989/2271/2236 1042/2257/2223 990/2272/2237
f 990/2272/2237 1042/2257/2223 1043/2255/2221
f 990/2272/2237 1043/2255/2221 991/2273/2238
f 991/2273/2238 1043/2255/2221 1044/2253/2219
f 991/2273/2238 1044/2253/2219 992/2274/2239
f 992/2274/2239 1044/2253/2219 1045/2251/2217
f 992/2274/2239 1045/2251/2217 993/2275/2240
f 993/2275/2240 1045/2251/2217 1046/2249/2215
f 993/2275/2240 1046/2249/2215 994/2276/2241
f 994/2276/2241 1046/2249/2215 1047/2247/2213
f 994/2276/2241 1047/2247/2213 995/2277/2242
f 995/2277/2242 1047/2247/2213 1048/2245/2211
f 995/2277/2242 1048/2245/2211 996/2278/2243
f 996/2278/2243 1048/2245/2211 1049/2243/2209
f 996/2278/2243 1049/2243/2209 997/2279/2244
f 997/2279/2244 1049/2243/2209 1050/2241/2207
f 997/2279/2244 1050/2241/2207 998/2280/2245
f 998/2280/2245 1050/2241/2207 1051/2239/2205
f 998/2280/2245 1051/2239/2205 999/2281/2246
f 999/2281/2246 1051/2239/2205 1052/2237/2203
f 999/2281/2246 1052/2237/2203 1000/2282/2247
f 1000/2282/2247 1052/2237/2203 1053/2235/2201
f 1000/2282/2247 1053/2235/2201 1001/2283/2248
f 1001/2283/2248 1053/2235/2201 1054/2233/2199
f 1001/2283/2248 1054/2233/2199 1002/2284/2249
f 1002/2284/2249 1054/2233/2199 1055/2231/2197
f 1002/2284/2249 1055/2231/2197 1003/2285/2250
f 1003/2285/2250 1055/2231/2197 1056/2229/2195
f 1003/2285/2250 1056/2229/2195 1004/2286/2251
f 1004/2286/2251 1056/2229/2195 1057/2227/2193
f 1004/2286/2251 1057/2227/2193 1005/2287/2252
f 1005/2287/2252 1057/2227/2193 1058/2225/2191
f 1005/2287/2252 1058/2225/2191 1006/2288/2253
f 1006/2288/2253 1058/2225/2191 1059/2223/2189
f 1006/2288/2253 1059/2223/2189 1007/2264/2230
f 1007/2264/2230 1059/2223/2189 1060/2221/2187
g piedino (4)

v 23.228600 4.102100 -0.165000
v 23.225084 4.056305 -0.165000
v 23.214619 4.011584 -0.165000
v 23.197450 3.968984 -0.165000
v 23.173979 3.929504 -0.165000
v 23.144756 3.894070 -0.165000
v 23.110468 3.863512 -0.165000
v 23.071916 3.838546 -0.165000
v 23.030005 3.819758 -0.165000
v 22.985717 3.807588 -0.165000
v 22.940091 3.802320 -0.165000
v 22.894195 3.804079 -0.165000
v 22.849106 3.812824 -0.165000
v 22.805879 3.828349 -0.165000
v 22.765530 3.850290 -0.165000
v 22.729002 3.878134 -0.165000
v 22.697153 3.911227 -0.165000
v 22.670729 3.948794 -0.165000
v 22.650349 3.989955 -0.165000
v 22.636491 4.033744 -0.165000
v 22.629480 4.079135 -0.165000
v 22.629480 4.125065 -0.165000
v 22.636491 4.170456 -0.165000
v 22.650349 4.214245 -0.165000
v 22.670729 4.255406 -0.165000
v 22.697153 4.292973 -0.165000
v 22.729002 4.326066 -0.165000
v 22.765530 4.353910 -0.165000
v 22.805879 4.375851 -0.165000
v 22.849106 4.391376 -0.165000
v 22.894195 4.400121 -0.165000
v 22.940091 4.401880 -0.165000
v 22.985717 4.396612 -0.165000
v 23.030005 4.384442 -0.165000
v 23.071916 4.365654 -0.165000
v 23.110468 4.340688 -0.165000
v 23.144756 4.310130 -0.165000
v 23.173979 4.274696 -0.165000
v 23.197450 4.235216 -0.165000
v 23.214619 4.192616 -0.165000
v 23.225084 4.147895 -0.165000
v 23.228600 4.102100 -0.465000
v 23.225084 4.147895 -0.465000
v 23.214619 4.192616 -0.465000
v 23.197450 4.235216 -0.465000
v 23.173979 4.274696 -0.465000
v 23.144756 4.310130 -0.465000
v 23.110468 4.340688 -0.465000
v 23.071916 4.365654 -0.465000
v 23.030005 4.384442 -0.465000
v 22.985717 4.396612 -0.465000
v 22.940091 4.401880 -0.465000
v 22.894195 4.400121 -0.465000
v 22.849106 4.391376 -0.465000
v 22.805879 4.375851 -0.465000
v 22.765530 4.353910 -0.465000
v 22.729002 4.326066 -0.465000
v 22.697153 4.292973 -0.465000
v 22.670729 4.255406 -0.465000
v 22.650349 4.214245 -0.465000
v 22.636491 4.170456 -0.465000
v 22.629480 4.125065 -0.465000
v 22.629480 4.079135 -0.465000
v 22.636491 4.033744 -0.465000
v 22.650349 3.989955 -0.465000
v 22.670729 3.948794 -0.465000
v 22.697153 3.911227 -0.465000
v 22.729002 3.878134 -0.465000
v 22.765530 3.850290 -0.465000
v 22.805879 3.828349 -0.465000
v 22.849106 3.812824 -0.465000
v 22.894195 3.804079 -0.465000
v 22.940091 3.802320 -0.465000
v 22.985717 3.807588 -0.465000
v 23.030005 3.819758 -0.465000
v 23.071916 3.838546 -0.465000
v 23.110468 3.863512 -0.465000
v 23.144756 3.894070 -0.465000
v 23.173979 3.929504 -0.465000
v 23.197450 3.968984 -0.465000
v 23.214619 4.011584 -0.465000
v 23.225084 4.056305 -0.465000
vt -0.300000 0.896503 0.000000
vt -0.000000 0.896503 0.000000
vt -0.300000 0.942478 0.000000
vt -0.000000 0.942478 0.000000
vt -0.300000 -0.942478 0.000000
vt -0.000000 -0.942478 0.000000
vt -0.300000 -0.896503 0.000000
vt -0.000000 -0.896503 0.000000
vt -0.300000 -0.850529 0.000000
vt -0.000000 -0.850529 0.000000
vt -0.300000 -0.804554 0.000000
vt -0.000000 -0.804554 0.000000
vt -0.300000 -0.758580 0.000000
vt -0.000000 -0.758580 0.000000
vt -0.300000 -0.712605 0.000000
vt -0.000000 -0.712605 0.000000
vt -0.300000 -0.666631 0.000000
vt -0.000000 -0.666631 0.000000
vt -0.300000 -0.620656 0.000000
vt -0.000000 -0.620656 0.000000
vt -0.300000 -0.574682 0.000000
vt -0.000000 -0.574682 0.000000
vt -0.300000 -0.528707 0.000000
vt -0.000000 -0.528707 0.000000
vt -0.300000 -0.482733 0.000000
vt -0.000000 -0.482733 0.000000
vt -0.300000 -0.436758 0.000000
vt -0.000000 -0.436758 0.000000
vt -0.300000 -0.390783 0.000000
vt -0.000000 -0.390783 0.000000
vt -0.300000 -0.344809 0.000000
vt -0.000000 -0.344809 0.000000
vt -0.300000 -0.298834 0.000000
vt -0.000000 -0.298834 0.000000
vt -0.300000 -0.252860 0.000000
vt -0.000000 -0.252860 0.000000
vt -0.300000 -0.206885 0.000000
vt -0.000000 -0.206885 0.000000
vt -0.300000 -0.160911 0.000000
vt -0.000000 -0.160911 0.000000
vt -0.300000 -0.114936 0.000000
vt -0.000000 -0.114936 0.000000
vt -0.300000 -0.068962 0.000000
vt -0.000000 -0.068962 0.000000
vt -0.300000 -0.022987 0.000000
vt -0.000000 -0.022987 0.000000
vt -0.300000 0.022987 0.000000
vt -0.000000 0.022987 0.000000
vt -0.300000 0.068962 0.000000
vt -0.000000 0.068962 0.000000
vt -0.300000 0.114936 0.000000
vt -0.000000 0.114936 0.000000
vt -0.300000 0.160911 0.000000
vt -0.000000 0.160911 0.000000
vt -0.300000 0.206885 0.000000
vt -0.000000 0.206885 0.000000
vt -0.300000 0.252860 0.000000
vt -0.000000 0.252860 0.000000
vt -0.300000 0.298834 0.000000
vt -0.000000 0.298834 0.000000
vt -0.300000 0.344809 0.000000
vt -0.000000 0.344809 0.000000
vt -0.300000 0.390783 0.000000
vt -0.000000 0.390783 0.000000
vt -0.300000 0.436758 0.000000
vt -0.000000 0.436758 0.000000
vt -0.300000 0.482733 0.000000
vt -0.000000 0.482733 0.000000
vt -0.300000 0.528707 0.000000
vt -0.000000 0.528707 0.000000
vt -0.300000 0.574682 0.000000
vt -0.000000 0.574682 0.000000
vt -0.300000 0.620656 0.000000
vt -0.000000 0.620656 0.000000
vt -0.300000 0.666631 0.000000
vt -0.000000 0.666631 0.000000
vt -0.300000 0.712605 0.000000
vt -0.000000 0.712605 0.000000
vt -0.300000 0.758580 0.000000
vt -0.000000 0.758580 0.000000
vt -0.300000 0.804554 0.000000
vt -0.000000 0.804554 0.000000
vt -0.300000 0.850529 0.000000
vt -0.000000 0.850529 0.000000
vt -0.296484 0.045795 0.000000
vt -0.300000 0.000000 0.000000
vt 0.257871 -0.153306 0.000000
vt -0.296484 -0.045795 0.000000
vt -0.286019 -0.090516 0.000000
vt -0.268850 -0.133116 0.000000
vt -0.245379 -0.172596 0.000000
vt 0.231447 -0.190873 0.000000
vt -0.216156 -0.208030 0.000000
vt 0.199598 -0.223966 0.000000
vt -0.181868 -0.238588 0.000000
vt 0.163070 -0.251810 0.000000
vt -0.143316 -0.263554 0.000000
vt 0.122721 -0.273751 0.000000
vt -0.101405 -0.282342 0.000000
vt 0.079494 -0.289276 0.000000
vt -0.057117 -0.294512 0.000000
vt 0.034405 -0.298021 0.000000
vt -0.011491 -0.299780 0.000000
vt 0.278251 -0.112145 0.000000
vt 0.034405 0.298021 0.000000
vt -0.011491 0.299780 0.000000
vt -0.057117 0.294512 0.000000
vt 0.292109 -0.068356 0.000000
vt 0.278251 0.112145 0.000000
vt 0.257871 0.153306 0.000000
vt 0.231447 0.190873 0.000000
vt 0.292109 0.068356 0.000000
vt 0.299120 -0.022965 0.000000
vt 0.299120 0.022965 0.000000
vt 0.199598 0.223966 0.000000
vt 0.163070 0.251810 0.000000
vt 0.122721 0.273751 0.000000
vt 0.079494 0.289276 0.000000
vt -0.101405 0.282342 0.000000
vt -0.143316 0.263554 0.000000
vt -0.181868 0.238588 0.000000
vt -0.216156 0.208030 0.000000
vt -0.245379 0.172596 0.000000
vt -0.268850 0.133116 0.000000
vt -0.286019 0.090516 0.000000
vt 0.296484 -0.045795 0.000000
vt 0.300000 0.000000 0.000000
vt -0.257871 -0.153306 0.000000
vt 0.296484 0.045795 0.000000
vt 0.286019 0.090516 0.000000
vt 0.268850 0.133116 0.000000
vt 0.245379 0.172596 0.000000
vt 0.216156 0.208030 0.000000
vt 0.181868 0.238588 0.000000
vt 0.143316 0.263554 0.000000
vt 0.101405 0.282342 0.000000
vt 0.057117 0.294512 0.000000
vt 0.011491 0.299780 0.000000
vt -0.034405 0.298021 0.000000
vt -0.278251 -0.112145 0.000000
vt -0.079494 0.289276 0.000000
vt -0.122721 0.273751 0.000000
vt -0.163070 0.251810 0.000000
vt -0.199598 0.223966 0.000000
vt -0.231447 0.190873 0.000000
vt -0.257871 0.153306 0.000000
vt -0.278251 0.112145 0.000000
vt -0.292109 -0.068356 0.000000
vt -0.292109 0.068356 0.000000
vt -0.299120 -0.022965 0.000000
vt -0.299120 0.022965 0.000000
vt -0.231447 -0.190873 0.000000
vt 0.245379 -0.172596 0.000000
vt 0.268850 -0.133116 0.000000
vt 0.286019 -0.090516 0.000000
vt 0.216156 -0.208030 0.000000
vt -0.199598 -0.223966 0.000000
vt 0.181868 -0.238588 0.000000
vt -0.163070 -0.251810 0.000000
vt 0.143316 -0.263554 0.000000
vt -0.122721 -0.273751 0.000000
vt 0.101405 -0.282342 0.000000
vt -0.079494 -0.289276 0.000000
vt 0.057117 -0.294512 0.000000
vt -0.034405 -0.298021 0.000000
vt 0.011491 -0.299780 0.000000
vn 0.988280 -0.152649 -0.000000
vn 0.988280 -0.152649 -0.000000
vn 1.000000 -0.000000 -0.000000
vn 1.000000 -0.000000 -0.000000
vn 0.988280 0.152649 -0.000000
vn 0.988280 0.152649 -0.000000
vn 0.953396 0.301721 -0.000000
vn 0.953396 0.301721 -0.000000
vn 0.896166 0.443720 -0.000000
vn 0.896166 0.443720 -0.000000
vn 0.817929 0.575319 -0.000000
vn 0.817929 0.575319 -0.000000
vn 0.720522 0.693433 -0.000000
vn 0.720522 0.693433 -0.000000
vn 0.606225 0.795293 -0.000000
vn 0.606225 0.795293 -0.000000
vn 0.477720 0.878512 -0.000000
vn 0.477720 0.878512 -0.000000
vn 0.338017 0.941140 -0.000000
vn 0.338017 0.941140 -0.000000
vn 0.190391 0.981708 -0.000000
vn 0.190391 0.981708 -0.000000
vn 0.038303 0.999266 -0.000000
vn 0.038303 0.999266 -0.000000
vn -0.114683 0.993402 -0.000000
vn -0.114683 0.993402 -0.000000
vn -0.264982 0.964253 -0.000000
vn -0.264982 0.964253 -0.000000
vn -0.409069 0.912504 -0.000000
vn -0.409069 0.912504 -0.000000
vn -0.543568 0.839365 -0.000000
vn -0.543568 0.839365 -0.000000
vn -0.665326 0.746553 -0.000000
vn -0.665326 0.746553 -0.000000
vn -0.771489 0.636242 -0.000000
vn -0.771489 0.636242 -0.000000
vn -0.859570 0.511019 -0.000000
vn -0.859570 0.511019 -0.000000
vn -0.927502 0.373817 -0.000000
vn -0.927502 0.373817 -0.000000
vn -0.973695 0.227854 -0.000000
vn -0.973695 0.227854 -0.000000
vn -0.997066 0.076549 -0.000000
vn -0.997066 0.076549 -0.000000
vn -0.997066 -0.076549 0.000000
vn -0.997066 -0.076549 0.000000
vn -0.973695 -0.227854 0.000000
vn -0.973695 -0.227854 0.000000
vn -0.927502 -0.373817 0.000000
vn -0.927502 -0.373817 0.000000
vn -0.859570 -0.511019 0.000000
vn -0.859570 -0.511019 0.000000
vn -0.771489 -0.636242 0.000000
vn -0.771489 -0.636242 0.000000
vn -0.665326 -0.746553 0.000000
vn -0.665326 -0.746553 0.000000
vn -0.543568 -0.839365 0.000000
vn -0.543568 -0.839365 0.000000
vn -0.409069 -0.912504 0.000000
vn -0.409069 -0.912504 0.000000
vn -0.264982 -0.964253 0.000000
vn -0.264982 -0.964253 0.000000
vn -0.114683 -0.993402 0.000000
vn -0.114683 -0.993402 0.000000
vn 0.038303 -0.999266 -0.000000
vn 0.038303 -0.999266 -0.000000
vn 0.190391 -0.981708 -0.000000
vn 0.190391 -0.981708 -0.000000
vn 0.338017 -0.941140 -0.000000
vn 0.338017 -0.941140 -0.000000
vn 0.477720 -0.878512 -0.000000
vn 0.477720 -0.878512 -0.000000
vn 0.606225 -0.795293 -0.000000
vn 0.606225 -0.795293 -0.000000
vn 0.720522 -0.693433 -0.000000
vn 0.720522 -0.693433 -0.000000
vn 0.817929 -0.575319 -0.000000
vn 0.817929 -0.575319 -0.000000
vn 0.896166 -0.443720 -0.000000
vn 0.896166 -0.443720 -0.000000
vn 0.953396 -0.301721 -0.000000
vn 0.953396 -0.301721 -0.000000
vn 0.000000 0.000000 1.000000
vn 0.000000 0.000000 1.000000
vn 0.000000 0.000000 1.000000
vn 0.000000 0.000000 1.000000
vn 0.000000 0.000000 1.000000
vn 0.000000 0.000000 1.000000
vn 0.000000 0.000000 1.000000
vn 0.000000 0.000000 1.000000
vn 0.000000 0.000000 1.000000
vn 0.000000 0.000000 1.000000
vn 0.000000 0.000000 1.000000
vn 0.000000 0.000000 1.000000
vn 0.000000 0.000000 1.000000
vn 0.000000 0.000000 1.000000
vn 0.000000 0.000000 1.000000
vn 0.000000 0.000000 1.000000
vn 0.000000 0.000000 1.000000
vn 0.000000 0.000000 1.000000
vn 0.000000 0.000000 1.000000
vn 0.000000 0.000000 1.000000
vn 0.000000 0.000000 1.000000
vn 0.000000 0.000000 1.000000
vn 0.000000 0.000000 1.000000
vn 0.000000 0.000000 1.000000
vn 0.000000 0.000000 1.000000
vn 0.000000 0.000000 1.000000
vn 0.000000 0.000000 1.000000
vn 0.000000 0.000000 1.000000
vn 0.000000 0.000000 1.000000
vn 0.000000 0.000000 1.000000
vn 0.000000 0.000000 1.000000
vn 0.000000 0.000000 1.000000
vn 0.000000 0.000000 1.000000
vn 0.000000 0.000000 1.000000
vn 0.000000 0.000000 1.000000
vn 0.000000 0.000000 1.000000
vn 0.000000 0.000000 1.000000
vn 0.000000 0.000000 1.000000
vn 0.000000 0.000000 1.000000
vn 0.000000 0.000000 1.000000
vn 0.000000 0.000000 1.000000
vn -0.000000 -0.000000 -1.000000
vn -0.000000 -0.000000 -1.000000
vn -0.000000 -0.000000 -1.000000
vn -0.000000 -0.000000 -1.000000
vn -0.000000 -0.000000 -1.000000
vn -0.000000 -0.000000 -1.000000
vn -0.000000 -0.000000 -1.000000
vn -0.000000 -0.000000 -1.000000
vn -0.000000 -0.000000 -1.000000
vn -0.000000 -0.000000 -1.000000
vn -0.000000 -0.000000 -1.000000
vn -0.000000 -0.000000 -1.000000
vn -0.000000 -0.000000 -1.000000
vn -0.000000 -0.000000 -1.000000
vn -0.000000 -0.000000 -1.000000
vn -0.000000 -0.000000 -1.000000
vn -0.000000 -0.000000 -1.000000
vn -0.000000 -0.000000 -1.000000
vn -0.000000 -0.000000 -1.000000
vn -0.000000 -0.000000 -1.000000
vn -0.000000 -0.000000 -1.000000
vn -0.000000 -0.000000 -1.000000
vn -0.000000 -0.000000 -1.000000
vn -0.000000 -0.000000 -1.000000
vn -0.000000 -0.000000 -1.000000
vn -0.000000 -0.000000 -1.000000
vn -0.000000 -0.000000 -1.000000
vn -0.000000 -0.000000 -1.000000
vn -0.000000 -0.000000 -1.000000
vn -0.000000 -0.000000 -1.000000
vn -0.000000 -0.000000 -1.000000
vn -0.000000 -0.000000 -1.000000
vn -0.000000 -0.000000 -1.000000
vn -0.000000 -0.000000 -1.000000
vn -0.000000 -0.000000 -1.000000
vn -0.000000 -0.000000 -1.000000
vn -0.000000 -0.000000 -1.000000
vn -0.000000 -0.000000 -1.000000
vn -0.000000 -0.000000 -1.000000
vn -0.000000 -0.000000 -1.000000
vn -0.000000 -0.000000 -1.000000
f 1062/2289/2254 1142/2290/2255 1061/2291/2256
f 1061/2291/2256 1142/2290/2255 1102/2292/2257
f 1061/2293/2256 1102/2294/2257 1101/2295/2258
f 1101/2295/2258 1102/2294/2257 1103/2296/2259
f 1101/2295/2258 1103/2296/2259 1100/2297/2260
f 1100/2297/2260 1103/2296/2259 1104/2298/2261
f 1100/2297/2260 1104/2298/2261 1099/2299/2262
f 1099/2299/2262 1104/2298/2261 1105/2300/2263
f 1099/2299/2262 1105/2300/2263 1098/2301/2264
f 1098/2301/2264 1105/2300/2263 1106/2302/2265
f 1098/2301/2264 1106/2302/2265 1097/2303/2266
f 1097/2303/2266 1106/2302/2265 1107/2304/2267
f 1097/2303/2266 1107/2304/2267 1096/2305/2268
f 1096/2305/2268 1107/2304/2267 1108/2306/2269
f 1096/2305/2268 1108/2306/2269 1095/2307/2270
f 1095/2307/2270 1108/2306/2269 1109/2308/2271
f 1095/2307/2270 1109/2308/2271 1094/2309/2272
f 1094/2309/2272 1109/2308/2271 1110/2310/2273
f 1094/2309/2272 1110/2310/2273 1093/2311/2274
f 1093/2311/2274 1110/2310/2273 1111/2312/2275
f 1093/2311/2274 1111/2312/2275 1092/2313/2276
f 1092/2313/2276 1111/2312/2275 1112/2314/2277
f 1092/2313/2276 1112/2314/2277 1091/2315/2278
f 1091/2315/2278 1112/2314/2277 1113/2316/2279
f 1091/2315/2278 1113/2316/2279 1090/2317/2280
f 1090/2317/2280 1113/2316/2279 1114/2318/2281
f 1090/2317/2280 1114/2318/2281 1089/2319/2282
f 1089/2319/2282 1114/2318/2281 1115/2320/2283
f 1089/2319/2282 1115/2320/2283 1088/2321/2284
f 1088/2321/2284 1115/2320/2283 1116/2322/2285
f 1088/2321/2284 1116/2322/2285 1087/2323/2286
f 1087/2323/2286 1116/2322/2285 1117/2324/2287
f 1087/2323/2286 1117/2324/2287 1086/2325/2288
f 1086/2325/2288 1117/2324/2287 1118/2326/2289
f 1086/2325/2288 1118/2326/2289 1085/2327/2290
f 1085/2327/2290 1118/2326/2289 1119/2328/2291
f 1085/2327/2290 1119/2328/2291 1084/2329/2292
f 1084/2329/2292 1119/2328/2291 1120/2330/2293
f 1084/2329/2292 1120/2330/2293 1083/2331/2294
f 1083/2331/2294 1120/2330/2293 1121/2332/2295
f 1083/2331/2294 1121/2332/2295 1082/2333/2296
f 1082/2333/2296 1121/2332/2295 1122/2334/2297
f 1082/2333/2296 1122/2334/2297 1081/2335/2298
f 1081/2335/2298 1122/2334/2297 1123/2336/2299
f 1081/2335/2298 1123/2336/2299 1080/2337/2300
f 1080/2337/2300 1123/2336/2299 1124/2338/2301
f 1080/2337/2300 1124/2338/2301 1079/2339/2302
f 1079/2339/2302 1124/2338/2301 1125/2340/2303
f 1079/2339/2302 1125/2340/2303 1078/2341/2304
f 1078/2341/2304 1125/2340/2303 1126/2342/2305
f 1078/2341/2304 1126/2342/2305 1077/2343/2306
f 1077/2343/2306 1126/2342/2305 1127/2344/2307
f 1077/2343/2306 1127/2344/2307 1076/2345/2308
f 1076/2345/2308 1127/2344/2307 1128/2346/2309
f 1076/2345/2308 1128/2346/2309 1075/2347/2310
f 1075/2347/2310 1128/2346/2309 1129/2348/2311
f 1075/2347/2310 1129/2348/2311 1074/2349/2312
f 1074/2349/2312 1129/2348/2311 1130/2350/2313
f 1074/2349/2312 1130/2350/2313 1073/2351/2314
f 1073/2351/2314 1130/2350/2313 1131/2352/2315
f 1073/2351/2314 1131/2352/2315 1072/2353/2316
f 1072/2353/2316 1131/2352/2315 1132/2354/2317
f 1072/2353/2316 1132/2354/2317 1071/2355/2318
f 1071/2355/2318 1132/2354/2317 1133/2356/2319
f 1071/2355/2318 1133/2356/2319 1070/2357/2320
f 1070/2357/2320 1133/2356/2319 1134/2358/2321
f 1070/2357/2320 1134/2358/2321 1069/2359/2322
f 1069/2359/2322 1134/2358/2321 1135/2360/2323
f 1069/2359/2322 1135/2360/2323 1068/2361/2324
f 1068/2361/2324 1135/2360/2323 1136/2362/2325
f 1068/2361/2324 1136/2362/2325 1067/2363/2326
f 1067/2363/2326 1136/2362/2325 1137/2364/2327
f 1067/2363/2326 1137/2364/2327 1066/2365/2328
f 1066/2365/2328 1137/2364/2327 1138/2366/2329
f 1066/2365/2328 1138/2366/2329 1065/2367/2330
f 1065/2367/2330 1138/2366/2329 1139/2368/2331
f 1065/2367/2330 1139/2368/2331 1064/2369/2332
f 1064/2369/2332 1139/2368/2331 1140/2370/2333
f 1064/2369/2332 1140/2370/2333 1063/2371/2334
f 1063/2371/2334 1140/2370/2333 1141/2372/2335
f 1063/2371/2334 1141/2372/2335 1062/2289/2254
f 1062/2289/2254 1141/2372/2335 1142/2290/2255
f 1062/2373/2336 1061/2374/2337 1085/2375/2338
f 1085/2375/2338 1061/2374/2337 1101/2376/2339
f 1085/2375/2338 1101/2376/2339 1100/2377/2340
f 1100/2377/2340 1099/2378/2341 1085/2375/2338
f 1085/2375/2338 1099/2378/2341 1098/2379/2342
f 1085/2375/2338 1098/2379/2342 1086/2380/2343
f 1086/2380/2343 1098/2379/2342 1097/2381/2344
f 1086/2380/2343 1097/2381/2344 1087/2382/2345
f 1087/2382/2345 1097/2381/2344 1096/2383/2346
f 1087/2382/2345 1096/2383/2346 1088/2384/2347
f 1088/2384/2347 1096/2383/2346 1095/2385/2348
f 1088/2384/2347 1095/2385/2348 1089/2386/2349
f 1089/2386/2349 1095/2385/2348 1094/2387/2350
f 1089/2386/2349 1094/2387/2350 1090/2388/2351
f 1090/2388/2351 1094/2387/2350 1093/2389/2352
f 1090/2388/2351 1093/2389/2352 1091/2390/2353
f 1091/2390/2353 1093/2389/2352 1092/2391/2354
f 1084/2392/2355 1072/2393/2356 1085/2375/2338
f 1085/2375/2338 1072/2393/2356 1071/2394/2357
f 1085/2375/2338 1071/2394/2357 1070/2395/2358
f 1083/2396/2359 1079/2397/2360 1084/2392/2355
f 1084/2392/2355 1079/2397/2360 1078/2398/2361
f 1084/2392/2355 1078/2398/2361 1077/2399/2362
f 1079/2397/2360 1083/2396/2359 1080/2400/2363
f 1080/2400/2363 1083/2396/2359 1082/2401/2364
f 1080/2400/2363 1082/2401/2364 1081/2402/2365
f 1077/2399/2362 1076/2403/2366 1084/2392/2355
f 1084/2392/2355 1076/2403/2366 1075/2404/2367
f 1084/2392/2355 1075/2404/2367 1074/2405/2368
f 1074/2405/2368 1073/2406/2369 1084/2392/2355
f 1084/2392/2355 1073/2406/2369 1072/2393/2356
f 1070/2395/2358 1069/2407/2370 1085/2375/2338
f 1085/2375/2338 1069/2407/2370 1068/2408/2371
f 1085/2375/2338 1068/2408/2371 1067/2409/2372
f 1067/2409/2372 1066/2410/2373 1085/2375/2338
f 1085/2375/2338 1066/2410/2373 1065/2411/2374
f 1085/2375/2338 1065/2411/2374 1064/2412/2375
f 1064/2412/2375 1063/2413/2376 1085/2375/2338
f 1085/2375/2338 1063/2413/2376 1062/2373/2336
f 1103/2414/2377 1102/2415/2378 1119/2416/2379
f 1119/2416/2379 1102/2415/2378 1142/2417/2380
f 1119/2416/2379 1142/2417/2380 1141/2418/2381
f 1141/2418/2381 1140/2419/2382 1119/2416/2379
f 1119/2416/2379 1140/2419/2382 1139/2420/2383
f 1119/2416/2379 1139/2420/2383 1138/2421/2384
f 1138/2421/2384 1137/2422/2385 1119/2416/2379
f 1119/2416/2379 1137/2422/2385 1136/2423/2386
f 1119/2416/2379 1136/2423/2386 1135/2424/2387
f 1135/2424/2387 1134/2425/2388 1119/2416/2379
f 1119/2416/2379 1134/2425/2388 1133/2426/2389
f 1119/2416/2379 1133/2426/2389 1132/2427/2390
f 1119/2416/2379 1132/2427/2390 1120/2428/2391
f 1120/2428/2391 1132/2427/2390 1131/2429/2392
f 1120/2428/2391 1131/2429/2392 1130/2430/2393
f 1130/2430/2393 1129/2431/2394 1120/2428/2391
f 1120/2428/2391 1129/2431/2394 1128/2432/2395
f 1120/2428/2391 1128/2432/2395 1127/2433/2396
f 1127/2433/2396 1126/2434/2397 1120/2428/2391
f 1120/2428/2391 1126/2434/2397 1125/2435/2398
f 1120/2428/2391 1125/2435/2398 1121/2436/2399
f 1121/2436/2399 1125/2435/2398 1124/2437/2400
f 1121/2436/2399 1124/2437/2400 1122/2438/2401
f 1122/2438/2401 1124/2437/2400 1123/2439/2402
f 1118/2440/2403 1106/2441/2404 1119/2416/2379
f 1119/2416/2379 1106/2441/2404 1105/2442/2405
f 1119/2416/2379 1105/2442/2405 1104/2443/2406
f 1106/2441/2404 1118/2440/2403 1107/2444/2407
f 1107/2444/2407 1118/2440/2403 1117/2445/2408
f 1107/2444/2407 1117/2445/2408 1108/2446/2409
f 1108/2446/2409 1117/2445/2408 1116/2447/2410
f 1108/2446/2409 1116/2447/2410 1109/2448/2411
f 1109/2448/2411 1116/2447/2410 1115/2449/2412
f 1109/2448/2411 1115/2449/2412 1110/2450/2413
f 1110/2450/2413 1115/2449/2412 1114/2451/2414
f 1110/2450/2413 1114/2451/2414 1111/2452/2415
f 1111/2452/2415 1114/2451/2414 1113/2453/2416
f 1111/2452/2415 1113/2453/2416 1112/2454/2417
f 1104/2443/2406 1103/2414/2377 1119/2416/2379
g bottom

v 23.381000 2.300000 0.100000
v 23.381000 2.300000 -0.647033
v 23.381000 13.295597 -0.647033
v 23.381000 13.295597 0.100000
v 23.321000 2.500000 -0.459312
v 23.321000 2.500000 0.100000
v 23.321000 13.070903 0.100000
v 23.321000 13.070903 -0.459312
v 15.961000 13.295597 0.100000
v 15.961000 13.295597 -0.647033
v 15.961000 2.300000 -0.647033
v 15.961000 2.300000 0.100000
v 16.021000 13.070903 -0.459312
v 16.021000 13.070903 0.100000
v 16.021000 2.500000 0.100000
v 16.021000 2.500000 -0.459312
vt -0.373516 -5.497798 0.000000
vt 0.373516 -5.497798 0.000000
vt -0.373516 5.497798 0.000000
vt 0.373516 5.497798 0.000000
vt 5.297798 0.373516 0.000000
vt -5.273104 0.373516 0.000000
vt 5.297798 -0.185796 0.000000
vt -5.273104 -0.185796 0.000000
vt 0.373516 5.497798 0.000000
vt -0.373516 5.497798 0.000000
vt 0.373516 -5.497798 0.000000
vt -0.373516 -5.497798 0.000000
vt 5.273104 0.373516 0.000000
vt -5.297798 0.373516 0.000000
vt 5.273104 -0.185796 0.000000
vt -5.297798 -0.185796 0.000000
vt 0.000000 0.000000 0.000000
vt -10.570903 0.000000 0.000000
vt -10.770903 -0.060000 0.000000
vt -10.570903 7.300000 0.000000
vt -10.770903 7.360000 0.000000
vt 0.000000 7.300000 0.000000
vt 0.224694 7.360000 0.000000
vt 0.224694 -0.060000 0.000000
vt 0.000000 0.000000 0.000000
vt 0.559312 0.000000 0.000000
vt 0.000000 7.300000 0.000000
vt 0.559312 7.300000 0.000000
vt 0.000000 0.000000 0.000000
vt 10.570903 0.000000 0.000000
vt 0.000000 7.300000 0.000000
vt 10.570903 7.300000 0.000000
vt -0.000000 0.000000 0.000000
vt 0.559312 0.000000 0.000000
vt 0.000000 7.300000 0.000000
vt 0.559312 7.300000 0.000000
vt 0.747033 7.360000 0.000000
vt 0.000000 7.360000 0.000000
vt 0.747033 -0.060000 0.000000
vt 0.000000 -0.060000 0.000000
vt 10.995597 7.360000 0.000000
vt 0.000000 7.360000 0.000000
vt 10.995597 -0.060000 0.000000
vt 0.000000 -0.060000 0.000000
vt 0.747033 7.360000 0.000000
vt 0.000000 7.360000 0.000000
vt 0.747033 -0.060000 0.000000
vt -0.000000 -0.060000 0.000000
vn 1.000000 0.000000 0.000000
vn 1.000000 0.000000 0.000000
vn 1.000000 0.000000 0.000000
vn 1.000000 0.000000 0.000000
vn -1.000000 -0.000000 -0.000000
vn -1.000000 -0.000000 -0.000000
vn -1.000000 -0.000000 -0.000000
vn -1.000000 -0.000000 -0.000000
vn -1.000000 0.000000 0.000000
vn -1.000000 0.000000 0.000000
vn -1.000000 0.000000 0.000000
vn -1.000000 0.000000 0.000000
vn 1.000000 -0.000000 -0.000000
vn 1.000000 -0.000000 -0.000000
vn 1.000000 -0.000000 -0.000000
vn 1.000000 -0.000000 -0.000000
vn 0.000000 0.000000 1.000000
vn 0.000000 0.000000 1.000000
vn 0.000000 0.000000 1.000000
vn 0.000000 0.000000 1.000000
vn 0.000000 0.000000 1.000000
vn 0.000000 0.000000 1.000000
vn 0.000000 0.000000 1.000000
vn 0.000000 0.000000 1.000000
vn -0.000000 -1.000000 -0.000000
vn -0.000000 -1.000000 -0.000000
vn -0.000000 -1.000000 -0.000000
vn -0.000000 -1.000000 -0.000000
vn 0.000000 -0.000000 1.000000
vn 0.000000 -0.000000 1.000000
vn 0.000000 -0.000000 1.000000
vn 0.000000 -0.000000 1.000000
vn 0.000000 1.000000 0.000000
vn 0.000000 1.000000 0.000000
vn 0.000000 1.000000 0.000000
vn 0.000000 1.000000 0.000000
vn -0.000000 -1.000000 -0.000000
vn -0.000000 -1.000000 -0.000000
vn -0.000000 -1.000000 -0.000000
vn -0.000000 -1.000000 -0.000000
vn -0.000000 -0.000000 -1.000000
vn -0.000000 -0.000000 -1.000000
vn -0.000000 -0.000000 -1.000000
vn -0.000000 -0.000000 -1.000000
vn 0.000000 1.000000 0.000000
vn 0.000000 1.000000 0.000000
vn 0.000000 1.000000 0.000000
vn 0.000000 1.000000 0.000000
f 1143/2455/2418 1144/2456/2419 1146/2457/2420
f 1146/2457/2420 1144/2456/2419 1145/2458/2421
f 1148/2459/2422 1149/2460/2423 1147/2461/2424
f 1147/2461/2424 1149/2460/2423 1150/2462/2425
f 1151/2463/2426 1152/2464/2427 1154/2465/2428
f 1154/2465/2428 1152/2464/2427 1153/2466/2429
f 1156/2467/2430 1157/2468/2431 1155/2469/2432
f 1155/2469/2432 1157/2468/2431 1158/2470/2433
f 1149/2471/2434 1148/2472/2435 1143/2473/2436
f 1143/2473/2436 1148/2472/2435 1157/2474/2437
f 1143/2473/2436 1157/2474/2437 1154/2475/2438
f 1154/2475/2438 1157/2474/2437 1156/2476/2439
f 1154/2475/2438 1156/2476/2439 1151/2477/2440
f 1151/2477/2440 1156/2476/2439 1146/2478/2441
f 1146/2478/2441 1156/2476/2439 1149/2471/2434
f 1146/2478/2441 1149/2471/2434 1143/2473/2436
f 1150/2479/2442 1149/2480/2443 1155/2481/2444
f 1155/2481/2444 1149/2480/2443 1156/2482/2445
f 1147/2483/2446 1150/2484/2447 1158/2485/2448
f 1158/2485/2448 1150/2484/2447 1155/2486/2449
f 1148/2487/2450 1147/2488/2451 1157/2489/2452
f 1157/2489/2452 1147/2488/2451 1158/2490/2453
f 1154/2491/2454 1153/2492/2455 1143/2493/2456
f 1143/2493/2456 1153/2492/2455 1144/2494/2457
f 1153/2495/2458 1152/2496/2459 1144/2497/2460
f 1144/2497/2460 1152/2496/2459 1145/2498/2461
f 1152/2499/2462 1151/2500/2463 1145/2501/2464
f 1145/2501/2464 1151/2500/2463 1146/2502/2465
g Corpo11

v 13.351000 8.265535 1.375500
v 13.351000 9.487468 1.375500
v 13.351000 9.940000 2.500000
v 13.351000 9.938251 2.500000
v 13.351000 9.486484 1.376044
v 13.351000 9.701821 1.919708
v 13.351000 7.807521 1.919708
v 13.261000 9.486484 1.376044
v 13.261000 9.701821 1.919708
v 13.321000 9.938251 2.500000
v 6.121000 9.938251 2.500000
v 6.121000 9.486484 1.376044
v 6.261000 9.486484 1.376044
v 6.361000 9.486484 1.376044
v 6.511000 9.486484 1.376044
v 6.611000 9.486484 1.376044
v 6.761000 9.486484 1.376044
v 6.861000 9.486484 1.376044
v 7.011000 9.486484 1.376044
v 7.111000 9.486484 1.376044
v 7.261000 9.486484 1.376044
v 7.361000 9.486484 1.376044
v 7.511000 9.486484 1.376044
v 7.611000 9.486484 1.376044
v 7.761000 9.486484 1.376044
v 7.861000 9.486484 1.376044
v 8.011000 9.486484 1.376044
v 8.111000 9.486484 1.376044
v 8.261000 9.486484 1.376044
v 8.361000 9.486484 1.376044
v 8.511000 9.486484 1.376044
v 8.611000 9.486484 1.376044
v 8.761000 9.486484 1.376044
v 8.861000 9.486484 1.376044
v 9.011000 9.486484 1.376044
v 9.111000 9.486484 1.376044
v 9.261000 9.486484 1.376044
v 9.361000 9.486484 1.376044
v 9.511000 9.486484 1.376044
v 9.611000 9.486484 1.376044
v 9.761000 9.486484 1.376044
v 9.861000 9.486484 1.376044
v 10.011000 9.486484 1.376044
v 10.111000 9.486484 1.376044
v 10.261000 9.486484 1.376044
v 10.361000 9.486484 1.376044
v 10.511000 9.486484 1.376044
v 10.611000 9.486484 1.376044
v 10.761000 9.486484 1.376044
v 10.861000 9.486484 1.376044
v 11.011000 9.486484 1.376044
v 11.111000 9.486484 1.376044
v 11.261000 9.486484 1.376044
v 11.361000 9.486484 1.376044
v 11.511000 9.486484 1.376044
v 11.611000 9.486484 1.376044
v 11.761000 9.486484 1.376044
v 11.861000 9.486484 1.376044
v 12.011000 9.486484 1.376044
v 12.111000 9.486484 1.376044
v 12.261000 9.486484 1.376044
v 12.361000 9.486484 1.376044
v 12.511000 9.486484 1.376044
v 12.611000 9.486484 1.376044
v 12.761000 9.486484 1.376044
v 12.861000 9.486484 1.376044
v 13.011000 9.486484 1.376044
v 13.111000 9.486484 1.376044
v 13.321000 9.940000 2.500000
v 6.375566 4.989708 1.920000
v 6.444581 4.986041 1.914866
v 6.513596 4.989708 1.920000
v 6.577579 5.015207 1.920000
v 6.633220 5.055806 1.920000
v 6.677026 5.108958 1.920000
v 6.706251 5.171328 1.920000
v 6.719061 5.239004 1.920000
v 6.714652 5.307740 1.920000
v 6.693301 5.373225 1.920000
v 6.656347 5.431350 1.920000
v 6.606108 5.478469 1.920000
v 6.545737 5.511626 1.920000
v 6.479020 5.528742 1.920000
v 6.410142 5.528742 1.920000
v 6.343425 5.511626 1.920000
v 6.283053 5.478469 1.920000
v 6.232815 5.431350 1.920000
v 6.195861 5.373225 1.920000
v 6.174510 5.307740 1.920000
v 6.170101 5.239004 1.920000
v 6.182910 5.171328 1.920000
v 6.212135 5.108958 1.920000
v 6.255942 5.055806 1.920000
v 6.311582 5.015207 1.920000
v 6.189581 5.255907 1.900000
v 6.198270 5.321906 1.900000
v 6.223744 5.383407 1.900000
v 6.264269 5.436219 1.900000
v 6.317081 5.476743 1.900000
v 6.378582 5.502218 1.900000
v 6.444581 5.510907 1.900000
v 6.510580 5.502218 1.900000
v 6.572081 5.476743 1.900000
v 6.624893 5.436219 1.900000
v 6.665417 5.383407 1.900000
v 6.690892 5.321906 1.900000
v 6.699581 5.255907 1.900000
v 6.690892 5.189908 1.900000
v 6.665417 5.128407 1.900000
v 6.624893 5.075595 1.900000
v 6.572081 5.035070 1.900000
v 6.510580 5.009596 1.900000
v 6.444581 5.000907 1.900000
v 6.378582 5.009596 1.900000
v 6.317081 5.035070 1.900000
v 6.264269 5.075595 1.900000
v 6.223744 5.128407 1.900000
v 6.198270 5.189908 1.900000
v 13.321000 4.989708 1.920000
v 13.321000 7.809304 1.920000
v 6.121000 7.809304 1.920000
v 6.121000 4.989708 1.920000
v 13.321000 9.487468 1.375500
v 13.321000 8.265535 1.375500
v 6.361000 7.809550 1.919708
v 6.361000 9.701821 1.919708
v 6.261000 9.701821 1.919708
v 6.261000 7.809550 1.919708
v 6.261000 8.267420 1.376044
v 6.361000 8.267420 1.376044
v 6.121000 8.267420 1.376044
v 13.321000 7.809550 1.919708
v 13.261000 7.809550 1.919708
v 13.261000 8.267420 1.376044
v 13.111000 8.267420 1.376044
v 13.111000 7.809550 1.919708
v 13.011000 7.809550 1.919708
v 13.011000 8.267420 1.376044
v 12.861000 8.267420 1.376044
v 12.861000 7.809550 1.919708
v 12.761000 7.809550 1.919708
v 12.761000 8.267420 1.376044
v 12.611000 8.267420 1.376044
v 12.611000 7.809550 1.919708
v 12.511000 7.809550 1.919708
v 12.511000 8.267420 1.376044
v 12.361000 8.267420 1.376044
v 12.361000 7.809550 1.919708
v 12.261000 7.809550 1.919708
v 12.261000 8.267420 1.376044
v 12.111000 8.267420 1.376044
v 12.111000 7.809550 1.919708
v 12.011000 7.809550 1.919708
v 12.011000 8.267420 1.376044
v 11.861000 8.267420 1.376044
v 11.861000 7.809550 1.919708
v 11.761000 7.809550 1.919708
v 11.761000 8.267420 1.376044
v 11.611000 8.267420 1.376044
v 11.611000 7.809550 1.919708
v 11.511000 7.809550 1.919708
v 11.511000 8.267420 1.376044
v 11.361000 8.267420 1.376044
v 11.361000 7.809550 1.919708
v 11.261000 7.809550 1.919708
v 11.261000 8.267420 1.376044
v 11.111000 8.267420 1.376044
v 11.111000 7.809550 1.919708
v 11.011000 7.809550 1.919708
v 11.011000 8.267420 1.376044
v 10.861000 8.267420 1.376044
v 10.861000 7.809550 1.919708
v 10.761000 7.809550 1.919708
v 10.761000 8.267420 1.376044
v 10.611000 8.267420 1.376044
v 10.611000 7.809550 1.919708
v 10.511000 7.809550 1.919708
v 10.511000 8.267420 1.376044
v 10.361000 8.267420 1.376044
v 10.361000 7.809550 1.919708
v 10.261000 7.809550 1.919708
v 10.261000 8.267420 1.376044
v 10.111000 8.267420 1.376044
v 10.111000 7.809550 1.919708
v 10.011000 7.809550 1.919708
v 10.011000 8.267420 1.376044
v 9.861000 8.267420 1.376044
v 9.861000 7.809550 1.919708
v 9.761000 7.809550 1.919708
v 9.761000 8.267420 1.376044
v 9.611000 8.267420 1.376044
v 9.611000 7.809550 1.919708
v 9.511000 7.809550 1.919708
v 9.511000 8.267420 1.376044
v 9.361000 8.267420 1.376044
v 9.361000 7.809550 1.919708
v 9.261000 7.809550 1.919708
v 9.261000 8.267420 1.376044
v 9.111000 8.267420 1.376044
v 9.111000 7.809550 1.919708
v 9.011000 7.809550 1.919708
v 9.011000 8.267420 1.376044
v 8.861000 8.267420 1.376044
v 8.861000 7.809550 1.919708
v 8.761000 7.809550 1.919708
v 8.761000 8.267420 1.376044
v 8.611000 8.267420 1.376044
v 8.611000 7.809550 1.919708
v 8.511000 7.809550 1.919708
v 8.511000 8.267420 1.376044
v 8.361000 8.267420 1.376044
v 8.361000 7.809550 1.919708
v 8.261000 7.809550 1.919708
v 8.261000 8.267420 1.376044
v 8.111000 8.267420 1.376044
v 8.111000 7.809550 1.919708
v 8.011000 7.809550 1.919708
v 8.011000 8.267420 1.376044
v 7.861000 8.267420 1.376044
v 7.861000 7.809550 1.919708
v 7.761000 7.809550 1.919708
v 7.761000 8.267420 1.376044
v 7.611000 8.267420 1.376044
v 7.611000 7.809550 1.919708
v 7.511000 7.809550 1.919708
v 7.511000 8.267420 1.376044
v 7.361000 8.267420 1.376044
v 7.361000 7.809550 1.919708
v 7.261000 7.809550 1.919708
v 7.261000 8.267420 1.376044
v 7.111000 8.267420 1.376044
v 7.111000 7.809550 1.919708
v 7.011000 7.809550 1.919708
v 7.011000 8.267420 1.376044
v 6.861000 8.267420 1.376044
v 6.861000 7.809550 1.919708
v 6.761000 7.809550 1.919708
v 6.761000 8.267420 1.376044
v 6.611000 8.267420 1.376044
v 6.611000 7.809550 1.919708
v 6.511000 7.809550 1.919708
v 6.511000 8.267420 1.376044
v 6.611000 9.701821 1.919708
v 6.511000 9.701821 1.919708
v 6.861000 9.701821 1.919708
v 6.761000 9.701821 1.919708
v 7.111000 9.701821 1.919708
v 7.011000 9.701821 1.919708
v 7.361000 9.701821 1.919708
v 7.261000 9.701821 1.919708
v 7.611000 9.701821 1.919708
v 7.511000 9.701821 1.919708
v 7.861000 9.701821 1.919708
v 7.761000 9.701821 1.919708
v 8.111000 9.701821 1.919708
v 8.011000 9.701821 1.919708
v 8.361000 9.701821 1.919708
v 8.261000 9.701821 1.919708
v 8.611000 9.701821 1.919708
v 8.511000 9.701821 1.919708
v 8.861000 9.701821 1.919708
v 8.761000 9.701821 1.919708
v 9.111000 9.701821 1.919708
v 9.011000 9.701821 1.919708
v 9.361000 9.701821 1.919708
v 9.261000 9.701821 1.919708
v 9.611000 9.701821 1.919708
v 9.511000 9.701821 1.919708
v 9.861000 9.701821 1.919708
v 9.761000 9.701821 1.919708
v 10.111000 9.701821 1.919708
v 10.011000 9.701821 1.919708
v 10.361000 9.701821 1.919708
v 10.261000 9.701821 1.919708
v 10.611000 9.701821 1.919708
v 10.511000 9.701821 1.919708
v 10.861000 9.701821 1.919708
v 10.761000 9.701821 1.919708
v 11.111000 9.701821 1.919708
v 11.011000 9.701821 1.919708
v 11.361000 9.701821 1.919708
v 11.261000 9.701821 1.919708
v 11.611000 9.701821 1.919708
v 11.511000 9.701821 1.919708
v 11.861000 9.701821 1.919708
v 11.761000 9.701821 1.919708
v 12.111000 9.701821 1.919708
v 12.011000 9.701821 1.919708
v 12.361000 9.701821 1.919708
v 12.261000 9.701821 1.919708
v 12.611000 9.701821 1.919708
v 12.511000 9.701821 1.919708
v 12.861000 9.701821 1.919708
v 12.761000 9.701821 1.919708
v 13.111000 9.701821 1.919708
v 13.011000 9.701821 1.919708
v 13.321000 7.807521 1.919708
v 13.321000 4.489708 1.220000
v 13.321000 4.500000 1.200000
v 13.321000 5.000000 1.900000
v 13.321000 7.800000 1.900000
v 13.321000 8.258116 1.356044
v 13.321000 9.500000 1.356044
v 13.321000 9.959806 2.500000
v 6.121000 9.959806 2.500000
v 6.121000 9.500000 1.356044
v 6.121000 8.258116 1.356044
v 6.121000 7.800000 1.900000
v 6.121000 5.000000 1.900000
v 6.121000 4.500000 1.200000
v 6.121000 4.489708 1.220000
vt 0.562250 0.613708 0.000000
vt 0.561706 0.612723 0.000000
vt 0.562250 -0.608226 0.000000
vt 0.018042 0.828060 0.000000
vt 0.018042 -1.066239 0.000000
vt -0.562250 1.066239 0.000000
vt -0.562250 1.064490 0.000000
vt 0.584757 -0.010000 0.000000
vt 0.000000 -0.010000 0.000000
vt 0.584757 -0.100000 0.000000
vt 0.000000 -0.100000 0.000000
vt -0.000000 7.230000 0.000000
vt -0.000000 7.200000 0.000000
vt 1.211351 7.230000 0.000000
vt 1.211351 7.140000 0.000000
vt 1.211351 6.990000 0.000000
vt 1.211351 6.890000 0.000000
vt 1.211351 6.740000 0.000000
vt 1.211351 6.640000 0.000000
vt 1.211351 6.490000 0.000000
vt 1.211351 6.390000 0.000000
vt 1.211351 6.240000 0.000000
vt 1.211351 6.140000 0.000000
vt 1.211351 5.990000 0.000000
vt 1.211351 5.890000 0.000000
vt 1.211351 5.740000 0.000000
vt 1.211351 5.640000 0.000000
vt 1.211351 5.490000 0.000000
vt 1.211351 5.390000 0.000000
vt 1.211351 5.240000 0.000000
vt 1.211351 5.140000 0.000000
vt 1.211351 4.990000 0.000000
vt 1.211351 4.890000 0.000000
vt 1.211351 4.740000 0.000000
vt 1.211351 4.640000 0.000000
vt 1.211351 4.490000 0.000000
vt 1.211351 4.390000 0.000000
vt 1.211351 4.240000 0.000000
vt 1.211351 4.140000 0.000000
vt 1.211351 3.990000 0.000000
vt 1.211351 3.890000 0.000000
vt 1.211351 3.740000 0.000000
vt 1.211351 3.640000 0.000000
vt -0.000000 0.000000 0.000000
vt 1.211351 3.490000 0.000000
vt 1.211351 3.390000 0.000000
vt 1.211351 3.240000 0.000000
vt 1.211351 3.140000 0.000000
vt 1.211351 2.990000 0.000000
vt 1.211351 2.890000 0.000000
vt 1.211351 2.740000 0.000000
vt 1.211351 2.640000 0.000000
vt 1.211351 2.490000 0.000000
vt 1.211351 2.390000 0.000000
vt 1.211351 2.240000 0.000000
vt 1.211351 2.140000 0.000000
vt 1.211351 1.990000 0.000000
vt 1.211351 1.890000 0.000000
vt 1.211351 1.740000 0.000000
vt 1.211351 1.640000 0.000000
vt 1.211351 1.490000 0.000000
vt 1.211351 1.390000 0.000000
vt 1.211351 1.240000 0.000000
vt 1.211351 1.140000 0.000000
vt 1.211351 0.990000 0.000000
vt 1.211351 0.890000 0.000000
vt 1.211351 0.740000 0.000000
vt 1.211351 0.640000 0.000000
vt 1.211351 0.490000 0.000000
vt 1.211351 0.390000 0.000000
vt 1.211351 0.240000 0.000000
vt 1.211351 0.140000 0.000000
vt 1.211351 0.000000 0.000000
vt 0.001749 -0.010000 0.000000
vt 0.000000 -0.010000 0.000000
vt 0.001749 -0.040000 0.000000
vt 0.000000 -0.040000 0.000000
vt -0.081128 0.416261 0.000000
vt -0.060104 0.416261 0.000000
vt -0.088388 0.483485 0.000000
vt -0.060104 0.485638 0.000000
vt -0.088388 0.550033 0.000000
vt -0.060104 0.555015 0.000000
vt -0.088388 0.616580 0.000000
vt -0.060104 0.624392 0.000000
vt -0.088388 0.683128 0.000000
vt -0.060104 0.693768 0.000000
vt -0.088388 0.749676 0.000000
vt -0.060104 0.763145 0.000000
vt -0.088388 0.816223 0.000000
vt -0.060104 0.832522 0.000000
vt -0.088388 0.882771 0.000000
vt -0.088388 -0.782273 0.000000
vt -0.060104 -0.832522 0.000000
vt -0.060104 -0.763145 0.000000
vt -0.088388 -0.715725 0.000000
vt -0.060104 -0.693768 0.000000
vt -0.088388 -0.649178 0.000000
vt -0.060104 -0.624392 0.000000
vt -0.088388 -0.582630 0.000000
vt -0.060104 -0.555015 0.000000
vt -0.088388 -0.516083 0.000000
vt -0.060104 -0.485638 0.000000
vt -0.088388 -0.449535 0.000000
vt -0.060104 -0.416261 0.000000
vt -0.088388 -0.382987 0.000000
vt -0.060104 -0.346884 0.000000
vt -0.088388 -0.316440 0.000000
vt -0.060104 -0.277507 0.000000
vt -0.088388 -0.249892 0.000000
vt -0.060104 -0.208131 0.000000
vt -0.088388 -0.183344 0.000000
vt -0.060104 -0.138754 0.000000
vt -0.088388 -0.116797 0.000000
vt -0.060104 -0.069377 0.000000
vt -0.088388 -0.050249 0.000000
vt -0.060104 0.000000 0.000000
vt -0.088388 0.016299 0.000000
vt -0.060104 0.069377 0.000000
vt -0.088388 0.082846 0.000000
vt -0.060104 0.138754 0.000000
vt -0.088388 0.149394 0.000000
vt -0.060104 0.208131 0.000000
vt -0.088388 0.215942 0.000000
vt -0.060104 0.277507 0.000000
vt -0.088388 0.282489 0.000000
vt -0.060104 0.346884 0.000000
vt -0.088388 0.349037 0.000000
vt 2.819596 0.254566 0.000000
vt 2.794097 0.190582 0.000000
vt 2.819596 0.000000 0.000000
vt 2.753498 0.134942 0.000000
vt 2.700347 0.091135 0.000000
vt 2.637977 0.061910 0.000000
vt 2.570301 0.049101 0.000000
vt 2.501564 0.053510 0.000000
vt 0.000000 0.000000 0.000000
vt 2.436080 0.074861 0.000000
vt 2.377954 0.111815 0.000000
vt 2.330835 0.162053 0.000000
vt 2.297678 0.222425 0.000000
vt 2.280562 0.289142 0.000000
vt 2.280562 0.358020 0.000000
vt 2.297678 0.424737 0.000000
vt 0.000000 7.200000 0.000000
vt 2.330835 0.485108 0.000000
vt 2.819596 7.200000 0.000000
vt 2.377954 0.535347 0.000000
vt 2.436080 0.572301 0.000000
vt 2.501564 0.593652 0.000000
vt 2.570301 0.598061 0.000000
vt 2.637977 0.585251 0.000000
vt 2.700347 0.556026 0.000000
vt 2.753498 0.512220 0.000000
vt 2.794097 0.456579 0.000000
vt 2.819596 0.392596 0.000000
vt 1.212141 -0.010000 0.000000
vt 0.000000 -0.010000 0.000000
vt 1.212141 -0.040000 0.000000
vt 0.000000 -0.040000 0.000000
vt 1.221933 -0.010000 0.000000
vt 0.000000 -0.010000 0.000000
vt 1.221933 -0.040000 0.000000
vt 0.000000 -0.040000 0.000000
vt 0.000000 0.000000 0.000000
vt 1.892271 0.000000 0.000000
vt 0.000000 0.100000 0.000000
vt 1.892271 0.100000 0.000000
vt 0.000000 0.000000 0.000000
vt 0.584757 0.000000 0.000000
vt -0.000000 0.100000 0.000000
vt 0.584757 0.100000 0.000000
vt -0.271832 0.730798 0.000000
vt -0.271832 -0.488266 0.000000
vt 0.271832 0.946135 0.000000
vt 0.271832 -0.946135 0.000000
vt 0.271832 0.730798 0.000000
vt -0.271832 0.946135 0.000000
vt 0.271832 -0.488266 0.000000
vt -0.271832 -0.946135 0.000000
vt 0.000000 0.240000 0.000000
vt 0.710785 0.240000 0.000000
vt 0.000000 0.390000 0.000000
vt 0.710785 0.390000 0.000000
vt 0.711167 0.000000 0.000000
vt 0.710785 0.490000 0.000000
vt 0.710785 0.640000 0.000000
vt 0.000000 0.640000 0.000000
vt 0.710785 0.140000 0.000000
vt 0.000000 0.000000 0.000000
vt 0.000000 0.140000 0.000000
vt 0.711167 7.200000 0.000000
vt 0.710785 3.640000 0.000000
vt 0.710785 3.490000 0.000000
vt 0.710785 3.390000 0.000000
vt 0.710785 7.200000 0.000000
vt 0.710785 7.140000 0.000000
vt 0.710785 6.990000 0.000000
vt 0.710785 6.890000 0.000000
vt 0.000000 7.140000 0.000000
vt 0.000000 6.990000 0.000000
vt 0.710785 6.740000 0.000000
vt 0.000000 6.890000 0.000000
vt 0.000000 6.740000 0.000000
vt 0.710785 6.640000 0.000000
vt 0.710785 6.490000 0.000000
vt 0.710785 6.390000 0.000000
vt 0.000000 6.640000 0.000000
vt 0.000000 6.490000 0.000000
vt 0.710785 6.240000 0.000000
vt 0.000000 6.390000 0.000000
vt 0.000000 6.240000 0.000000
vt 0.710785 6.140000 0.000000
vt 0.710785 5.990000 0.000000
vt 0.710785 5.890000 0.000000
vt 0.000000 6.140000 0.000000
vt 0.000000 5.990000 0.000000
vt 0.710785 5.740000 0.000000
vt 0.000000 5.890000 0.000000
vt 0.000000 5.740000 0.000000
vt 0.710785 5.640000 0.000000
vt 0.710785 5.490000 0.000000
vt 0.710785 5.390000 0.000000
vt 0.000000 5.640000 0.000000
vt 0.000000 5.490000 0.000000
vt 0.710785 5.240000 0.000000
vt 0.000000 5.390000 0.000000
vt 0.000000 5.240000 0.000000
vt 0.710785 5.140000 0.000000
vt 0.710785 4.990000 0.000000
vt 0.710785 4.890000 0.000000
vt 0.000000 5.140000 0.000000
vt 0.000000 4.990000 0.000000
vt 0.710785 4.740000 0.000000
vt 0.000000 4.890000 0.000000
vt 0.000000 4.740000 0.000000
vt 0.710785 4.640000 0.000000
vt 0.710785 4.490000 0.000000
vt 0.710785 4.390000 0.000000
vt 0.000000 4.640000 0.000000
vt 0.000000 4.490000 0.000000
vt 0.710785 4.240000 0.000000
vt 0.000000 4.390000 0.000000
vt 0.000000 4.240000 0.000000
vt 0.710785 4.140000 0.000000
vt 0.710785 3.990000 0.000000
vt 0.710785 3.890000 0.000000
vt 0.000000 4.140000 0.000000
vt 0.000000 3.990000 0.000000
vt 0.710785 3.740000 0.000000
vt 0.000000 3.890000 0.000000
vt 0.000000 3.740000 0.000000
vt 0.000000 3.640000 0.000000
vt 0.000000 3.490000 0.000000
vt 0.710785 3.240000 0.000000
vt 0.000000 3.390000 0.000000
vt 0.000000 3.240000 0.000000
vt 0.710785 3.140000 0.000000
vt 0.710785 2.990000 0.000000
vt 0.710785 2.890000 0.000000
vt 0.000000 3.140000 0.000000
vt 0.000000 2.990000 0.000000
vt 0.710785 2.740000 0.000000
vt 0.000000 2.890000 0.000000
vt 0.000000 2.740000 0.000000
vt 0.710785 2.640000 0.000000
vt 0.710785 2.490000 0.000000
vt 0.710785 2.390000 0.000000
vt 0.000000 2.640000 0.000000
vt 0.000000 2.490000 0.000000
vt 0.710785 2.240000 0.000000
vt 0.000000 2.390000 0.000000
vt 0.000000 2.240000 0.000000
vt 0.710785 2.140000 0.000000
vt 0.710785 1.990000 0.000000
vt 0.710785 1.890000 0.000000
vt 0.000000 2.140000 0.000000
vt 0.000000 1.990000 0.000000
vt 0.710785 1.740000 0.000000
vt 0.000000 1.890000 0.000000
vt 0.000000 1.740000 0.000000
vt 0.710785 1.640000 0.000000
vt 0.710785 1.490000 0.000000
vt 0.710785 1.390000 0.000000
vt 0.000000 1.640000 0.000000
vt 0.000000 1.490000 0.000000
vt 0.710785 1.240000 0.000000
vt 0.000000 1.390000 0.000000
vt 0.000000 1.240000 0.000000
vt 0.710785 1.140000 0.000000
vt 0.710785 0.990000 0.000000
vt 0.710785 0.890000 0.000000
vt 0.000000 1.140000 0.000000
vt 0.000000 0.990000 0.000000
vt 0.710785 0.740000 0.000000
vt 0.000000 0.890000 0.000000
vt 0.000000 0.740000 0.000000
vt 0.000000 0.490000 0.000000
vt 1.219064 0.140000 0.000000
vt 0.000000 0.140000 0.000000
vt 1.219064 0.000000 0.000000
vt 0.000000 0.000000 0.000000
vt 0.000000 0.000000 0.000000
vt 1.892271 0.000000 0.000000
vt 0.000000 0.100000 0.000000
vt 1.892271 0.100000 0.000000
vt 0.000000 0.000000 0.000000
vt 0.584757 0.000000 0.000000
vt -0.000000 0.100000 0.000000
vt 0.584757 0.100000 0.000000
vt -0.271832 0.730798 0.000000
vt -0.271832 -0.488266 0.000000
vt 0.271832 0.946135 0.000000
vt 0.271832 -0.946135 0.000000
vt 0.271832 0.730798 0.000000
vt -0.271832 0.946135 0.000000
vt 0.271832 -0.488266 0.000000
vt -0.271832 -0.946135 0.000000
vt 0.000000 0.240000 0.000000
vt 1.219064 0.240000 0.000000
vt 0.000000 0.390000 0.000000
vt 1.219064 0.390000 0.000000
vt 0.000000 0.000000 0.000000
vt 1.892271 0.000000 0.000000
vt 0.000000 0.100000 0.000000
vt 1.892271 0.100000 0.000000
vt 0.000000 0.000000 0.000000
vt 0.584757 0.000000 0.000000
vt -0.000000 0.100000 0.000000
vt 0.584757 0.100000 0.000000
vt -0.271832 0.730798 0.000000
vt -0.271832 -0.488266 0.000000
vt 0.271832 0.946135 0.000000
vt 0.271832 -0.946135 0.000000
vt 0.271832 0.730798 0.000000
vt -0.271832 0.946135 0.000000
vt 0.271832 -0.488266 0.000000
vt -0.271832 -0.946135 0.000000
vt 0.000000 0.490000 0.000000
vt 1.219064 0.490000 0.000000
vt 0.000000 0.640000 0.000000
vt 1.219064 0.640000 0.000000
vt 0.000000 0.000000 0.000000
vt 1.892271 0.000000 0.000000
vt 0.000000 0.100000 0.000000
vt 1.892271 0.100000 0.000000
vt 0.000000 0.000000 0.000000
vt 0.584757 0.000000 0.000000
vt -0.000000 0.100000 0.000000
vt 0.584757 0.100000 0.000000
vt -0.271832 0.730798 0.000000
vt -0.271832 -0.488266 0.000000
vt 0.271832 0.946135 0.000000
vt 0.271832 -0.946135 0.000000
vt 0.271832 0.730798 0.000000
vt -0.271832 0.946135 0.000000
vt 0.271832 -0.488266 0.000000
vt -0.271832 -0.946135 0.000000
vt 0.000000 0.740000 0.000000
vt 1.219064 0.740000 0.000000
vt 0.000000 0.890000 0.000000
vt 1.219064 0.890000 0.000000
vt 0.000000 0.000000 0.000000
vt 1.892271 0.000000 0.000000
vt 0.000000 0.100000 0.000000
vt 1.892271 0.100000 0.000000
vt 0.000000 0.000000 0.000000
vt 0.584757 0.000000 0.000000
vt -0.000000 0.100000 0.000000
vt 0.584757 0.100000 0.000000
vt -0.271832 0.730798 0.000000
vt -0.271832 -0.488266 0.000000
vt 0.271832 0.946135 0.000000
vt 0.271832 -0.946135 0.000000
vt 0.271832 0.730798 0.000000
vt -0.271832 0.946135 0.000000
vt 0.271832 -0.488266 0.000000
vt -0.271832 -0.946135 0.000000
vt 0.000000 0.990000 0.000000
vt 1.219064 0.990000 0.000000
vt 0.000000 1.140000 0.000000
vt 1.219064 1.140000 0.000000
vt 0.000000 0.000000 0.000000
vt 1.892271 0.000000 0.000000
vt 0.000000 0.100000 0.000000
vt 1.892271 0.100000 0.000000
vt 0.000000 0.000000 0.000000
vt 0.584757 0.000000 0.000000
vt -0.000000 0.100000 0.000000
vt 0.584757 0.100000 0.000000
vt -0.271832 0.730798 0.000000
vt -0.271832 -0.488266 0.000000
vt 0.271832 0.946135 0.000000
vt 0.271832 -0.946135 0.000000
vt 0.271832 0.730798 0.000000
vt -0.271832 0.946135 0.000000
vt 0.271832 -0.488266 0.000000
vt -0.271832 -0.946135 0.000000
vt 0.000000 1.240000 0.000000
vt 1.219064 1.240000 0.000000
vt 0.000000 1.390000 0.000000
vt 1.219064 1.390000 0.000000
vt 0.000000 0.000000 0.000000
vt 1.892271 0.000000 0.000000
vt 0.000000 0.100000 0.000000
vt 1.892271 0.100000 0.000000
vt 0.000000 0.000000 0.000000
vt 0.584757 0.000000 0.000000
vt -0.000000 0.100000 0.000000
vt 0.584757 0.100000 0.000000
vt -0.271832 0.730798 0.000000
vt -0.271832 -0.488266 0.000000
vt 0.271832 0.946135 0.000000
vt 0.271832 -0.946135 0.000000
vt 0.271832 0.730798 0.000000
vt -0.271832 0.946135 0.000000
vt 0.271832 -0.488266 0.000000
vt -0.271832 -0.946135 0.000000
vt 0.000000 1.490000 0.000000
vt 1.219064 1.490000 0.000000
vt 0.000000 1.640000 0.000000
vt 1.219064 1.640000 0.000000
vt 0.000000 0.000000 0.000000
vt 1.892271 0.000000 0.000000
vt 0.000000 0.100000 0.000000
vt 1.892271 0.100000 0.000000
vt 0.000000 0.000000 0.000000
vt 0.584757 0.000000 0.000000
vt -0.000000 0.100000 0.000000
vt 0.584757 0.100000 0.000000
vt -0.271832 0.730798 0.000000
vt -0.271832 -0.488266 0.000000
vt 0.271832 0.946135 0.000000
vt 0.271832 -0.946135 0.000000
vt 0.271832 0.730798 0.000000
vt -0.271832 0.946135 0.000000
vt 0.271832 -0.488266 0.000000
vt -0.271832 -0.946135 0.000000
vt 0.000000 1.740000 0.000000
vt 1.219064 1.740000 0.000000
vt 0.000000 1.890000 0.000000
vt 1.219064 1.890000 0.000000
vt 0.000000 0.000000 0.000000
vt 1.892271 0.000000 0.000000
vt 0.000000 0.100000 0.000000
vt 1.892271 0.100000 0.000000
vt 0.000000 0.000000 0.000000
vt 0.584757 0.000000 0.000000
vt -0.000000 0.100000 0.000000
vt 0.584757 0.100000 0.000000
vt -0.271832 0.730798 0.000000
vt -0.271832 -0.488266 0.000000
vt 0.271832 0.946135 0.000000
vt 0.271832 -0.946135 0.000000
vt 0.271832 0.730798 0.000000
vt -0.271832 0.946135 0.000000
vt 0.271832 -0.488266 0.000000
vt -0.271832 -0.946135 0.000000
vt 0.000000 1.990000 0.000000
vt 1.219064 1.990000 0.000000
vt 0.000000 2.140000 0.000000
vt 1.219064 2.140000 0.000000
vt 0.000000 0.000000 0.000000
vt 1.892271 0.000000 0.000000
vt 0.000000 0.100000 0.000000
vt 1.892271 0.100000 0.000000
vt 0.000000 0.000000 0.000000
vt 0.584757 0.000000 0.000000
vt -0.000000 0.100000 0.000000
vt 0.584757 0.100000 0.000000
vt -0.271832 0.730798 0.000000
vt -0.271832 -0.488266 0.000000
vt 0.271832 0.946135 0.000000
vt 0.271832 -0.946135 0.000000
vt 0.271832 0.730798 0.000000
vt -0.271832 0.946135 0.000000
vt 0.271832 -0.488266 0.000000
vt -0.271832 -0.946135 0.000000
vt 0.000000 2.240000 0.000000
vt 1.219064 2.240000 0.000000
vt 0.000000 2.390000 0.000000
vt 1.219064 2.390000 0.000000
vt 0.000000 0.000000 0.000000
vt 1.892271 0.000000 0.000000
vt 0.000000 0.100000 0.000000
vt 1.892271 0.100000 0.000000
vt 0.000000 0.000000 0.000000
vt 0.584757 0.000000 0.000000
vt -0.000000 0.100000 0.000000
vt 0.584757 0.100000 0.000000
vt -0.271832 0.730798 0.000000
vt -0.271832 -0.488266 0.000000
vt 0.271832 0.946135 0.000000
vt 0.271832 -0.946135 0.000000
vt 0.271832 0.730798 0.000000
vt -0.271832 0.946135 0.000000
vt 0.271832 -0.488266 0.000000
vt -0.271832 -0.946135 0.000000
vt 0.000000 2.490000 0.000000
vt 1.219064 2.490000 0.000000
vt 0.000000 2.640000 0.000000
vt 1.219064 2.640000 0.000000
vt 0.000000 0.000000 0.000000
vt 1.892271 0.000000 0.000000
vt 0.000000 0.100000 0.000000
vt 1.892271 0.100000 0.000000
vt 0.000000 0.000000 0.000000
vt 0.584757 0.000000 0.000000
vt -0.000000 0.100000 0.000000
vt 0.584757 0.100000 0.000000
vt -0.271832 0.730798 0.000000
vt -0.271832 -0.488266 0.000000
vt 0.271832 0.946135 0.000000
vt 0.271832 -0.946135 0.000000
vt 0.271832 0.730798 0.000000
vt -0.271832 0.946135 0.000000
vt 0.271832 -0.488266 0.000000
vt -0.271832 -0.946135 0.000000
vt 0.000000 2.740000 0.000000
vt 1.219064 2.740000 0.000000
vt 0.000000 2.890000 0.000000
vt 1.219064 2.890000 0.000000
vt 0.000000 0.000000 0.000000
vt 1.892271 0.000000 0.000000
vt 0.000000 0.100000 0.000000
vt 1.892271 0.100000 0.000000
vt 0.000000 0.000000 0.000000
vt 0.584757 0.000000 0.000000
vt -0.000000 0.100000 0.000000
vt 0.584757 0.100000 0.000000
vt -0.271832 0.730798 0.000000
vt -0.271832 -0.488266 0.000000
vt 0.271832 0.946135 0.000000
vt 0.271832 -0.946135 0.000000
vt 0.271832 0.730798 0.000000
vt -0.271832 0.946135 0.000000
vt 0.271832 -0.488266 0.000000
vt -0.271832 -0.946135 0.000000
vt 0.000000 2.990000 0.000000
vt 1.219064 2.990000 0.000000
vt 0.000000 3.140000 0.000000
vt 1.219064 3.140000 0.000000
vt 0.000000 0.000000 0.000000
vt 1.892271 0.000000 0.000000
vt 0.000000 0.100000 0.000000
vt 1.892271 0.100000 0.000000
vt 0.000000 0.000000 0.000000
vt 0.584757 0.000000 0.000000
vt -0.000000 0.100000 0.000000
vt 0.584757 0.100000 0.000000
vt -0.271832 0.730798 0.000000
vt -0.271832 -0.488266 0.000000
vt 0.271832 0.946135 0.000000
vt 0.271832 -0.946135 0.000000
vt 0.271832 0.730798 0.000000
vt -0.271832 0.946135 0.000000
vt 0.271832 -0.488266 0.000000
vt -0.271832 -0.946135 0.000000
vt 0.000000 3.240000 0.000000
vt 1.219064 3.240000 0.000000
vt 0.000000 3.390000 0.000000
vt 1.219064 3.390000 0.000000
vt 0.000000 0.000000 0.000000
vt 1.892271 0.000000 0.000000
vt 0.000000 0.100000 0.000000
vt 1.892271 0.100000 0.000000
vt 0.000000 0.000000 0.000000
vt 0.584757 0.000000 0.000000
vt -0.000000 0.100000 0.000000
vt 0.584757 0.100000 0.000000
vt -0.271832 0.730798 0.000000
vt -0.271832 -0.488266 0.000000
vt 0.271832 0.946135 0.000000
vt 0.271832 -0.946135 0.000000
vt 0.271832 0.730798 0.000000
vt -0.271832 0.946135 0.000000
vt 0.271832 -0.488266 0.000000
vt -0.271832 -0.946135 0.000000
vt 0.000000 3.490000 0.000000
vt 1.219064 3.490000 0.000000
vt 0.000000 3.640000 0.000000
vt 1.219064 3.640000 0.000000
vt 0.000000 0.000000 0.000000
vt 1.892271 0.000000 0.000000
vt 0.000000 0.100000 0.000000
vt 1.892271 0.100000 0.000000
vt 0.000000 0.000000 0.000000
vt 0.584757 0.000000 0.000000
vt -0.000000 0.100000 0.000000
vt 0.584757 0.100000 0.000000
vt -0.271832 0.730798 0.000000
vt -0.271832 -0.488266 0.000000
vt 0.271832 0.946135 0.000000
vt 0.271832 -0.946135 0.000000
vt 0.730798 -0.271832 0.000000
vt 0.946135 0.271832 0.000000
vt -0.488266 -0.271832 0.000000
vt -0.946135 0.271832 0.000000
vt 0.000000 3.740000 0.000000
vt 1.219064 3.740000 0.000000
vt 0.000000 3.890000 0.000000
vt 1.219064 3.890000 0.000000
vt 0.000000 0.000000 0.000000
vt 0.584757 0.000000 0.000000
vt -0.000000 0.100000 0.000000
vt 0.584757 0.100000 0.000000
vt 0.000000 0.000000 0.000000
vt 1.892271 0.000000 0.000000
vt 0.000000 0.100000 0.000000
vt 1.892271 0.100000 0.000000
vt -0.561706 0.612723 0.000000
vt -0.561706 -0.606340 0.000000
vt -0.018042 0.828060 0.000000
vt -0.018042 -1.064210 0.000000
vt 0.561706 0.612723 0.000000
vt 0.018042 0.828060 0.000000
vt 0.561706 -0.606340 0.000000
vt 0.018042 -1.064210 0.000000
vt 0.000000 4.240000 0.000000
vt 1.219064 4.240000 0.000000
vt 0.000000 4.390000 0.000000
vt 1.219064 4.390000 0.000000
vt 0.000000 0.000000 0.000000
vt 0.584757 0.000000 0.000000
vt -0.000000 0.100000 0.000000
vt 0.584757 0.100000 0.000000
vt 0.000000 0.000000 0.000000
vt 1.892271 0.000000 0.000000
vt 0.000000 0.100000 0.000000
vt 1.892271 0.100000 0.000000
vt -0.561706 0.612723 0.000000
vt -0.561706 -0.606340 0.000000
vt -0.018042 0.828060 0.000000
vt -0.018042 -1.064210 0.000000
vt 0.561706 0.612723 0.000000
vt 0.018042 0.828060 0.000000
vt 0.561706 -0.606340 0.000000
vt 0.018042 -1.064210 0.000000
vt 0.000000 4.490000 0.000000
vt 1.219064 4.490000 0.000000
vt 0.000000 4.640000 0.000000
vt 1.219064 4.640000 0.000000
vt 0.000000 0.000000 0.000000
vt 0.584757 0.000000 0.000000
vt -0.000000 0.100000 0.000000
vt 0.584757 0.100000 0.000000
vt 0.000000 0.000000 0.000000
vt 1.892271 0.000000 0.000000
vt 0.000000 0.100000 0.000000
vt 1.892271 0.100000 0.000000
vt -0.561706 0.612723 0.000000
vt -0.561706 -0.606340 0.000000
vt -0.018042 0.828060 0.000000
vt -0.018042 -1.064210 0.000000
vt 0.561706 0.612723 0.000000
vt 0.018042 0.828060 0.000000
vt 0.561706 -0.606340 0.000000
vt 0.018042 -1.064210 0.000000
vt 0.000000 4.740000 0.000000
vt 1.219064 4.740000 0.000000
vt 0.000000 4.890000 0.000000
vt 1.219064 4.890000 0.000000
vt 0.000000 0.000000 0.000000
vt 0.584757 0.000000 0.000000
vt -0.000000 0.100000 0.000000
vt 0.584757 0.100000 0.000000
vt 0.000000 0.000000 0.000000
vt 1.892271 0.000000 0.000000
vt 0.000000 0.100000 0.000000
vt 1.892271 0.100000 0.000000
vt -0.561706 0.612723 0.000000
vt -0.561706 -0.606340 0.000000
vt -0.018042 0.828060 0.000000
vt -0.018042 -1.064210 0.000000
vt 0.561706 0.612723 0.000000
vt 0.018042 0.828060 0.000000
vt 0.561706 -0.606340 0.000000
vt 0.018042 -1.064210 0.000000
vt 0.000000 4.990000 0.000000
vt 1.219064 4.990000 0.000000
vt 0.000000 5.140000 0.000000
vt 1.219064 5.140000 0.000000
vt 0.000000 0.000000 0.000000
vt 0.584757 0.000000 0.000000
vt -0.000000 0.100000 0.000000
vt 0.584757 0.100000 0.000000
vt 0.000000 0.000000 0.000000
vt 1.892271 0.000000 0.000000
vt 0.000000 0.100000 0.000000
vt 1.892271 0.100000 0.000000
vt -0.561706 0.612723 0.000000
vt -0.561706 -0.606340 0.000000
vt -0.018042 0.828060 0.000000
vt -0.018042 -1.064210 0.000000
vt 0.561706 0.612723 0.000000
vt 0.018042 0.828060 0.000000
vt 0.561706 -0.606340 0.000000
vt 0.018042 -1.064210 0.000000
vt 0.000000 5.240000 0.000000
vt 1.219064 5.240000 0.000000
vt 0.000000 5.390000 0.000000
vt 1.219064 5.390000 0.000000
vt 0.000000 0.000000 0.000000
vt 0.584757 0.000000 0.000000
vt -0.000000 0.100000 0.000000
vt 0.584757 0.100000 0.000000
vt 0.000000 0.000000 0.000000
vt 1.892271 0.000000 0.000000
vt 0.000000 0.100000 0.000000
vt 1.892271 0.100000 0.000000
vt -0.561706 0.612723 0.000000
vt -0.561706 -0.606340 0.000000
vt -0.018042 0.828060 0.000000
vt -0.018042 -1.064210 0.000000
vt 0.561706 0.612723 0.000000
vt 0.018042 0.828060 0.000000
vt 0.561706 -0.606340 0.000000
vt 0.018042 -1.064210 0.000000
vt 0.000000 5.490000 0.000000
vt 1.219064 5.490000 0.000000
vt 0.000000 5.640000 0.000000
vt 1.219064 5.640000 0.000000
vt 0.000000 0.000000 0.000000
vt 0.584757 0.000000 0.000000
vt -0.000000 0.100000 0.000000
vt 0.584757 0.100000 0.000000
vt 0.000000 0.000000 0.000000
vt 1.892271 0.000000 0.000000
vt 0.000000 0.100000 0.000000
vt 1.892271 0.100000 0.000000
vt -0.561706 0.612723 0.000000
vt -0.561706 -0.606340 0.000000
vt -0.018042 0.828060 0.000000
vt -0.018042 -1.064210 0.000000
vt 0.561706 0.612723 0.000000
vt 0.018042 0.828060 0.000000
vt 0.561706 -0.606340 0.000000
vt 0.018042 -1.064210 0.000000
vt 0.000000 5.740000 0.000000
vt 1.219064 5.740000 0.000000
vt 0.000000 5.890000 0.000000
vt 1.219064 5.890000 0.000000
vt 0.000000 0.000000 0.000000
vt 0.584757 0.000000 0.000000
vt -0.000000 0.100000 0.000000
vt 0.584757 0.100000 0.000000
vt 0.000000 0.000000 0.000000
vt 1.892271 0.000000 0.000000
vt 0.000000 0.100000 0.000000
vt 1.892271 0.100000 0.000000
vt -0.561706 0.612723 0.000000
vt -0.561706 -0.606340 0.000000
vt -0.018042 0.828060 0.000000
vt -0.018042 -1.064210 0.000000
vt 0.561706 0.612723 0.000000
vt 0.018042 0.828060 0.000000
vt 0.561706 -0.606340 0.000000
vt 0.018042 -1.064210 0.000000
vt 0.000000 5.990000 0.000000
vt 1.219064 5.990000 0.000000
vt 0.000000 6.140000 0.000000
vt 1.219064 6.140000 0.000000
vt 0.000000 0.000000 0.000000
vt 0.584757 0.000000 0.000000
vt -0.000000 0.100000 0.000000
vt 0.584757 0.100000 0.000000
vt 0.000000 0.000000 0.000000
vt 1.892271 0.000000 0.000000
vt 0.000000 0.100000 0.000000
vt 1.892271 0.100000 0.000000
vt -0.561706 0.612723 0.000000
vt -0.561706 -0.606340 0.000000
vt -0.018042 0.828060 0.000000
vt -0.018042 -1.064210 0.000000
vt 0.561706 0.612723 0.000000
vt 0.018042 0.828060 0.000000
vt 0.561706 -0.606340 0.000000
vt 0.018042 -1.064210 0.000000
vt 0.000000 6.240000 0.000000
vt 1.219064 6.240000 0.000000
vt 0.000000 6.390000 0.000000
vt 1.219064 6.390000 0.000000
vt 0.000000 0.000000 0.000000
vt 0.584757 0.000000 0.000000
vt -0.000000 0.100000 0.000000
vt 0.584757 0.100000 0.000000
vt 0.000000 0.000000 0.000000
vt 1.892271 0.000000 0.000000
vt 0.000000 0.100000 0.000000
vt 1.892271 0.100000 0.000000
vt -0.561706 0.612723 0.000000
vt -0.561706 -0.606340 0.000000
vt -0.018042 0.828060 0.000000
vt -0.018042 -1.064210 0.000000
vt 0.561706 0.612723 0.000000
vt 0.018042 0.828060 0.000000
vt 0.561706 -0.606340 0.000000
vt 0.018042 -1.064210 0.000000
vt 0.000000 6.490000 0.000000
vt 1.219064 6.490000 0.000000
vt 0.000000 6.640000 0.000000
vt 1.219064 6.640000 0.000000
vt 0.000000 0.000000 0.000000
vt 0.584757 0.000000 0.000000
vt -0.000000 0.100000 0.000000
vt 0.584757 0.100000 0.000000
vt 0.000000 0.000000 0.000000
vt 1.892271 0.000000 0.000000
vt 0.000000 0.100000 0.000000
vt 1.892271 0.100000 0.000000
vt -0.561706 0.612723 0.000000
vt -0.561706 -0.606340 0.000000
vt -0.018042 0.828060 0.000000
vt -0.018042 -1.064210 0.000000
vt 0.561706 0.612723 0.000000
vt 0.018042 0.828060 0.000000
vt 0.561706 -0.606340 0.000000
vt 0.018042 -1.064210 0.000000
vt 0.000000 6.740000 0.000000
vt 1.219064 6.740000 0.000000
vt 0.000000 6.890000 0.000000
vt 1.219064 6.890000 0.000000
vt 0.000000 0.000000 0.000000
vt 0.584757 0.000000 0.000000
vt -0.000000 0.100000 0.000000
vt 0.584757 0.100000 0.000000
vt 0.000000 0.000000 0.000000
vt 1.892271 0.000000 0.000000
vt 0.000000 0.100000 0.000000
vt 1.892271 0.100000 0.000000
vt -0.561706 0.612723 0.000000
vt -0.561706 -0.606340 0.000000
vt -0.018042 0.828060 0.000000
vt -0.018042 -1.064210 0.000000
vt 0.561706 0.612723 0.000000
vt 0.018042 0.828060 0.000000
vt 0.561706 -0.606340 0.000000
vt 0.018042 -1.064210 0.000000
vt 0.000000 6.990000 0.000000
vt 1.219064 6.990000 0.000000
vt 0.000000 7.140000 0.000000
vt 1.219064 7.140000 0.000000
vt -0.561706 0.612723 0.000000
vt -0.561706 -0.606340 0.000000
vt -0.018042 0.828060 0.000000
vt -0.018042 -1.064210 0.000000
vt -0.650000 2.715243 0.000000
vt 0.474500 2.262712 0.000000
vt -0.650000 2.735049 0.000000
vt 0.493956 2.275243 0.000000
vt 0.493956 1.033359 0.000000
vt 0.474500 1.040778 0.000000
vt -0.050000 0.575243 0.000000
vt -0.069708 0.582764 0.000000
vt -0.050000 -2.224757 0.000000
vt -0.070000 -2.235049 0.000000
vt 0.630000 -2.735049 0.000000
vt -0.069708 0.584794 0.000000
vt -0.070000 0.584547 0.000000
vt 0.650000 -2.724757 0.000000
vt 0.000000 3.990000 0.000000
vt 1.219064 3.990000 0.000000
vt 0.000000 4.140000 0.000000
vt 1.219064 4.140000 0.000000
vt 0.000000 7.200000 0.000000
vt 0.000000 0.000000 0.000000
vt 0.019806 7.200000 0.000000
vt 0.021555 0.000000 0.000000
vt 0.021555 7.200000 0.000000
vt 0.000000 0.000000 0.000000
vt 1.232906 0.000000 0.000000
vt 0.000000 7.200000 0.000000
vt 1.232906 7.200000 0.000000
vt 0.000000 0.000000 0.000000
vt 1.241884 0.000000 0.000000
vt 0.000000 7.200000 0.000000
vt 1.241884 7.200000 0.000000
vt 0.000000 0.000000 0.000000
vt 0.711167 0.000000 0.000000
vt 0.000000 7.200000 0.000000
vt 0.711167 7.200000 0.000000
vt 0.321906 0.077270 0.000000
vt 0.255907 0.068581 0.000000
vt 0.000000 0.000000 0.000000
vt 0.189908 0.077270 0.000000
vt 0.128407 0.102744 0.000000
vt 0.075594 0.143269 0.000000
vt 0.035070 0.196081 0.000000
vt 0.009596 0.257582 0.000000
vt 0.000907 0.323581 0.000000
vt 0.000000 7.200000 0.000000
vt 0.009596 0.389580 0.000000
vt 0.035070 0.451081 0.000000
vt 0.075594 0.503893 0.000000
vt 0.128407 0.544417 0.000000
vt 0.189908 0.569892 0.000000
vt 0.255907 0.578581 0.000000
vt 0.321906 0.569892 0.000000
vt 0.383407 0.544417 0.000000
vt 0.436219 0.503893 0.000000
vt 0.476743 0.451081 0.000000
vt 2.800000 7.200000 0.000000
vt 0.502218 0.389580 0.000000
vt 2.800000 0.000000 0.000000
vt 0.510907 0.323581 0.000000
vt 0.502218 0.257582 0.000000
vt 0.476743 0.196081 0.000000
vt 0.436219 0.143269 0.000000
vt 0.383407 0.102744 0.000000
vt 0.000000 0.000000 0.000000
vt 0.860233 0.000000 0.000000
vt 0.000000 7.200000 0.000000
vt 0.860233 7.200000 0.000000
vt 0.000000 0.000000 0.000000
vt 0.022493 0.000000 0.000000
vt 0.000000 7.200000 0.000000
vt 0.022493 7.200000 0.000000
vt 0.006309 0.323581 0.000000
vt 0.860233 0.000000 0.000000
vt -0.000000 0.392596 0.000000
vt 0.860233 7.200000 0.000000
vt -0.000000 7.200000 0.000000
vt -0.000000 0.254566 0.000000
vt -0.000000 0.000000 0.000000
vt 2.735049 -0.630000 0.000000
vt 2.235049 0.070000 0.000000
vt 2.224757 0.050000 0.000000
vt -0.584547 0.070000 0.000000
vt -0.575243 0.050000 0.000000
vt -1.042663 -0.473956 0.000000
vt -1.033359 -0.493956 0.000000
vt -2.261727 -0.473956 0.000000
vt -2.275243 -0.493956 0.000000
vt -2.735049 0.650000 0.000000
vt -2.713494 0.650000 0.000000
vt 2.724757 -0.650000 0.000000
vt 0.711294 -0.010000 0.000000
vt 0.000000 -0.010000 0.000000
vt 0.711294 -0.040000 0.000000
vt 0.000000 -0.040000 0.000000
vt 1.894300 -0.040000 0.000000
vt 1.894300 -0.010000 0.000000
vt 1.892271 -0.040000 0.000000
vt 0.000000 -0.010000 0.000000
vt 0.000000 -0.100000 0.000000
vt 1.892271 -0.100000 0.000000
vn 1.000000 -0.000000 -0.000000
vn 1.000000 -0.000000 -0.000000
vn 1.000000 -0.000000 -0.000000
vn 1.000000 -0.000000 -0.000000
vn 1.000000 -0.000000 -0.000000
vn 1.000000 -0.000000 -0.000000
vn 1.000000 -0.000000 -0.000000
vn 0.000000 0.929727 -0.368251
vn 0.000000 0.929727 -0.368251
vn 0.000000 0.929727 -0.368251
vn 0.000000 0.929727 -0.368251
vn 0.000000 -0.927854 0.372945
vn 0.000000 -0.927854 0.372945
vn 0.000000 -0.927854 0.372945
vn 0.000000 -0.927854 0.372945
vn 0.000000 -0.927854 0.372945
vn 0.000000 -0.927854 0.372945
vn 0.000000 -0.927854 0.372945
vn 0.000000 -0.927854 0.372945
vn 0.000000 -0.927854 0.372945
vn 0.000000 -0.927854 0.372945
vn 0.000000 -0.927854 0.372945
vn 0.000000 -0.927854 0.372945
vn 0.000000 -0.927854 0.372945
vn 0.000000 -0.927854 0.372945
vn 0.000000 -0.927854 0.372945
vn 0.000000 -0.927854 0.372945
vn 0.000000 -0.927854 0.372945
vn 0.000000 -0.927854 0.372945
vn 0.000000 -0.927854 0.372945
vn 0.000000 -0.927854 0.372945
vn 0.000000 -0.927854 0.372945
vn 0.000000 -0.927854 0.372945
vn 0.000000 -0.927854 0.372945
vn 0.000000 -0.927854 0.372945
vn 0.000000 -0.927854 0.372945
vn 0.000000 -0.927854 0.372945
vn 0.000000 -0.927854 0.372945
vn 0.000000 -0.927854 0.372945
vn 0.000000 -0.927854 0.372945
vn 0.000000 -0.927854 0.372945
vn 0.000000 -0.927854 0.372945
vn 0.000000 -0.927854 0.372945
vn 0.000000 -0.927854 0.372945
vn 0.000000 -0.927854 0.372945
vn 0.000000 -0.927854 0.372945
vn 0.000000 -0.927854 0.372945
vn 0.000000 -0.927854 0.372945
vn 0.000000 -0.927854 0.372945
vn 0.000000 -0.927854 0.372945
vn 0.000000 -0.927854 0.372945
vn 0.000000 -0.927854 0.372945
vn 0.000000 -0.927854 0.372945
vn 0.000000 -0.927854 0.372945
vn 0.000000 -0.927854 0.372945
vn 0.000000 -0.927854 0.372945
vn 0.000000 -0.927854 0.372945
vn 0.000000 -0.927854 0.372945
vn 0.000000 -0.927854 0.372945
vn 0.000000 -0.927854 0.372945
vn 0.000000 -0.927854 0.372945
vn 0.000000 -0.927854 0.372945
vn 0.000000 -0.927854 0.372945
vn 0.000000 -0.927854 0.372945
vn 0.000000 -0.927854 0.372945
vn 0.000000 -0.927854 0.372945
vn 0.000000 -0.927854 0.372945
vn 0.000000 -0.927854 0.372945
vn 0.000000 -0.927854 0.372945
vn 0.000000 -0.927854 0.372945
vn 0.000000 -0.927854 0.372945
vn 0.000000 -0.927854 0.372945
vn 0.000000 -0.927854 0.372945
vn 0.000000 -0.000020 1.000000
vn 0.000000 -0.000020 1.000000
vn 0.000000 -0.000020 1.000000
vn 0.000000 -0.000020 1.000000
vn -0.000000 0.707107 0.707107
vn -0.000000 0.707107 0.707107
vn 0.177458 0.684477 0.707107
vn 0.183013 0.683013 0.707107
vn 0.341979 0.618911 0.707107
vn 0.353553 0.612372 0.707107
vn 0.485047 0.514519 0.707107
vn 0.500000 0.500000 0.707107
vn 0.597687 0.377850 0.707107
vn 0.612372 0.353553 0.707107
vn 0.672832 0.217478 0.707107
vn 0.683013 0.183013 0.707107
vn 0.705770 0.043463 0.707107
vn 0.707107 0.000000 0.707107
vn 0.694433 -0.133278 0.707107
vn 0.683013 -0.183013 0.707107
vn 0.639532 -0.301659 0.707107
vn 0.612372 -0.353553 0.707107
vn 0.544513 -0.451116 0.707107
vn 0.500000 -0.500000 0.707107
vn 0.415335 -0.572273 0.707107
vn 0.353553 -0.612372 0.707107
vn 0.260102 -0.657531 0.707107
vn 0.183013 -0.683013 0.707107
vn 0.088552 -0.701540 0.707107
vn -0.000000 -0.707107 0.707107
vn -0.088552 -0.701540 0.707107
vn -0.183013 -0.683013 0.707107
vn -0.260102 -0.657531 0.707107
vn -0.353553 -0.612372 0.707107
vn -0.415335 -0.572273 0.707107
vn -0.500000 -0.500000 0.707107
vn -0.544513 -0.451116 0.707107
vn -0.612372 -0.353553 0.707107
vn -0.639532 -0.301659 0.707107
vn -0.683013 -0.183013 0.707107
vn -0.694433 -0.133278 0.707107
vn -0.707107 0.000000 0.707107
vn -0.705770 0.043463 0.707107
vn -0.683013 0.183013 0.707107
vn -0.672832 0.217478 0.707107
vn -0.612372 0.353553 0.707107
vn -0.597687 0.377850 0.707107
vn -0.500000 0.500000 0.707107
vn -0.485047 0.514519 0.707107
vn -0.353553 0.612372 0.707107
vn -0.341979 0.618911 0.707107
vn -0.183013 0.683013 0.707107
vn -0.177458 0.684477 0.707107
vn -0.000000 0.000000 1.000000
vn -0.000000 0.000000 1.000000
vn -0.000000 0.000000 1.000000
vn -0.000000 0.000000 1.000000
vn -0.000000 0.000000 1.000000
vn -0.000000 0.000000 1.000000
vn -0.000000 0.000000 1.000000
vn -0.000000 0.000000 1.000000
vn -0.000000 0.000000 1.000000
vn -0.000000 0.000000 1.000000
vn -0.000000 0.000000 1.000000
vn -0.000000 0.000000 1.000000
vn -0.000000 0.000000 1.000000
vn -0.000000 0.000000 1.000000
vn -0.000000 0.000000 1.000000
vn -0.000000 0.000000 1.000000
vn -0.000000 0.000000 1.000000
vn -0.000000 0.000000 1.000000
vn -0.000000 0.000000 1.000000
vn -0.000000 0.000000 1.000000
vn -0.000000 0.000000 1.000000
vn -0.000000 0.000000 1.000000
vn -0.000000 0.000000 1.000000
vn -0.000000 0.000000 1.000000
vn -0.000000 0.000000 1.000000
vn -0.000000 0.000000 1.000000
vn -0.000000 0.000000 1.000000
vn -0.000000 0.000000 1.000000
vn 0.000000 0.927698 -0.373332
vn 0.000000 0.927698 -0.373332
vn 0.000000 0.927698 -0.373332
vn 0.000000 0.927698 -0.373332
vn 0.000000 0.000000 -1.000000
vn 0.000000 0.000000 -1.000000
vn 0.000000 0.000000 -1.000000
vn 0.000000 0.000000 -1.000000
vn 0.000000 -0.000000 1.000000
vn 0.000000 -0.000000 1.000000
vn 0.000000 -0.000000 1.000000
vn 0.000000 -0.000000 1.000000
vn 0.000000 0.929727 -0.368251
vn 0.000000 0.929727 -0.368251
vn 0.000000 0.929727 -0.368251
vn 0.000000 0.929727 -0.368251
vn -1.000000 0.000000 0.000000
vn -1.000000 0.000000 0.000000
vn -1.000000 0.000000 0.000000
vn -1.000000 0.000000 0.000000
vn 1.000000 -0.000000 -0.000000
vn 1.000000 -0.000000 -0.000000
vn 1.000000 -0.000000 -0.000000
vn 1.000000 -0.000000 -0.000000
vn -0.000000 0.764878 0.644175
vn -0.000000 0.764878 0.644175
vn -0.000000 0.764878 0.644175
vn -0.000000 0.764878 0.644175
vn -0.000000 0.764878 0.644175
vn -0.000000 0.764878 0.644175
vn -0.000000 0.764878 0.644175
vn -0.000000 0.764878 0.644175
vn -0.000000 0.764878 0.644175
vn -0.000000 0.764878 0.644175
vn -0.000000 0.764878 0.644175
vn -0.000000 0.764878 0.644175
vn -0.000000 0.764878 0.644175
vn -0.000000 0.764878 0.644175
vn -0.000000 0.764878 0.644175
vn -0.000000 0.764878 0.644175
vn -0.000000 0.764878 0.644175
vn -0.000000 0.764878 0.644175
vn -0.000000 0.764878 0.644175
vn -0.000000 0.764878 0.644175
vn -0.000000 0.764878 0.644175
vn -0.000000 0.764878 0.644175
vn -0.000000 0.764878 0.644175
vn -0.000000 0.764878 0.644175
vn -0.000000 0.764878 0.644175
vn -0.000000 0.764878 0.644175
vn -0.000000 0.764878 0.644175
vn -0.000000 0.764878 0.644175
vn -0.000000 0.764878 0.644175
vn -0.000000 0.764878 0.644175
vn -0.000000 0.764878 0.644175
vn -0.000000 0.764878 0.644175
vn -0.000000 0.764878 0.644175
vn -0.000000 0.764878 0.644175
vn -0.000000 0.764878 0.644175
vn -0.000000 0.764878 0.644175
vn -0.000000 0.764878 0.644175
vn -0.000000 0.764878 0.644175
vn -0.000000 0.764878 0.644175
vn -0.000000 0.764878 0.644175
vn -0.000000 0.764878 0.644175
vn -0.000000 0.764878 0.644175
vn -0.000000 0.764878 0.644175
vn -0.000000 0.764878 0.644175
vn -0.000000 0.764878 0.644175
vn -0.000000 0.764878 0.644175
vn -0.000000 0.764878 0.644175
vn -0.000000 0.764878 0.644175
vn -0.000000 0.764878 0.644175
vn -0.000000 0.764878 0.644175
vn -0.000000 0.764878 0.644175
vn -0.000000 0.764878 0.644175
vn -0.000000 0.764878 0.644175
vn -0.000000 0.764878 0.644175
vn -0.000000 0.764878 0.644175
vn -0.000000 0.764878 0.644175
vn -0.000000 0.764878 0.644175
vn -0.000000 0.764878 0.644175
vn -0.000000 0.764878 0.644175
vn -0.000000 0.764878 0.644175
vn -0.000000 0.764878 0.644175
vn -0.000000 0.764878 0.644175
vn -0.000000 0.764878 0.644175
vn -0.000000 0.764878 0.644175
vn -0.000000 0.764878 0.644175
vn -0.000000 0.764878 0.644175
vn -0.000000 0.764878 0.644175
vn -0.000000 0.764878 0.644175
vn -0.000000 0.764878 0.644175
vn -0.000000 0.764878 0.644175
vn -0.000000 0.764878 0.644175
vn -0.000000 0.764878 0.644175
vn -0.000000 0.764878 0.644175
vn -0.000000 0.764878 0.644175
vn -0.000000 0.764878 0.644175
vn -0.000000 0.764878 0.644175
vn -0.000000 0.764878 0.644175
vn -0.000000 0.764878 0.644175
vn -0.000000 0.764878 0.644175
vn -0.000000 0.764878 0.644175
vn -0.000000 0.764878 0.644175
vn -0.000000 0.764878 0.644175
vn -0.000000 0.764878 0.644175
vn -0.000000 0.764878 0.644175
vn -0.000000 0.764878 0.644175
vn -0.000000 0.764878 0.644175
vn -0.000000 0.764878 0.644175
vn -0.000000 0.764878 0.644175
vn -0.000000 0.764878 0.644175
vn -0.000000 0.764878 0.644175
vn -0.000000 0.764878 0.644175
vn -0.000000 0.764878 0.644175
vn -0.000000 0.764878 0.644175
vn -0.000000 0.764878 0.644175
vn -0.000000 0.764878 0.644175
vn -0.000000 0.764878 0.644175
vn -0.000000 0.764878 0.644175
vn -0.000000 0.764878 0.644175
vn -0.000000 0.764878 0.644175
vn -0.000000 0.764878 0.644175
vn -0.000000 0.764878 0.644175
vn -0.000000 0.764878 0.644175
vn -0.000000 0.764878 0.644175
vn -0.000000 0.764878 0.644175
vn -0.000000 0.764878 0.644175
vn -0.000000 0.764878 0.644175
vn -0.000000 0.764878 0.644175
vn -0.000000 0.764878 0.644175
vn -0.000000 0.764878 0.644175
vn -0.000000 0.764878 0.644175
vn -0.000000 0.764878 0.644175
vn -0.000000 0.764878 0.644175
vn -0.000000 0.764878 0.644175
vn -0.000000 0.764878 0.644175
vn -0.000000 0.764878 0.644175
vn -0.000000 0.764878 0.644175
vn -0.000000 0.764878 0.644175
vn -0.000000 0.764878 0.644175
vn -0.000000 0.000000 1.000000
vn -0.000000 0.000000 1.000000
vn -0.000000 0.000000 1.000000
vn -0.000000 0.000000 1.000000
vn 0.000000 -0.000000 1.000000
vn 0.000000 -0.000000 1.000000
vn 0.000000 -0.000000 1.000000
vn 0.000000 -0.000000 1.000000
vn 0.000000 0.929727 -0.368251
vn 0.000000 0.929727 -0.368251
vn 0.000000 0.929727 -0.368251
vn 0.000000 0.929727 -0.368251
vn -1.000000 0.000000 0.000000
vn -1.000000 0.000000 0.000000
vn -1.000000 0.000000 0.000000
vn -1.000000 0.000000 0.000000
vn 1.000000 -0.000000 -0.000000
vn 1.000000 -0.000000 -0.000000
vn 1.000000 -0.000000 -0.000000
vn 1.000000 -0.000000 -0.000000
vn -0.000000 0.000000 1.000000
vn -0.000000 0.000000 1.000000
vn -0.000000 0.000000 1.000000
vn -0.000000 0.000000 1.000000
vn 0.000000 -0.000000 1.000000
vn 0.000000 -0.000000 1.000000
vn 0.000000 -0.000000 1.000000
vn 0.000000 -0.000000 1.000000
vn 0.000000 0.929727 -0.368251
vn 0.000000 0.929727 -0.368251
vn 0.000000 0.929727 -0.368251
vn 0.000000 0.929727 -0.368251
vn -1.000000 0.000000 0.000000
vn -1.000000 0.000000 0.000000
vn -1.000000 0.000000 0.000000
vn -1.000000 0.000000 0.000000
vn 1.000000 -0.000000 -0.000000
vn 1.000000 -0.000000 -0.000000
vn 1.000000 -0.000000 -0.000000
vn 1.000000 -0.000000 -0.000000
vn -0.000000 0.000000 1.000000
vn -0.000000 0.000000 1.000000
vn -0.000000 0.000000 1.000000
vn -0.000000 0.000000 1.000000
vn 0.000000 -0.000000 1.000000
vn 0.000000 -0.000000 1.000000
vn 0.000000 -0.000000 1.000000
vn 0.000000 -0.000000 1.000000
vn 0.000000 0.929727 -0.368251
vn 0.000000 0.929727 -0.368251
vn 0.000000 0.929727 -0.368251
vn 0.000000 0.929727 -0.368251
vn -1.000000 0.000000 0.000000
vn -1.000000 0.000000 0.000000
vn -1.000000 0.000000 0.000000
vn -1.000000 0.000000 0.000000
vn 1.000000 -0.000000 -0.000000
vn 1.000000 -0.000000 -0.000000
vn 1.000000 -0.000000 -0.000000
vn 1.000000 -0.000000 -0.000000
vn -0.000000 0.000000 1.000000
vn -0.000000 0.000000 1.000000
vn -0.000000 0.000000 1.000000
vn -0.000000 0.000000 1.000000
vn 0.000000 -0.000000 1.000000
vn 0.000000 -0.000000 1.000000
vn 0.000000 -0.000000 1.000000
vn 0.000000 -0.000000 1.000000
vn 0.000000 0.929727 -0.368251
vn 0.000000 0.929727 -0.368251
vn 0.000000 0.929727 -0.368251
vn 0.000000 0.929727 -0.368251
vn -1.000000 0.000000 0.000000
vn -1.000000 0.000000 0.000000
vn -1.000000 0.000000 0.000000
vn -1.000000 0.000000 0.000000
vn 1.000000 -0.000000 -0.000000
vn 1.000000 -0.000000 -0.000000
vn 1.000000 -0.000000 -0.000000
vn 1.000000 -0.000000 -0.000000
vn -0.000000 0.000000 1.000000
vn -0.000000 0.000000 1.000000
vn -0.000000 0.000000 1.000000
vn -0.000000 0.000000 1.000000
vn 0.000000 -0.000000 1.000000
vn 0.000000 -0.000000 1.000000
vn 0.000000 -0.000000 1.000000
vn 0.000000 -0.000000 1.000000
vn 0.000000 0.929727 -0.368251
vn 0.000000 0.929727 -0.368251
vn 0.000000 0.929727 -0.368251
vn 0.000000 0.929727 -0.368251
vn -1.000000 0.000000 0.000000
vn -1.000000 0.000000 0.000000
vn -1.000000 0.000000 0.000000
vn -1.000000 0.000000 0.000000
vn 1.000000 -0.000000 -0.000000
vn 1.000000 -0.000000 -0.000000
vn 1.000000 -0.000000 -0.000000
vn 1.000000 -0.000000 -0.000000
vn -0.000000 0.000000 1.000000
vn -0.000000 0.000000 1.000000
vn -0.000000 0.000000 1.000000
vn -0.000000 0.000000 1.000000
vn 0.000000 -0.000000 1.000000
vn 0.000000 -0.000000 1.000000
vn 0.000000 -0.000000 1.000000
vn 0.000000 -0.000000 1.000000
vn 0.000000 0.929727 -0.368251
vn 0.000000 0.929727 -0.368251
vn 0.000000 0.929727 -0.368251
vn 0.000000 0.929727 -0.368251
vn -1.000000 0.000000 0.000000
vn -1.000000 0.000000 0.000000
vn -1.000000 0.000000 0.000000
vn -1.000000 0.000000 0.000000
vn 1.000000 -0.000000 -0.000000
vn 1.000000 -0.000000 -0.000000
vn 1.000000 -0.000000 -0.000000
vn 1.000000 -0.000000 -0.000000
vn -0.000000 0.000000 1.000000
vn -0.000000 0.000000 1.000000
vn -0.000000 0.000000 1.000000
vn -0.000000 0.000000 1.000000
vn 0.000000 -0.000000 1.000000
vn 0.000000 -0.000000 1.000000
vn 0.000000 -0.000000 1.000000
vn 0.000000 -0.000000 1.000000
vn 0.000000 0.929727 -0.368251
vn 0.000000 0.929727 -0.368251
vn 0.000000 0.929727 -0.368251
vn 0.000000 0.929727 -0.368251
vn -1.000000 0.000000 0.000000
vn -1.000000 0.000000 0.000000
vn -1.000000 0.000000 0.000000
vn -1.000000 0.000000 0.000000
vn 1.000000 -0.000000 -0.000000
vn 1.000000 -0.000000 -0.000000
vn 1.000000 -0.000000 -0.000000
vn 1.000000 -0.000000 -0.000000
vn -0.000000 0.000000 1.000000
vn -0.000000 0.000000 1.000000
vn -0.000000 0.000000 1.000000
vn -0.000000 0.000000 1.000000
vn 0.000000 -0.000000 1.000000
vn 0.000000 -0.000000 1.000000
vn 0.000000 -0.000000 1.000000
vn 0.000000 -0.000000 1.000000
vn 0.000000 0.929727 -0.368251
vn 0.000000 0.929727 -0.368251
vn 0.000000 0.929727 -0.368251
vn 0.000000 0.929727 -0.368251
vn -1.000000 0.000000 0.000000
vn -1.000000 0.000000 0.000000
vn -1.000000 0.000000 0.000000
vn -1.000000 0.000000 0.000000
vn 1.000000 -0.000000 -0.000000
vn 1.000000 -0.000000 -0.000000
vn 1.000000 -0.000000 -0.000000
vn 1.000000 -0.000000 -0.000000
vn -0.000000 0.000000 1.000000
vn -0.000000 0.000000 1.000000
vn -0.000000 0.000000 1.000000
vn -0.000000 0.000000 1.000000
vn 0.000000 -0.000000 1.000000
vn 0.000000 -0.000000 1.000000
vn 0.000000 -0.000000 1.000000
vn 0.000000 -0.000000 1.000000
vn 0.000000 0.929727 -0.368251
vn 0.000000 0.929727 -0.368251
vn 0.000000 0.929727 -0.368251
vn 0.000000 0.929727 -0.368251
vn -1.000000 0.000000 0.000000
vn -1.000000 0.000000 0.000000
vn -1.000000 0.000000 0.000000
vn -1.000000 0.000000 0.000000
vn 1.000000 -0.000000 -0.000000
vn 1.000000 -0.000000 -0.000000
vn 1.000000 -0.000000 -0.000000
vn 1.000000 -0.000000 -0.000000
vn -0.000000 0.000000 1.000000
vn -0.000000 0.000000 1.000000
vn -0.000000 0.000000 1.000000
vn -0.000000 0.000000 1.000000
vn 0.000000 -0.000000 1.000000
vn 0.000000 -0.000000 1.000000
vn 0.000000 -0.000000 1.000000
vn 0.000000 -0.000000 1.000000
vn 0.000000 0.929727 -0.368251
vn 0.000000 0.929727 -0.368251
vn 0.000000 0.929727 -0.368251
vn 0.000000 0.929727 -0.368251
vn -1.000000 0.000000 0.000000
vn -1.000000 0.000000 0.000000
vn -1.000000 0.000000 0.000000
vn -1.000000 0.000000 0.000000
vn 1.000000 -0.000000 -0.000000
vn 1.000000 -0.000000 -0.000000
vn 1.000000 -0.000000 -0.000000
vn 1.000000 -0.000000 -0.000000
vn -0.000000 0.000000 1.000000
vn -0.000000 0.000000 1.000000
vn -0.000000 0.000000 1.000000
vn -0.000000 0.000000 1.000000
vn 0.000000 -0.000000 1.000000
vn 0.000000 -0.000000 1.000000
vn 0.000000 -0.000000 1.000000
vn 0.000000 -0.000000 1.000000
vn 0.000000 0.929727 -0.368251
vn 0.000000 0.929727 -0.368251
vn 0.000000 0.929727 -0.368251
vn 0.000000 0.929727 -0.368251
vn -1.000000 0.000000 0.000000
vn -1.000000 0.000000 0.000000
vn -1.000000 0.000000 0.000000
vn -1.000000 0.000000 0.000000
vn 1.000000 -0.000000 -0.000000
vn 1.000000 -0.000000 -0.000000
vn 1.000000 -0.000000 -0.000000
vn 1.000000 -0.000000 -0.000000
vn -0.000000 0.000000 1.000000
vn -0.000000 0.000000 1.000000
vn -0.000000 0.000000 1.000000
vn -0.000000 0.000000 1.000000
vn 0.000000 -0.000000 1.000000
vn 0.000000 -0.000000 1.000000
vn 0.000000 -0.000000 1.000000
vn 0.000000 -0.000000 1.000000
vn 0.000000 0.929727 -0.368251
vn 0.000000 0.929727 -0.368251
vn 0.000000 0.929727 -0.368251
vn 0.000000 0.929727 -0.368251
vn -1.000000 0.000000 0.000000
vn -1.000000 0.000000 0.000000
vn -1.000000 0.000000 0.000000
vn -1.000000 0.000000 0.000000
vn 1.000000 -0.000000 -0.000000
vn 1.000000 -0.000000 -0.000000
vn 1.000000 -0.000000 -0.000000
vn 1.000000 -0.000000 -0.000000
vn -0.000000 0.000000 1.000000
vn -0.000000 0.000000 1.000000
vn -0.000000 0.000000 1.000000
vn -0.000000 0.000000 1.000000
vn 0.000000 -0.000000 1.000000
vn 0.000000 -0.000000 1.000000
vn 0.000000 -0.000000 1.000000
vn 0.000000 -0.000000 1.000000
vn 0.000000 0.929727 -0.368251
vn 0.000000 0.929727 -0.368251
vn 0.000000 0.929727 -0.368251
vn 0.000000 0.929727 -0.368251
vn -1.000000 0.000000 0.000000
vn -1.000000 0.000000 0.000000
vn -1.000000 0.000000 0.000000
vn -1.000000 0.000000 0.000000
vn 1.000000 -0.000000 -0.000000
vn 1.000000 -0.000000 -0.000000
vn 1.000000 -0.000000 -0.000000
vn 1.000000 -0.000000 -0.000000
vn -0.000000 0.000000 1.000000
vn -0.000000 0.000000 1.000000
vn -0.000000 0.000000 1.000000
vn -0.000000 0.000000 1.000000
vn 0.000000 -0.000000 1.000000
vn 0.000000 -0.000000 1.000000
vn 0.000000 -0.000000 1.000000
vn 0.000000 -0.000000 1.000000
vn 0.000000 0.929727 -0.368251
vn 0.000000 0.929727 -0.368251
vn 0.000000 0.929727 -0.368251
vn 0.000000 0.929727 -0.368251
vn -1.000000 0.000000 0.000000
vn -1.000000 0.000000 0.000000
vn -1.000000 0.000000 0.000000
vn -1.000000 0.000000 0.000000
vn 1.000000 -0.000000 -0.000000
vn 1.000000 -0.000000 -0.000000
vn 1.000000 -0.000000 -0.000000
vn 1.000000 -0.000000 -0.000000
vn -0.000000 0.000000 1.000000
vn -0.000000 0.000000 1.000000
vn -0.000000 0.000000 1.000000
vn -0.000000 0.000000 1.000000
vn 0.000000 -0.000000 1.000000
vn 0.000000 -0.000000 1.000000
vn 0.000000 -0.000000 1.000000
vn 0.000000 -0.000000 1.000000
vn 0.000000 0.929727 -0.368251
vn 0.000000 0.929727 -0.368251
vn 0.000000 0.929727 -0.368251
vn 0.000000 0.929727 -0.368251
vn -1.000000 0.000000 0.000000
vn -1.000000 0.000000 0.000000
vn -1.000000 0.000000 0.000000
vn -1.000000 0.000000 0.000000
vn 1.000000 -0.000000 -0.000000
vn 1.000000 -0.000000 -0.000000
vn 1.000000 -0.000000 -0.000000
vn 1.000000 -0.000000 -0.000000
vn -0.000000 0.000000 1.000000
vn -0.000000 0.000000 1.000000
vn -0.000000 0.000000 1.000000
vn -0.000000 0.000000 1.000000
vn 0.000000 0.929727 -0.368251
vn 0.000000 0.929727 -0.368251
vn 0.000000 0.929727 -0.368251
vn 0.000000 0.929727 -0.368251
vn 0.000000 -0.000000 1.000000
vn 0.000000 -0.000000 1.000000
vn 0.000000 -0.000000 1.000000
vn 0.000000 -0.000000 1.000000
vn -1.000000 0.000000 0.000000
vn -1.000000 0.000000 0.000000
vn -1.000000 0.000000 0.000000
vn -1.000000 0.000000 0.000000
vn 1.000000 -0.000000 -0.000000
vn 1.000000 -0.000000 -0.000000
vn 1.000000 -0.000000 -0.000000
vn 1.000000 -0.000000 -0.000000
vn -0.000000 0.000000 1.000000
vn -0.000000 0.000000 1.000000
vn -0.000000 0.000000 1.000000
vn -0.000000 0.000000 1.000000
vn 0.000000 0.929727 -0.368251
vn 0.000000 0.929727 -0.368251
vn 0.000000 0.929727 -0.368251
vn 0.000000 0.929727 -0.368251
vn 0.000000 -0.000000 1.000000
vn 0.000000 -0.000000 1.000000
vn 0.000000 -0.000000 1.000000
vn 0.000000 -0.000000 1.000000
vn -1.000000 0.000000 0.000000
vn -1.000000 0.000000 0.000000
vn -1.000000 0.000000 0.000000
vn -1.000000 0.000000 0.000000
vn 1.000000 -0.000000 -0.000000
vn 1.000000 -0.000000 -0.000000
vn 1.000000 -0.000000 -0.000000
vn 1.000000 -0.000000 -0.000000
vn -0.000000 0.000000 1.000000
vn -0.000000 0.000000 1.000000
vn -0.000000 0.000000 1.000000
vn -0.000000 0.000000 1.000000
vn 0.000000 0.929727 -0.368251
vn 0.000000 0.929727 -0.368251
vn 0.000000 0.929727 -0.368251
vn 0.000000 0.929727 -0.368251
vn 0.000000 -0.000000 1.000000
vn 0.000000 -0.000000 1.000000
vn 0.000000 -0.000000 1.000000
vn 0.000000 -0.000000 1.000000
vn -1.000000 0.000000 0.000000
vn -1.000000 0.000000 0.000000
vn -1.000000 0.000000 0.000000
vn -1.000000 0.000000 0.000000
vn 1.000000 -0.000000 -0.000000
vn 1.000000 -0.000000 -0.000000
vn 1.000000 -0.000000 -0.000000
vn 1.000000 -0.000000 -0.000000
vn -0.000000 0.000000 1.000000
vn -0.000000 0.000000 1.000000
vn -0.000000 0.000000 1.000000
vn -0.000000 0.000000 1.000000
vn 0.000000 0.929727 -0.368251
vn 0.000000 0.929727 -0.368251
vn 0.000000 0.929727 -0.368251
vn 0.000000 0.929727 -0.368251
vn 0.000000 -0.000000 1.000000
vn 0.000000 -0.000000 1.000000
vn 0.000000 -0.000000 1.000000
vn 0.000000 -0.000000 1.000000
vn -1.000000 0.000000 0.000000
vn -1.000000 0.000000 0.000000
vn -1.000000 0.000000 0.000000
vn -1.000000 0.000000 0.000000
vn 1.000000 -0.000000 -0.000000
vn 1.000000 -0.000000 -0.000000
vn 1.000000 -0.000000 -0.000000
vn 1.000000 -0.000000 -0.000000
vn -0.000000 0.000000 1.000000
vn -0.000000 0.000000 1.000000
vn -0.000000 0.000000 1.000000
vn -0.000000 0.000000 1.000000
vn 0.000000 0.929727 -0.368251
vn 0.000000 0.929727 -0.368251
vn 0.000000 0.929727 -0.368251
vn 0.000000 0.929727 -0.368251
vn 0.000000 -0.000000 1.000000
vn 0.000000 -0.000000 1.000000
vn 0.000000 -0.000000 1.000000
vn 0.000000 -0.000000 1.000000
vn -1.000000 0.000000 0.000000
vn -1.000000 0.000000 0.000000
vn -1.000000 0.000000 0.000000
vn -1.000000 0.000000 0.000000
vn 1.000000 -0.000000 -0.000000
vn 1.000000 -0.000000 -0.000000
vn 1.000000 -0.000000 -0.000000
vn 1.000000 -0.000000 -0.000000
vn -0.000000 0.000000 1.000000
vn -0.000000 0.000000 1.000000
vn -0.000000 0.000000 1.000000
vn -0.000000 0.000000 1.000000
vn 0.000000 0.929727 -0.368251
vn 0.000000 0.929727 -0.368251
vn 0.000000 0.929727 -0.368251
vn 0.000000 0.929727 -0.368251
vn 0.000000 -0.000000 1.000000
vn 0.000000 -0.000000 1.000000
vn 0.000000 -0.000000 1.000000
vn 0.000000 -0.000000 1.000000
vn -1.000000 0.000000 0.000000
vn -1.000000 0.000000 0.000000
vn -1.000000 0.000000 0.000000
vn -1.000000 0.000000 0.000000
vn 1.000000 -0.000000 -0.000000
vn 1.000000 -0.000000 -0.000000
vn 1.000000 -0.000000 -0.000000
vn 1.000000 -0.000000 -0.000000
vn -0.000000 0.000000 1.000000
vn -0.000000 0.000000 1.000000
vn -0.000000 0.000000 1.000000
vn -0.000000 0.000000 1.000000
vn 0.000000 0.929727 -0.368251
vn 0.000000 0.929727 -0.368251
vn 0.000000 0.929727 -0.368251
vn 0.000000 0.929727 -0.368251
vn 0.000000 -0.000000 1.000000
vn 0.000000 -0.000000 1.000000
vn 0.000000 -0.000000 1.000000
vn 0.000000 -0.000000 1.000000
vn -1.000000 0.000000 0.000000
vn -1.000000 0.000000 0.000000
vn -1.000000 0.000000 0.000000
vn -1.000000 0.000000 0.000000
vn 1.000000 -0.000000 -0.000000
vn 1.000000 -0.000000 -0.000000
vn 1.000000 -0.000000 -0.000000
vn 1.000000 -0.000000 -0.000000
vn -0.000000 0.000000 1.000000
vn -0.000000 0.000000 1.000000
vn -0.000000 0.000000 1.000000
vn -0.000000 0.000000 1.000000
vn 0.000000 0.929727 -0.368251
vn 0.000000 0.929727 -0.368251
vn 0.000000 0.929727 -0.368251
vn 0.000000 0.929727 -0.368251
vn 0.000000 -0.000000 1.000000
vn 0.000000 -0.000000 1.000000
vn 0.000000 -0.000000 1.000000
vn 0.000000 -0.000000 1.000000
vn -1.000000 0.000000 0.000000
vn -1.000000 0.000000 0.000000
vn -1.000000 0.000000 0.000000
vn -1.000000 0.000000 0.000000
vn 1.000000 -0.000000 -0.000000
vn 1.000000 -0.000000 -0.000000
vn 1.000000 -0.000000 -0.000000
vn 1.000000 -0.000000 -0.000000
vn -0.000000 0.000000 1.000000
vn -0.000000 0.000000 1.000000
vn -0.000000 0.000000 1.000000
vn -0.000000 0.000000 1.000000
vn 0.000000 0.929727 -0.368251
vn 0.000000 0.929727 -0.368251
vn 0.000000 0.929727 -0.368251
vn 0.000000 0.929727 -0.368251
vn 0.000000 -0.000000 1.000000
vn 0.000000 -0.000000 1.000000
vn 0.000000 -0.000000 1.000000
vn 0.000000 -0.000000 1.000000
vn -1.000000 0.000000 0.000000
vn -1.000000 0.000000 0.000000
vn -1.000000 0.000000 0.000000
vn -1.000000 0.000000 0.000000
vn 1.000000 -0.000000 -0.000000
vn 1.000000 -0.000000 -0.000000
vn 1.000000 -0.000000 -0.000000
vn 1.000000 -0.000000 -0.000000
vn -0.000000 0.000000 1.000000
vn -0.000000 0.000000 1.000000
vn -0.000000 0.000000 1.000000
vn -0.000000 0.000000 1.000000
vn 0.000000 0.929727 -0.368251
vn 0.000000 0.929727 -0.368251
vn 0.000000 0.929727 -0.368251
vn 0.000000 0.929727 -0.368251
vn 0.000000 -0.000000 1.000000
vn 0.000000 -0.000000 1.000000
vn 0.000000 -0.000000 1.000000
vn 0.000000 -0.000000 1.000000
vn -1.000000 0.000000 0.000000
vn -1.000000 0.000000 0.000000
vn -1.000000 0.000000 0.000000
vn -1.000000 0.000000 0.000000
vn 1.000000 -0.000000 -0.000000
vn 1.000000 -0.000000 -0.000000
vn 1.000000 -0.000000 -0.000000
vn 1.000000 -0.000000 -0.000000
vn -0.000000 0.000000 1.000000
vn -0.000000 0.000000 1.000000
vn -0.000000 0.000000 1.000000
vn -0.000000 0.000000 1.000000
vn 0.000000 0.929727 -0.368251
vn 0.000000 0.929727 -0.368251
vn 0.000000 0.929727 -0.368251
vn 0.000000 0.929727 -0.368251
vn 0.000000 -0.000000 1.000000
vn 0.000000 -0.000000 1.000000
vn 0.000000 -0.000000 1.000000
vn 0.000000 -0.000000 1.000000
vn -1.000000 0.000000 0.000000
vn -1.000000 0.000000 0.000000
vn -1.000000 0.000000 0.000000
vn -1.000000 0.000000 0.000000
vn 1.000000 -0.000000 -0.000000
vn 1.000000 -0.000000 -0.000000
vn 1.000000 -0.000000 -0.000000
vn 1.000000 -0.000000 -0.000000
vn -0.000000 0.000000 1.000000
vn -0.000000 0.000000 1.000000
vn -0.000000 0.000000 1.000000
vn -0.000000 0.000000 1.000000
vn 0.000000 0.929727 -0.368251
vn 0.000000 0.929727 -0.368251
vn 0.000000 0.929727 -0.368251
vn 0.000000 0.929727 -0.368251
vn 0.000000 -0.000000 1.000000
vn 0.000000 -0.000000 1.000000
vn 0.000000 -0.000000 1.000000
vn 0.000000 -0.000000 1.000000
vn -1.000000 0.000000 0.000000
vn -1.000000 0.000000 0.000000
vn -1.000000 0.000000 0.000000
vn -1.000000 0.000000 0.000000
vn 1.000000 -0.000000 -0.000000
vn 1.000000 -0.000000 -0.000000
vn 1.000000 -0.000000 -0.000000
vn 1.000000 -0.000000 -0.000000
vn -0.000000 0.000000 1.000000
vn -0.000000 0.000000 1.000000
vn -0.000000 0.000000 1.000000
vn -0.000000 0.000000 1.000000
vn -1.000000 0.000000 0.000000
vn -1.000000 0.000000 0.000000
vn -1.000000 0.000000 0.000000
vn -1.000000 0.000000 0.000000
vn 1.000000 0.000000 0.000000
vn 1.000000 0.000000 0.000000
vn 1.000000 0.000000 0.000000
vn 1.000000 0.000000 0.000000
vn 1.000000 0.000000 0.000000
vn 1.000000 0.000000 0.000000
vn 1.000000 0.000000 0.000000
vn 1.000000 0.000000 0.000000
vn 1.000000 0.000000 0.000000
vn 1.000000 0.000000 0.000000
vn 1.000000 0.000000 0.000000
vn 1.000000 0.000000 0.000000
vn 1.000000 0.000000 0.000000
vn 1.000000 0.000000 0.000000
vn -0.000000 0.000000 1.000000
vn -0.000000 0.000000 1.000000
vn -0.000000 0.000000 1.000000
vn -0.000000 0.000000 1.000000
vn -0.000000 0.000000 1.000000
vn -0.000000 0.000000 1.000000
vn -0.000000 0.000000 1.000000
vn -0.000000 0.000000 1.000000
vn -0.000000 0.000000 1.000000
vn 0.000000 0.927854 -0.372945
vn 0.000000 0.927854 -0.372945
vn 0.000000 0.927854 -0.372945
vn 0.000000 0.927854 -0.372945
vn 0.000000 0.000000 -1.000000
vn 0.000000 0.000000 -1.000000
vn 0.000000 0.000000 -1.000000
vn 0.000000 0.000000 -1.000000
vn 0.000000 -0.764878 -0.644175
vn 0.000000 -0.764878 -0.644175
vn 0.000000 -0.764878 -0.644175
vn 0.000000 -0.764878 -0.644175
vn 0.000000 0.000000 -1.000000
vn 0.000000 0.000000 -1.000000
vn 0.000000 0.000000 -1.000000
vn 0.000000 0.000000 -1.000000
vn 0.000000 0.000000 -1.000000
vn 0.000000 0.000000 -1.000000
vn 0.000000 0.000000 -1.000000
vn 0.000000 0.000000 -1.000000
vn 0.000000 0.000000 -1.000000
vn 0.000000 0.000000 -1.000000
vn 0.000000 0.000000 -1.000000
vn 0.000000 0.000000 -1.000000
vn 0.000000 0.000000 -1.000000
vn 0.000000 0.000000 -1.000000
vn 0.000000 0.000000 -1.000000
vn 0.000000 0.000000 -1.000000
vn 0.000000 0.000000 -1.000000
vn 0.000000 0.000000 -1.000000
vn 0.000000 0.000000 -1.000000
vn 0.000000 0.000000 -1.000000
vn 0.000000 0.000000 -1.000000
vn 0.000000 0.000000 -1.000000
vn 0.000000 0.000000 -1.000000
vn 0.000000 0.000000 -1.000000
vn 0.000000 0.000000 -1.000000
vn 0.000000 0.000000 -1.000000
vn 0.000000 0.000000 -1.000000
vn 0.000000 0.000000 -1.000000
vn 0.000000 0.813733 -0.581238
vn 0.000000 0.813733 -0.581238
vn 0.000000 0.813733 -0.581238
vn 0.000000 0.813733 -0.581238
vn 0.000000 -0.889168 -0.457582
vn 0.000000 -0.889168 -0.457582
vn 0.000000 -0.889168 -0.457582
vn 0.000000 -0.889168 -0.457582
vn 0.000000 -0.813733 0.581238
vn 0.000000 -0.813733 0.581238
vn 0.000000 -0.813733 0.581238
vn 0.000000 -0.813733 0.581238
vn 0.000000 -0.813733 0.581238
vn 0.000000 -0.813733 0.581238
vn 0.000000 -0.813733 0.581238
vn -1.000000 -0.000000 -0.000000
vn -1.000000 -0.000000 -0.000000
vn -1.000000 -0.000000 -0.000000
vn -1.000000 -0.000000 -0.000000
vn -1.000000 -0.000000 -0.000000
vn -1.000000 -0.000000 -0.000000
vn -1.000000 -0.000000 -0.000000
vn -1.000000 -0.000000 -0.000000
vn -1.000000 -0.000000 -0.000000
vn -1.000000 -0.000000 -0.000000
vn -1.000000 -0.000000 -0.000000
vn -1.000000 -0.000000 -0.000000
vn 0.000000 -0.765096 -0.643916
vn 0.000000 -0.765096 -0.643916
vn 0.000000 -0.765096 -0.643916
vn 0.000000 -0.765096 -0.643916
vn 0.000000 0.000000 1.000000
vn 0.000000 0.000000 1.000000
vn 0.000000 0.000000 1.000000
vn 0.000000 0.000000 1.000000
vn 0.000000 0.000000 1.000000
vn 0.000000 0.000000 1.000000
f 1160/2503/2466 1163/2504/2467 1159/2505/2468
f 1159/2505/2468 1163/2504/2467 1164/2506/2469
f 1159/2505/2468 1164/2506/2469 1165/2507/2470
f 1160/2503/2466 1161/2508/2471 1163/2504/2467
f 1163/2504/2467 1161/2508/2471 1162/2509/2472
f 1164/2510/2473 1163/2511/2474 1167/2512/2475
f 1167/2512/2475 1163/2511/2474 1166/2513/2476
f 1162/2514/2477 1168/2515/2478 1163/2516/2479
f 1163/2516/2479 1168/2515/2478 1166/2517/2480
f 1166/2517/2480 1168/2515/2478 1226/2518/2481
f 1226/2518/2481 1168/2515/2478 1225/2519/2482
f 1225/2519/2482 1168/2515/2478 1224/2520/2483
f 1224/2520/2483 1168/2515/2478 1223/2521/2484
f 1223/2521/2484 1168/2515/2478 1222/2522/2485
f 1222/2522/2485 1168/2515/2478 1221/2523/2486
f 1221/2523/2486 1168/2515/2478 1220/2524/2487
f 1220/2524/2487 1168/2515/2478 1219/2525/2488
f 1219/2525/2488 1168/2515/2478 1218/2526/2489
f 1218/2526/2489 1168/2515/2478 1217/2527/2490
f 1217/2527/2490 1168/2515/2478 1216/2528/2491
f 1216/2528/2491 1168/2515/2478 1215/2529/2492
f 1215/2529/2492 1168/2515/2478 1214/2530/2493
f 1214/2530/2493 1168/2515/2478 1213/2531/2494
f 1213/2531/2494 1168/2515/2478 1212/2532/2495
f 1212/2532/2495 1168/2515/2478 1211/2533/2496
f 1211/2533/2496 1168/2515/2478 1210/2534/2497
f 1210/2534/2497 1168/2515/2478 1209/2535/2498
f 1209/2535/2498 1168/2515/2478 1208/2536/2499
f 1208/2536/2499 1168/2515/2478 1207/2537/2500
f 1207/2537/2500 1168/2515/2478 1206/2538/2501
f 1206/2538/2501 1168/2515/2478 1205/2539/2502
f 1205/2539/2502 1168/2515/2478 1204/2540/2503
f 1204/2540/2503 1168/2515/2478 1203/2541/2504
f 1203/2541/2504 1168/2515/2478 1202/2542/2505
f 1202/2542/2505 1168/2515/2478 1201/2543/2506
f 1201/2543/2506 1168/2515/2478 1200/2544/2507
f 1200/2544/2507 1168/2515/2478 1199/2545/2508
f 1199/2545/2508 1168/2515/2478 1169/2546/2509
f 1199/2545/2508 1169/2546/2509 1198/2547/2510
f 1198/2547/2510 1169/2546/2509 1197/2548/2511
f 1197/2548/2511 1169/2546/2509 1196/2549/2512
f 1196/2549/2512 1169/2546/2509 1195/2550/2513
f 1195/2550/2513 1169/2546/2509 1194/2551/2514
f 1194/2551/2514 1169/2546/2509 1193/2552/2515
f 1193/2552/2515 1169/2546/2509 1192/2553/2516
f 1192/2553/2516 1169/2546/2509 1191/2554/2517
f 1191/2554/2517 1169/2546/2509 1190/2555/2518
f 1190/2555/2518 1169/2546/2509 1189/2556/2519
f 1189/2556/2519 1169/2546/2509 1188/2557/2520
f 1188/2557/2520 1169/2546/2509 1187/2558/2521
f 1187/2558/2521 1169/2546/2509 1186/2559/2522
f 1186/2559/2522 1169/2546/2509 1185/2560/2523
f 1185/2560/2523 1169/2546/2509 1184/2561/2524
f 1184/2561/2524 1169/2546/2509 1183/2562/2525
f 1183/2562/2525 1169/2546/2509 1182/2563/2526
f 1182/2563/2526 1169/2546/2509 1181/2564/2527
f 1181/2564/2527 1169/2546/2509 1180/2565/2528
f 1180/2565/2528 1169/2546/2509 1179/2566/2529
f 1179/2566/2529 1169/2546/2509 1178/2567/2530
f 1178/2567/2530 1169/2546/2509 1177/2568/2531
f 1177/2568/2531 1169/2546/2509 1176/2569/2532
f 1176/2569/2532 1169/2546/2509 1175/2570/2533
f 1175/2570/2533 1169/2546/2509 1174/2571/2534
f 1174/2571/2534 1169/2546/2509 1173/2572/2535
f 1173/2572/2535 1169/2546/2509 1172/2573/2536
f 1172/2573/2536 1169/2546/2509 1171/2574/2537
f 1171/2574/2537 1169/2546/2509 1170/2575/2538
f 1162/2576/2539 1161/2577/2540 1168/2578/2541
f 1168/2578/2541 1161/2577/2540 1227/2579/2542
f 1229/2580/2543 1271/2581/2544 1228/2582/2545
f 1228/2582/2545 1271/2581/2544 1272/2583/2546
f 1228/2582/2545 1272/2583/2546 1252/2584/2547
f 1252/2584/2547 1272/2583/2546 1273/2585/2548
f 1252/2584/2547 1273/2585/2548 1251/2586/2549
f 1251/2586/2549 1273/2585/2548 1274/2587/2550
f 1251/2586/2549 1274/2587/2550 1250/2588/2551
f 1250/2588/2551 1274/2587/2550 1275/2589/2552
f 1250/2588/2551 1275/2589/2552 1249/2590/2553
f 1249/2590/2553 1275/2589/2552 1276/2591/2554
f 1249/2590/2553 1276/2591/2554 1248/2592/2555
f 1248/2592/2555 1276/2591/2554 1253/2593/2556
f 1248/2592/2555 1253/2593/2556 1247/2594/2557
f 1247/2595/2557 1253/2596/2556 1254/2597/2558
f 1247/2595/2557 1254/2597/2558 1246/2598/2559
f 1246/2598/2559 1254/2597/2558 1255/2599/2560
f 1246/2598/2559 1255/2599/2560 1245/2600/2561
f 1245/2600/2561 1255/2599/2560 1256/2601/2562
f 1245/2600/2561 1256/2601/2562 1244/2602/2563
f 1244/2602/2563 1256/2601/2562 1257/2603/2564
f 1244/2602/2563 1257/2603/2564 1243/2604/2565
f 1243/2604/2565 1257/2603/2564 1258/2605/2566
f 1243/2604/2565 1258/2605/2566 1242/2606/2567
f 1242/2606/2567 1258/2605/2566 1259/2607/2568
f 1242/2606/2567 1259/2607/2568 1241/2608/2569
f 1241/2608/2569 1259/2607/2568 1260/2609/2570
f 1241/2608/2569 1260/2609/2570 1240/2610/2571
f 1240/2610/2571 1260/2609/2570 1261/2611/2572
f 1240/2610/2571 1261/2611/2572 1239/2612/2573
f 1239/2612/2573 1261/2611/2572 1262/2613/2574
f 1239/2612/2573 1262/2613/2574 1238/2614/2575
f 1238/2614/2575 1262/2613/2574 1263/2615/2576
f 1238/2614/2575 1263/2615/2576 1237/2616/2577
f 1237/2616/2577 1263/2615/2576 1264/2617/2578
f 1237/2616/2577 1264/2617/2578 1236/2618/2579
f 1236/2618/2579 1264/2617/2578 1265/2619/2580
f 1236/2618/2579 1265/2619/2580 1235/2620/2581
f 1235/2620/2581 1265/2619/2580 1266/2621/2582
f 1235/2620/2581 1266/2621/2582 1234/2622/2583
f 1234/2622/2583 1266/2621/2582 1267/2623/2584
f 1234/2622/2583 1267/2623/2584 1233/2624/2585
f 1233/2624/2585 1267/2623/2584 1268/2625/2586
f 1233/2624/2585 1268/2625/2586 1232/2626/2587
f 1232/2626/2587 1268/2625/2586 1269/2627/2588
f 1232/2626/2587 1269/2627/2588 1231/2628/2589
f 1231/2628/2589 1269/2627/2588 1270/2629/2590
f 1231/2628/2589 1270/2629/2590 1230/2630/2591
f 1230/2630/2591 1270/2629/2590 1229/2580/2543
f 1229/2580/2543 1270/2629/2590 1271/2581/2544
f 1228/2631/2592 1252/2632/2593 1280/2633/2594
f 1280/2633/2594 1252/2632/2593 1251/2634/2595
f 1280/2633/2594 1251/2634/2595 1250/2635/2596
f 1250/2635/2596 1249/2636/2597 1280/2633/2594
f 1280/2633/2594 1249/2636/2597 1248/2637/2598
f 1280/2633/2594 1248/2637/2598 1247/2638/2599
f 1280/2633/2594 1247/2638/2599 1279/2639/2600
f 1279/2639/2600 1247/2638/2599 1246/2640/2601
f 1279/2639/2600 1246/2640/2601 1245/2641/2602
f 1245/2641/2602 1244/2642/2603 1279/2639/2600
f 1279/2639/2600 1244/2642/2603 1243/2643/2604
f 1279/2639/2600 1243/2643/2604 1242/2644/2605
f 1242/2644/2605 1241/2645/2606 1279/2639/2600
f 1279/2639/2600 1241/2645/2606 1240/2646/2607
f 1279/2639/2600 1240/2646/2607 1278/2647/2608
f 1278/2647/2608 1240/2646/2607 1239/2648/2609
f 1278/2647/2608 1239/2648/2609 1277/2649/2610
f 1277/2649/2610 1239/2648/2609 1238/2650/2611
f 1277/2649/2610 1238/2650/2611 1237/2651/2612
f 1237/2651/2612 1236/2652/2613 1277/2649/2610
f 1277/2649/2610 1236/2652/2613 1235/2653/2614
f 1277/2649/2610 1235/2653/2614 1234/2654/2615
f 1234/2654/2615 1233/2655/2616 1277/2649/2610
f 1277/2649/2610 1233/2655/2616 1232/2656/2617
f 1277/2649/2610 1232/2656/2617 1231/2657/2618
f 1231/2657/2618 1230/2658/2619 1277/2649/2610
f 1161/2659/2620 1160/2660/2621 1227/2661/2622
f 1227/2661/2622 1160/2660/2621 1281/2662/2623
f 1160/2663/2624 1159/2664/2625 1281/2665/2626
f 1281/2665/2626 1159/2664/2625 1282/2666/2627
f 1283/2667/2628 1284/2668/2629 1286/2669/2630
f 1286/2669/2630 1284/2668/2629 1285/2670/2631
f 1284/2671/2632 1172/2672/2633 1285/2673/2634
f 1285/2673/2634 1172/2672/2633 1171/2674/2635
f 1171/2675/2636 1287/2676/2637 1285/2677/2638
f 1285/2677/2638 1287/2676/2637 1286/2678/2639
f 1172/2679/2640 1284/2680/2641 1288/2681/2642
f 1288/2681/2642 1284/2680/2641 1283/2682/2643
f 1288/2683/2644 1283/2684/2645 1400/2685/2646
f 1400/2685/2646 1283/2684/2645 1399/2686/2647
f 1399/2686/2647 1283/2684/2645 1279/2687/2648
f 1399/2686/2647 1279/2687/2648 1398/2688/2649
f 1398/2688/2649 1279/2687/2648 1395/2689/2650
f 1398/2688/2649 1395/2689/2650 1396/2690/2651
f 1283/2684/2645 1286/2691/2652 1279/2687/2648
f 1279/2687/2648 1286/2691/2652 1289/2692/2653
f 1289/2692/2653 1286/2691/2652 1287/2693/2654
f 1278/2694/2655 1347/2695/2656 1279/2687/2648
f 1279/2687/2648 1347/2695/2656 1350/2696/2657
f 1279/2687/2648 1350/2696/2657 1351/2697/2658
f 1290/2698/2659 1291/2699/2660 1278/2694/2655
f 1278/2694/2655 1291/2699/2660 1294/2700/2661
f 1278/2694/2655 1294/2700/2661 1295/2701/2662
f 1291/2699/2660 1292/2702/2663 1294/2700/2661
f 1294/2700/2661 1292/2702/2663 1293/2703/2664
f 1278/2694/2655 1295/2701/2662 1298/2704/2665
f 1298/2704/2665 1295/2701/2662 1296/2705/2666
f 1298/2704/2665 1296/2705/2666 1297/2706/2667
f 1298/2704/2665 1299/2707/2668 1278/2694/2655
f 1278/2694/2655 1299/2707/2668 1302/2708/2669
f 1278/2694/2655 1302/2708/2669 1303/2709/2670
f 1299/2707/2668 1300/2710/2671 1302/2708/2669
f 1302/2708/2669 1300/2710/2671 1301/2711/2672
f 1278/2694/2655 1303/2709/2670 1306/2712/2673
f 1306/2712/2673 1303/2709/2670 1304/2713/2674
f 1306/2712/2673 1304/2713/2674 1305/2714/2675
f 1306/2712/2673 1307/2715/2676 1278/2694/2655
f 1278/2694/2655 1307/2715/2676 1310/2716/2677
f 1278/2694/2655 1310/2716/2677 1311/2717/2678
f 1307/2715/2676 1308/2718/2679 1310/2716/2677
f 1310/2716/2677 1308/2718/2679 1309/2719/2680
f 1278/2694/2655 1311/2717/2678 1314/2720/2681
f 1314/2720/2681 1311/2717/2678 1312/2721/2682
f 1314/2720/2681 1312/2721/2682 1313/2722/2683
f 1314/2720/2681 1315/2723/2684 1278/2694/2655
f 1278/2694/2655 1315/2723/2684 1318/2724/2685
f 1278/2694/2655 1318/2724/2685 1319/2725/2686
f 1315/2723/2684 1316/2726/2687 1318/2724/2685
f 1318/2724/2685 1316/2726/2687 1317/2727/2688
f 1278/2694/2655 1319/2725/2686 1322/2728/2689
f 1322/2728/2689 1319/2725/2686 1320/2729/2690
f 1322/2728/2689 1320/2729/2690 1321/2730/2691
f 1322/2728/2689 1323/2731/2692 1278/2694/2655
f 1278/2694/2655 1323/2731/2692 1326/2732/2693
f 1278/2694/2655 1326/2732/2693 1327/2733/2694
f 1323/2731/2692 1324/2734/2695 1326/2732/2693
f 1326/2732/2693 1324/2734/2695 1325/2735/2696
f 1278/2694/2655 1327/2733/2694 1330/2736/2697
f 1330/2736/2697 1327/2733/2694 1328/2737/2698
f 1330/2736/2697 1328/2737/2698 1329/2738/2699
f 1330/2736/2697 1331/2739/2700 1278/2694/2655
f 1278/2694/2655 1331/2739/2700 1334/2740/2701
f 1278/2694/2655 1334/2740/2701 1335/2741/2702
f 1331/2739/2700 1332/2742/2703 1334/2740/2701
f 1334/2740/2701 1332/2742/2703 1333/2743/2704
f 1278/2694/2655 1335/2741/2702 1338/2744/2705
f 1338/2744/2705 1335/2741/2702 1336/2745/2706
f 1338/2744/2705 1336/2745/2706 1337/2746/2707
f 1338/2744/2705 1339/2747/2708 1278/2694/2655
f 1278/2694/2655 1339/2747/2708 1342/2748/2709
f 1278/2694/2655 1342/2748/2709 1343/2749/2710
f 1339/2747/2708 1340/2750/2711 1342/2748/2709
f 1342/2748/2709 1340/2750/2711 1341/2751/2712
f 1278/2694/2655 1343/2749/2710 1346/2752/2713
f 1346/2752/2713 1343/2749/2710 1344/2753/2714
f 1346/2752/2713 1344/2753/2714 1345/2754/2715
f 1346/2752/2713 1347/2695/2656 1278/2694/2655
f 1347/2695/2656 1348/2755/2716 1350/2696/2657
f 1350/2696/2657 1348/2755/2716 1349/2756/2717
f 1279/2687/2648 1351/2697/2658 1354/2757/2718
f 1354/2757/2718 1351/2697/2658 1352/2758/2719
f 1354/2757/2718 1352/2758/2719 1353/2759/2720
f 1354/2757/2718 1355/2760/2721 1279/2687/2648
f 1279/2687/2648 1355/2760/2721 1358/2761/2722
f 1279/2687/2648 1358/2761/2722 1359/2762/2723
f 1355/2760/2721 1356/2763/2724 1358/2761/2722
f 1358/2761/2722 1356/2763/2724 1357/2764/2725
f 1279/2687/2648 1359/2762/2723 1362/2765/2726
f 1362/2765/2726 1359/2762/2723 1360/2766/2727
f 1362/2765/2726 1360/2766/2727 1361/2767/2728
f 1362/2765/2726 1363/2768/2729 1279/2687/2648
f 1279/2687/2648 1363/2768/2729 1366/2769/2730
f 1279/2687/2648 1366/2769/2730 1367/2770/2731
f 1363/2768/2729 1364/2771/2732 1366/2769/2730
f 1366/2769/2730 1364/2771/2732 1365/2772/2733
f 1279/2687/2648 1367/2770/2731 1370/2773/2734
f 1370/2773/2734 1367/2770/2731 1368/2774/2735
f 1370/2773/2734 1368/2774/2735 1369/2775/2736
f 1370/2773/2734 1371/2776/2737 1279/2687/2648
f 1279/2687/2648 1371/2776/2737 1374/2777/2738
f 1279/2687/2648 1374/2777/2738 1375/2778/2739
f 1371/2776/2737 1372/2779/2740 1374/2777/2738
f 1374/2777/2738 1372/2779/2740 1373/2780/2741
f 1279/2687/2648 1375/2778/2739 1378/2781/2742
f 1378/2781/2742 1375/2778/2739 1376/2782/2743
f 1378/2781/2742 1376/2782/2743 1377/2783/2744
f 1378/2781/2742 1379/2784/2745 1279/2687/2648
f 1279/2687/2648 1379/2784/2745 1382/2785/2746
f 1279/2687/2648 1382/2785/2746 1383/2786/2747
f 1379/2784/2745 1380/2787/2748 1382/2785/2746
f 1382/2785/2746 1380/2787/2748 1381/2788/2749
f 1279/2687/2648 1383/2786/2747 1386/2789/2750
f 1386/2789/2750 1383/2786/2747 1384/2790/2751
f 1386/2789/2750 1384/2790/2751 1385/2791/2752
f 1386/2789/2750 1387/2792/2753 1279/2687/2648
f 1279/2687/2648 1387/2792/2753 1390/2793/2754
f 1279/2687/2648 1390/2793/2754 1391/2794/2755
f 1387/2792/2753 1388/2795/2756 1390/2793/2754
f 1390/2793/2754 1388/2795/2756 1389/2796/2757
f 1279/2687/2648 1391/2794/2755 1394/2797/2758
f 1394/2797/2758 1391/2794/2755 1392/2798/2759
f 1394/2797/2758 1392/2798/2759 1393/2799/2760
f 1394/2797/2758 1395/2689/2650 1279/2687/2648
f 1396/2690/2651 1397/2800/2761 1398/2688/2649
f 1287/2801/2762 1171/2802/2763 1289/2803/2764
f 1289/2803/2764 1171/2802/2763 1170/2804/2765
f 1398/2805/2766 1401/2806/2767 1399/2807/2768
f 1399/2807/2768 1401/2806/2767 1402/2808/2769
f 1401/2809/2770 1174/2810/2771 1402/2811/2772
f 1402/2811/2772 1174/2810/2771 1173/2812/2773
f 1173/2813/2774 1400/2814/2775 1402/2815/2776
f 1402/2815/2776 1400/2814/2775 1399/2816/2777
f 1174/2817/2778 1401/2818/2779 1397/2819/2780
f 1397/2819/2780 1401/2818/2779 1398/2820/2781
f 1172/2821/2782 1288/2822/2783 1173/2823/2784
f 1173/2823/2784 1288/2822/2783 1400/2824/2785
f 1394/2825/2786 1403/2826/2787 1395/2827/2788
f 1395/2827/2788 1403/2826/2787 1404/2828/2789
f 1403/2829/2790 1176/2830/2791 1404/2831/2792
f 1404/2831/2792 1176/2830/2791 1175/2832/2793
f 1175/2833/2794 1396/2834/2795 1404/2835/2796
f 1404/2835/2796 1396/2834/2795 1395/2836/2797
f 1176/2837/2798 1403/2838/2799 1393/2839/2800
f 1393/2839/2800 1403/2838/2799 1394/2840/2801
f 1174/2841/2802 1397/2842/2803 1175/2843/2804
f 1175/2843/2804 1397/2842/2803 1396/2844/2805
f 1390/2845/2806 1405/2846/2807 1391/2847/2808
f 1391/2847/2808 1405/2846/2807 1406/2848/2809
f 1405/2849/2810 1178/2850/2811 1406/2851/2812
f 1406/2851/2812 1178/2850/2811 1177/2852/2813
f 1177/2853/2814 1392/2854/2815 1406/2855/2816
f 1406/2855/2816 1392/2854/2815 1391/2856/2817
f 1178/2857/2818 1405/2858/2819 1389/2859/2820
f 1389/2859/2820 1405/2858/2819 1390/2860/2821
f 1176/2861/2822 1393/2862/2823 1177/2863/2824
f 1177/2863/2824 1393/2862/2823 1392/2864/2825
f 1386/2865/2826 1407/2866/2827 1387/2867/2828
f 1387/2867/2828 1407/2866/2827 1408/2868/2829
f 1407/2869/2830 1180/2870/2831 1408/2871/2832
f 1408/2871/2832 1180/2870/2831 1179/2872/2833
f 1179/2873/2834 1388/2874/2835 1408/2875/2836
f 1408/2875/2836 1388/2874/2835 1387/2876/2837
f 1180/2877/2838 1407/2878/2839 1385/2879/2840
f 1385/2879/2840 1407/2878/2839 1386/2880/2841
f 1178/2881/2842 1389/2882/2843 1179/2883/2844
f 1179/2883/2844 1389/2882/2843 1388/2884/2845
f 1382/2885/2846 1409/2886/2847 1383/2887/2848
f 1383/2887/2848 1409/2886/2847 1410/2888/2849
f 1409/2889/2850 1182/2890/2851 1410/2891/2852
f 1410/2891/2852 1182/2890/2851 1181/2892/2853
f 1181/2893/2854 1384/2894/2855 1410/2895/2856
f 1410/2895/2856 1384/2894/2855 1383/2896/2857
f 1182/2897/2858 1409/2898/2859 1381/2899/2860
f 1381/2899/2860 1409/2898/2859 1382/2900/2861
f 1180/2901/2862 1385/2902/2863 1181/2903/2864
f 1181/2903/2864 1385/2902/2863 1384/2904/2865
f 1378/2905/2866 1411/2906/2867 1379/2907/2868
f 1379/2907/2868 1411/2906/2867 1412/2908/2869
f 1411/2909/2870 1184/2910/2871 1412/2911/2872
f 1412/2911/2872 1184/2910/2871 1183/2912/2873
f 1183/2913/2874 1380/2914/2875 1412/2915/2876
f 1412/2915/2876 1380/2914/2875 1379/2916/2877
f 1184/2917/2878 1411/2918/2879 1377/2919/2880
f 1377/2919/2880 1411/2918/2879 1378/2920/2881
f 1182/2921/2882 1381/2922/2883 1183/2923/2884
f 1183/2923/2884 1381/2922/2883 1380/2924/2885
f 1374/2925/2886 1413/2926/2887 1375/2927/2888
f 1375/2927/2888 1413/2926/2887 1414/2928/2889
f 1413/2929/2890 1186/2930/2891 1414/2931/2892
f 1414/2931/2892 1186/2930/2891 1185/2932/2893
f 1185/2933/2894 1376/2934/2895 1414/2935/2896
f 1414/2935/2896 1376/2934/2895 1375/2936/2897
f 1186/2937/2898 1413/2938/2899 1373/2939/2900
f 1373/2939/2900 1413/2938/2899 1374/2940/2901
f 1184/2941/2902 1377/2942/2903 1185/2943/2904
f 1185/2943/2904 1377/2942/2903 1376/2944/2905
f 1370/2945/2906 1415/2946/2907 1371/2947/2908
f 1371/2947/2908 1415/2946/2907 1416/2948/2909
f 1415/2949/2910 1188/2950/2911 1416/2951/2912
f 1416/2951/2912 1188/2950/2911 1187/2952/2913
f 1187/2953/2914 1372/2954/2915 1416/2955/2916
f 1416/2955/2916 1372/2954/2915 1371/2956/2917
f 1188/2957/2918 1415/2958/2919 1369/2959/2920
f 1369/2959/2920 1415/2958/2919 1370/2960/2921
f 1186/2961/2922 1373/2962/2923 1187/2963/2924
f 1187/2963/2924 1373/2962/2923 1372/2964/2925
f 1366/2965/2926 1417/2966/2927 1367/2967/2928
f 1367/2967/2928 1417/2966/2927 1418/2968/2929
f 1417/2969/2930 1190/2970/2931 1418/2971/2932
f 1418/2971/2932 1190/2970/2931 1189/2972/2933
f 1189/2973/2934 1368/2974/2935 1418/2975/2936
f 1418/2975/2936 1368/2974/2935 1367/2976/2937
f 1190/2977/2938 1417/2978/2939 1365/2979/2940
f 1365/2979/2940 1417/2978/2939 1366/2980/2941
f 1188/2981/2942 1369/2982/2943 1189/2983/2944
f 1189/2983/2944 1369/2982/2943 1368/2984/2945
f 1362/2985/2946 1419/2986/2947 1363/2987/2948
f 1363/2987/2948 1419/2986/2947 1420/2988/2949
f 1419/2989/2950 1192/2990/2951 1420/2991/2952
f 1420/2991/2952 1192/2990/2951 1191/2992/2953
f 1191/2993/2954 1364/2994/2955 1420/2995/2956
f 1420/2995/2956 1364/2994/2955 1363/2996/2957
f 1192/2997/2958 1419/2998/2959 1361/2999/2960
f 1361/2999/2960 1419/2998/2959 1362/3000/2961
f 1190/3001/2962 1365/3002/2963 1191/3003/2964
f 1191/3003/2964 1365/3002/2963 1364/3004/2965
f 1358/3005/2966 1421/3006/2967 1359/3007/2968
f 1359/3007/2968 1421/3006/2967 1422/3008/2969
f 1421/3009/2970 1194/3010/2971 1422/3011/2972
f 1422/3011/2972 1194/3010/2971 1193/3012/2973
f 1193/3013/2974 1360/3014/2975 1422/3015/2976
f 1422/3015/2976 1360/3014/2975 1359/3016/2977
f 1194/3017/2978 1421/3018/2979 1357/3019/2980
f 1357/3019/2980 1421/3018/2979 1358/3020/2981
f 1192/3021/2982 1361/3022/2983 1193/3023/2984
f 1193/3023/2984 1361/3022/2983 1360/3024/2985
f 1354/3025/2986 1423/3026/2987 1355/3027/2988
f 1355/3027/2988 1423/3026/2987 1424/3028/2989
f 1423/3029/2990 1196/3030/2991 1424/3031/2992
f 1424/3031/2992 1196/3030/2991 1195/3032/2993
f 1195/3033/2994 1356/3034/2995 1424/3035/2996
f 1424/3035/2996 1356/3034/2995 1355/3036/2997
f 1196/3037/2998 1423/3038/2999 1353/3039/3000
f 1353/3039/3000 1423/3038/2999 1354/3040/3001
f 1194/3041/3002 1357/3042/3003 1195/3043/3004
f 1195/3043/3004 1357/3042/3003 1356/3044/3005
f 1350/3045/3006 1425/3046/3007 1351/3047/3008
f 1351/3047/3008 1425/3046/3007 1426/3048/3009
f 1425/3049/3010 1198/3050/3011 1426/3051/3012
f 1426/3051/3012 1198/3050/3011 1197/3052/3013
f 1197/3053/3014 1352/3054/3015 1426/3055/3016
f 1426/3055/3016 1352/3054/3015 1351/3056/3017
f 1198/3057/3018 1425/3058/3019 1349/3059/3020
f 1349/3059/3020 1425/3058/3019 1350/3060/3021
f 1196/3061/3022 1353/3062/3023 1197/3063/3024
f 1197/3063/3024 1353/3062/3023 1352/3064/3025
f 1346/3065/3026 1427/3066/3027 1347/3067/3028
f 1347/3067/3028 1427/3066/3027 1428/3068/3029
f 1427/3069/3030 1200/3070/3031 1428/3071/3032
f 1428/3071/3032 1200/3070/3031 1199/3072/3033
f 1199/3073/3034 1348/3074/3035 1428/3075/3036
f 1428/3075/3036 1348/3074/3035 1347/3076/3037
f 1200/3077/3038 1427/3078/3039 1345/3079/3040
f 1345/3079/3040 1427/3078/3039 1346/3080/3041
f 1198/3081/3042 1349/3082/3043 1199/3083/3044
f 1199/3083/3044 1349/3082/3043 1348/3084/3045
f 1342/3085/3046 1429/3086/3047 1343/3087/3048
f 1343/3087/3048 1429/3086/3047 1430/3088/3049
f 1429/3089/3050 1202/3090/3051 1430/3091/3052
f 1430/3091/3052 1202/3090/3051 1201/3092/3053
f 1201/3093/3054 1344/3094/3055 1430/3095/3056
f 1430/3095/3056 1344/3094/3055 1343/3096/3057
f 1202/3097/3058 1429/3098/3059 1341/3099/3060
f 1341/3099/3060 1429/3098/3059 1342/3100/3061
f 1200/3101/3062 1345/3102/3063 1201/3103/3064
f 1201/3103/3064 1345/3102/3063 1344/3104/3065
f 1431/3105/3066 1204/3106/3067 1432/3107/3068
f 1432/3107/3068 1204/3106/3067 1203/3108/3069
f 1338/3109/3070 1431/3110/3071 1339/3111/3072
f 1339/3111/3072 1431/3110/3071 1432/3112/3073
f 1203/3113/3074 1340/3114/3075 1432/3115/3076
f 1432/3115/3076 1340/3114/3075 1339/3116/3077
f 1204/3117/3078 1431/3118/3079 1337/3119/3080
f 1337/3119/3080 1431/3118/3079 1338/3120/3081
f 1204/3121/3082 1337/3122/3083 1205/3123/3084
f 1205/3123/3084 1337/3122/3083 1336/3124/3085
f 1433/3125/3086 1206/3126/3087 1434/3127/3088
f 1434/3127/3088 1206/3126/3087 1205/3128/3089
f 1334/3129/3090 1433/3130/3091 1335/3131/3092
f 1335/3131/3092 1433/3130/3091 1434/3132/3093
f 1205/3133/3094 1336/3134/3095 1434/3135/3096
f 1434/3135/3096 1336/3134/3095 1335/3136/3097
f 1206/3137/3098 1433/3138/3099 1333/3139/3100
f 1333/3139/3100 1433/3138/3099 1334/3140/3101
f 1206/3141/3102 1333/3142/3103 1207/3143/3104
f 1207/3143/3104 1333/3142/3103 1332/3144/3105
f 1435/3145/3106 1208/3146/3107 1436/3147/3108
f 1436/3147/3108 1208/3146/3107 1207/3148/3109
f 1330/3149/3110 1435/3150/3111 1331/3151/3112
f 1331/3151/3112 1435/3150/3111 1436/3152/3113
f 1207/3153/3114 1332/3154/3115 1436/3155/3116
f 1436/3155/3116 1332/3154/3115 1331/3156/3117
f 1208/3157/3118 1435/3158/3119 1329/3159/3120
f 1329/3159/3120 1435/3158/3119 1330/3160/3121
f 1208/3161/3122 1329/3162/3123 1209/3163/3124
f 1209/3163/3124 1329/3162/3123 1328/3164/3125
f 1437/3165/3126 1210/3166/3127 1438/3167/3128
f 1438/3167/3128 1210/3166/3127 1209/3168/3129
f 1326/3169/3130 1437/3170/3131 1327/3171/3132
f 1327/3171/3132 1437/3170/3131 1438/3172/3133
f 1209/3173/3134 1328/3174/3135 1438/3175/3136
f 1438/3175/3136 1328/3174/3135 1327/3176/3137
f 1210/3177/3138 1437/3178/3139 1325/3179/3140
f 1325/3179/3140 1437/3178/3139 1326/3180/3141
f 1210/3181/3142 1325/3182/3143 1211/3183/3144
f 1211/3183/3144 1325/3182/3143 1324/3184/3145
f 1439/3185/3146 1212/3186/3147 1440/3187/3148
f 1440/3187/3148 1212/3186/3147 1211/3188/3149
f 1322/3189/3150 1439/3190/3151 1323/3191/3152
f 1323/3191/3152 1439/3190/3151 1440/3192/3153
f 1211/3193/3154 1324/3194/3155 1440/3195/3156
f 1440/3195/3156 1324/3194/3155 1323/3196/3157
f 1212/3197/3158 1439/3198/3159 1321/3199/3160
f 1321/3199/3160 1439/3198/3159 1322/3200/3161
f 1212/3201/3162 1321/3202/3163 1213/3203/3164
f 1213/3203/3164 1321/3202/3163 1320/3204/3165
f 1441/3205/3166 1214/3206/3167 1442/3207/3168
f 1442/3207/3168 1214/3206/3167 1213/3208/3169
f 1318/3209/3170 1441/3210/3171 1319/3211/3172
f 1319/3211/3172 1441/3210/3171 1442/3212/3173
f 1213/3213/3174 1320/3214/3175 1442/3215/3176
f 1442/3215/3176 1320/3214/3175 1319/3216/3177
f 1214/3217/3178 1441/3218/3179 1317/3219/3180
f 1317/3219/3180 1441/3218/3179 1318/3220/3181
f 1214/3221/3182 1317/3222/3183 1215/3223/3184
f 1215/3223/3184 1317/3222/3183 1316/3224/3185
f 1443/3225/3186 1216/3226/3187 1444/3227/3188
f 1444/3227/3188 1216/3226/3187 1215/3228/3189
f 1314/3229/3190 1443/3230/3191 1315/3231/3192
f 1315/3231/3192 1443/3230/3191 1444/3232/3193
f 1215/3233/3194 1316/3234/3195 1444/3235/3196
f 1444/3235/3196 1316/3234/3195 1315/3236/3197
f 1216/3237/3198 1443/3238/3199 1313/3239/3200
f 1313/3239/3200 1443/3238/3199 1314/3240/3201
f 1216/3241/3202 1313/3242/3203 1217/3243/3204
f 1217/3243/3204 1313/3242/3203 1312/3244/3205
f 1445/3245/3206 1218/3246/3207 1446/3247/3208
f 1446/3247/3208 1218/3246/3207 1217/3248/3209
f 1310/3249/3210 1445/3250/3211 1311/3251/3212
f 1311/3251/3212 1445/3250/3211 1446/3252/3213
f 1217/3253/3214 1312/3254/3215 1446/3255/3216
f 1446/3255/3216 1312/3254/3215 1311/3256/3217
f 1218/3257/3218 1445/3258/3219 1309/3259/3220
f 1309/3259/3220 1445/3258/3219 1310/3260/3221
f 1218/3261/3222 1309/3262/3223 1219/3263/3224
f 1219/3263/3224 1309/3262/3223 1308/3264/3225
f 1447/3265/3226 1220/3266/3227 1448/3267/3228
f 1448/3267/3228 1220/3266/3227 1219/3268/3229
f 1306/3269/3230 1447/3270/3231 1307/3271/3232
f 1307/3271/3232 1447/3270/3231 1448/3272/3233
f 1219/3273/3234 1308/3274/3235 1448/3275/3236
f 1448/3275/3236 1308/3274/3235 1307/3276/3237
f 1220/3277/3238 1447/3278/3239 1305/3279/3240
f 1305/3279/3240 1447/3278/3239 1306/3280/3241
f 1220/3281/3242 1305/3282/3243 1221/3283/3244
f 1221/3283/3244 1305/3282/3243 1304/3284/3245
f 1449/3285/3246 1222/3286/3247 1450/3287/3248
f 1450/3287/3248 1222/3286/3247 1221/3288/3249
f 1302/3289/3250 1449/3290/3251 1303/3291/3252
f 1303/3291/3252 1449/3290/3251 1450/3292/3253
f 1221/3293/3254 1304/3294/3255 1450/3295/3256
f 1450/3295/3256 1304/3294/3255 1303/3296/3257
f 1222/3297/3258 1449/3298/3259 1301/3299/3260
f 1301/3299/3260 1449/3298/3259 1302/3300/3261
f 1222/3301/3262 1301/3302/3263 1223/3303/3264
f 1223/3303/3264 1301/3302/3263 1300/3304/3265
f 1451/3305/3266 1224/3306/3267 1452/3307/3268
f 1452/3307/3268 1224/3306/3267 1223/3308/3269
f 1298/3309/3270 1451/3310/3271 1299/3311/3272
f 1299/3311/3272 1451/3310/3271 1452/3312/3273
f 1223/3313/3274 1300/3314/3275 1452/3315/3276
f 1452/3315/3276 1300/3314/3275 1299/3316/3277
f 1224/3317/3278 1451/3318/3279 1297/3319/3280
f 1297/3319/3280 1451/3318/3279 1298/3320/3281
f 1224/3321/3282 1297/3322/3283 1225/3323/3284
f 1225/3323/3284 1297/3322/3283 1296/3324/3285
f 1453/3325/3286 1226/3326/3287 1454/3327/3288
f 1454/3327/3288 1226/3326/3287 1225/3328/3289
f 1294/3329/3290 1453/3330/3291 1295/3331/3292
f 1295/3331/3292 1453/3330/3291 1454/3332/3293
f 1225/3333/3294 1296/3334/3295 1454/3335/3296
f 1454/3335/3296 1296/3334/3295 1295/3336/3297
f 1226/3337/3298 1453/3338/3299 1293/3339/3300
f 1293/3339/3300 1453/3338/3299 1294/3340/3301
f 1226/3341/3302 1293/3342/3303 1166/3343/3304
f 1166/3343/3304 1293/3342/3303 1292/3344/3305
f 1166/3345/3306 1292/3346/3307 1167/3347/3308
f 1167/3347/3308 1292/3346/3307 1291/3348/3309
f 1227/3349/3310 1281/3350/3311 1462/3351/3312
f 1462/3351/3312 1281/3350/3311 1461/3352/3313
f 1461/3352/3313 1281/3350/3311 1460/3353/3314
f 1460/3353/3314 1281/3350/3311 1282/3354/3315
f 1460/3353/3314 1282/3354/3315 1459/3355/3316
f 1459/3355/3316 1282/3354/3315 1455/3356/3317
f 1459/3355/3316 1455/3356/3317 1458/3357/3318
f 1458/3357/3318 1455/3356/3317 1277/3358/3319
f 1458/3357/3318 1277/3358/3319 1456/3359/3320
f 1290/3360/3321 1278/3361/3322 1455/3356/3317
f 1455/3356/3317 1278/3361/3322 1277/3358/3319
f 1456/3359/3320 1457/3362/3323 1458/3357/3318
f 1202/3363/3324 1341/3364/3325 1203/3365/3326
f 1203/3365/3326 1341/3364/3325 1340/3366/3327
f 1462/3367/3328 1463/3368/3329 1227/3369/3330
f 1227/3369/3330 1463/3368/3329 1169/3370/3331
f 1227/3369/3330 1169/3370/3331 1168/3371/3332
f 1464/3372/3333 1463/3373/3334 1461/3374/3335
f 1461/3374/3335 1463/3373/3334 1462/3375/3336
f 1465/3376/3337 1464/3377/3338 1460/3378/3339
f 1460/3378/3339 1464/3377/3338 1461/3379/3340
f 1466/3380/3341 1465/3381/3342 1459/3382/3343
f 1459/3382/3343 1465/3381/3342 1460/3383/3344
f 1254/3384/3345 1253/3385/3346 1467/3386/3347
f 1467/3386/3347 1253/3385/3346 1276/3387/3348
f 1467/3386/3347 1276/3387/3348 1275/3388/3349
f 1275/3388/3349 1274/3389/3350 1467/3386/3347
f 1467/3386/3347 1274/3389/3350 1273/3390/3351
f 1467/3386/3347 1273/3390/3351 1272/3391/3352
f 1272/3391/3352 1271/3392/3353 1467/3386/3347
f 1467/3386/3347 1271/3392/3353 1458/3393/3354
f 1458/3393/3354 1271/3392/3353 1270/3394/3355
f 1458/3393/3354 1270/3394/3355 1269/3395/3356
f 1269/3395/3356 1268/3396/3357 1458/3393/3354
f 1458/3393/3354 1268/3396/3357 1267/3397/3358
f 1458/3393/3354 1267/3397/3358 1266/3398/3359
f 1266/3398/3359 1265/3399/3360 1458/3393/3354
f 1458/3393/3354 1265/3399/3360 1264/3400/3361
f 1458/3393/3354 1264/3400/3361 1263/3401/3362
f 1263/3401/3362 1262/3402/3363 1458/3393/3354
f 1458/3393/3354 1262/3402/3363 1261/3403/3364
f 1458/3393/3354 1261/3403/3364 1459/3404/3365
f 1459/3404/3365 1261/3403/3364 1260/3405/3366
f 1459/3404/3365 1260/3405/3366 1466/3406/3367
f 1466/3406/3367 1260/3405/3366 1259/3407/3368
f 1466/3406/3367 1259/3407/3368 1258/3408/3369
f 1258/3408/3369 1257/3409/3370 1466/3406/3367
f 1466/3406/3367 1257/3409/3370 1256/3410/3371
f 1466/3406/3367 1256/3410/3371 1255/3411/3372
f 1255/3411/3372 1254/3384/3345 1466/3406/3367
f 1466/3406/3367 1254/3384/3345 1467/3386/3347
f 1468/3412/3373 1467/3413/3374 1457/3414/3375
f 1457/3414/3375 1467/3413/3374 1458/3415/3376
f 1469/3416/3377 1468/3417/3378 1456/3418/3379
f 1456/3418/3379 1468/3417/3378 1457/3419/3380
f 1229/3420/3381 1469/3421/3382 1230/3422/3383
f 1230/3422/3383 1469/3421/3382 1456/3423/3384
f 1230/3422/3383 1456/3423/3384 1277/3424/3385
f 1228/3425/3386 1280/3426/3387 1229/3420/3381
f 1229/3420/3381 1280/3426/3387 1469/3421/3382
f 1469/3427/3388 1280/3428/3389 1467/3429/3390
f 1467/3429/3390 1280/3428/3389 1279/3430/3391
f 1467/3429/3390 1279/3430/3391 1466/3431/3392
f 1466/3431/3392 1279/3430/3391 1289/3432/3393
f 1466/3431/3392 1289/3432/3393 1465/3433/3394
f 1465/3433/3394 1289/3432/3393 1170/3434/3395
f 1465/3433/3394 1170/3434/3395 1464/3435/3396
f 1464/3435/3396 1170/3434/3395 1463/3436/3397
f 1463/3436/3397 1170/3434/3395 1169/3437/3398
f 1467/3429/3390 1468/3438/3399 1469/3427/3388
f 1159/3439/3400 1165/3440/3401 1282/3441/3402
f 1282/3441/3402 1165/3440/3401 1455/3442/3403
f 1455/3443/3404 1165/3444/3405 1290/3445/3406
f 1290/3445/3406 1165/3444/3405 1164/3446/3407
f 1290/3445/3406 1164/3446/3407 1167/3447/3408
f 1167/3447/3408 1291/3448/3409 1290/3445/3406
g Corpo12

v 6.121000 11.599726 2.491758
v 6.121000 11.971154 1.191758
v 13.321000 11.971154 1.191758
v 13.321000 11.599726 2.491758
v 13.321000 11.628572 2.500000
v 6.121000 11.628572 2.500000
v 13.321000 12.000000 1.200000
v 13.321000 12.015086 1.220000
v 13.321000 11.649372 2.500000
v 6.121000 12.000000 1.200000
v 6.121000 11.649372 2.500000
v 6.121000 12.015086 1.220000
vt -0.000000 0.000000 0.000000
vt 1.352020 0.000000 0.000000
vt -0.000000 7.200000 0.000000
vt 1.352020 7.200000 0.000000
vt 0.030000 7.200000 0.000000
vt 0.000000 7.200000 0.000000
vt 0.030000 0.000000 0.000000
vt 0.000000 0.000000 0.000000
vt -0.659615 -0.159604 0.000000
vt 0.640385 0.211825 0.000000
vt -0.667857 -0.130758 0.000000
vt -0.667857 -0.109958 0.000000
vt 0.612143 0.255756 0.000000
vt 0.632143 0.240670 0.000000
vt 0.100000 0.000000 0.000000
vt 0.130000 0.000000 0.000000
vt 0.100000 7.200000 0.000000
vt 0.130000 7.200000 0.000000
vt 0.000000 0.000000 0.000000
vt 0.020800 0.000000 0.000000
vt 0.000000 7.200000 0.000000
vt 0.020800 7.200000 0.000000
vt 0.000000 0.000000 0.000000
vt 1.331220 0.000000 0.000000
vt 0.000000 7.200000 0.000000
vt 1.331220 7.200000 0.000000
vt 0.000000 0.000000 0.000000
vt 0.025052 0.000000 0.000000
vt 0.000000 7.200000 0.000000
vt 0.025052 7.200000 0.000000
vt 0.159604 0.659615 0.000000
vt 0.130758 0.667857 0.000000
vt -0.211825 -0.640385 0.000000
vt 0.109958 0.667857 0.000000
vt -0.255756 -0.612143 0.000000
vt -0.240670 -0.632143 0.000000
vn -0.000000 -0.961524 -0.274721
vn -0.000000 -0.961524 -0.274721
vn -0.000000 -0.961524 -0.274721
vn -0.000000 -0.961524 -0.274721
vn 0.000000 -0.274721 0.961524
vn 0.000000 -0.274721 0.961524
vn 0.000000 -0.274721 0.961524
vn 0.000000 -0.274721 0.961524
vn 1.000000 0.000000 0.000000
vn 1.000000 0.000000 0.000000
vn 1.000000 0.000000 0.000000
vn 1.000000 0.000000 0.000000
vn 1.000000 0.000000 0.000000
vn 1.000000 0.000000 0.000000
vn 0.000000 0.274721 -0.961524
vn 0.000000 0.274721 -0.961524
vn 0.000000 0.274721 -0.961524
vn 0.000000 0.274721 -0.961524
vn -0.000000 0.000000 1.000000
vn -0.000000 0.000000 1.000000
vn -0.000000 0.000000 1.000000
vn -0.000000 0.000000 1.000000
vn -0.000000 0.961524 0.274721
vn -0.000000 0.961524 0.274721
vn -0.000000 0.961524 0.274721
vn -0.000000 0.961524 0.274721
vn 0.000000 0.798349 -0.602196
vn 0.000000 0.798349 -0.602196
vn 0.000000 0.798349 -0.602196
vn 0.000000 0.798349 -0.602196
vn -1.000000 -0.000000 -0.000000
vn -1.000000 -0.000000 -0.000000
vn -1.000000 -0.000000 -0.000000
vn -1.000000 -0.000000 -0.000000
vn -1.000000 -0.000000 -0.000000
vn -1.000000 -0.000000 -0.000000
usemtl Acciaio_-_Satinato
f 1470/3449/3410 1471/3450/3411 1473/3451/3412
f 1473/3451/3412 1471/3450/3411 1472/3452/3413
f 1473/3453/3414 1474/3454/3415 1470/3455/3416
f 1470/3455/3416 1474/3454/3415 1475/3456/3417
f 1473/3457/3418 1472/3458/3419 1474/3459/3420
f 1474/3459/3420 1472/3458/3419 1478/3460/3421
f 1478/3460/3421 1472/3458/3419 1477/3461/3422
f 1477/3461/3422 1472/3458/3419 1476/3462/3423
f 1471/3463/3424 1479/3464/3425 1472/3465/3426
f 1472/3465/3426 1479/3464/3425 1476/3466/3427
f 1480/3467/3428 1475/3468/3429 1478/3469/3430
f 1478/3469/3430 1475/3468/3429 1474/3470/3431
f 1481/3471/3432 1480/3472/3433 1477/3473/3434
f 1477/3473/3434 1480/3472/3433 1478/3474/3435
f 1479/3475/3436 1481/3476/3437 1476/3477/3438
f 1476/3477/3438 1481/3476/3437 1477/3478/3439
f 1470/3479/3440 1475/3480/3441 1471/3481/3442
f 1471/3481/3442 1475/3480/3441 1480/3482/3443
f 1471/3481/3442 1480/3482/3443 1481/3483/3444
f 1481/3483/3444 1479/3484/3445 1471/3481/3442
g piedino (4) (1)

v 16.746600 5.262100 -0.165000
v 16.743084 5.216305 -0.165000
v 16.732619 5.171584 -0.165000
v 16.715450 5.128984 -0.165000
v 16.691979 5.089504 -0.165000
v 16.662756 5.054070 -0.165000
v 16.628468 5.023512 -0.165000
v 16.589916 4.998546 -0.165000
v 16.548005 4.979758 -0.165000
v 16.503717 4.967588 -0.165000
v 16.458091 4.962320 -0.165000
v 16.412195 4.964079 -0.165000
v 16.367106 4.972824 -0.165000
v 16.323879 4.988349 -0.165000
v 16.283530 5.010290 -0.165000
v 16.247002 5.038134 -0.165000
v 16.215153 5.071227 -0.165000
v 16.188729 5.108794 -0.165000
v 16.168349 5.149955 -0.165000
v 16.154491 5.193744 -0.165000
v 16.147480 5.239135 -0.165000
v 16.147480 5.285065 -0.165000
v 16.154491 5.330456 -0.165000
v 16.168349 5.374245 -0.165000
v 16.188729 5.415406 -0.165000
v 16.215153 5.452973 -0.165000
v 16.247002 5.486066 -0.165000
v 16.283530 5.513910 -0.165000
v 16.323879 5.535851 -0.165000
v 16.367106 5.551376 -0.165000
v 16.412195 5.560121 -0.165000
v 16.458091 5.561880 -0.165000
v 16.503717 5.556612 -0.165000
v 16.548005 5.544442 -0.165000
v 16.589916 5.525654 -0.165000
v 16.628468 5.500688 -0.165000
v 16.662756 5.470130 -0.165000
v 16.691979 5.434696 -0.165000
v 16.715450 5.395216 -0.165000
v 16.732619 5.352616 -0.165000
v 16.743084 5.307895 -0.165000
v 16.746600 5.262100 -0.465000
v 16.743084 5.307895 -0.465000
v 16.732619 5.352616 -0.465000
v 16.715450 5.395216 -0.465000
v 16.691979 5.434696 -0.465000
v 16.662756 5.470130 -0.465000
v 16.628468 5.500688 -0.465000
v 16.589916 5.525654 -0.465000
v 16.548005 5.544442 -0.465000
v 16.503717 5.556612 -0.465000
v 16.458091 5.561880 -0.465000
v 16.412195 5.560121 -0.465000
v 16.367106 5.551376 -0.465000
v 16.323879 5.535851 -0.465000
v 16.283530 5.513910 -0.465000
v 16.247002 5.486066 -0.465000
v 16.215153 5.452973 -0.465000
v 16.188729 5.415406 -0.465000
v 16.168349 5.374245 -0.465000
v 16.154491 5.330456 -0.465000
v 16.147480 5.285065 -0.465000
v 16.147480 5.239135 -0.465000
v 16.154491 5.193744 -0.465000
v 16.168349 5.149955 -0.465000
v 16.188729 5.108794 -0.465000
v 16.215153 5.071227 -0.465000
v 16.247002 5.038134 -0.465000
v 16.283530 5.010290 -0.465000
v 16.323879 4.988349 -0.465000
v 16.367106 4.972824 -0.465000
v 16.412195 4.964079 -0.465000
v 16.458091 4.962320 -0.465000
v 16.503717 4.967588 -0.465000
v 16.548005 4.979758 -0.465000
v 16.589916 4.998546 -0.465000
v 16.628468 5.023512 -0.465000
v 16.662756 5.054070 -0.465000
v 16.691979 5.089504 -0.465000
v 16.715450 5.128984 -0.465000
v 16.732619 5.171584 -0.465000
v 16.743084 5.216305 -0.465000
vt -0.300000 0.896503 0.000000
vt -0.000000 0.896503 0.000000
vt -0.300000 0.942478 0.000000
vt -0.000000 0.942478 0.000000
vt -0.300000 -0.942478 0.000000
vt -0.000000 -0.942478 0.000000
vt -0.300000 -0.896503 0.000000
vt -0.000000 -0.896503 0.000000
vt -0.300000 -0.850529 0.000000
vt -0.000000 -0.850529 0.000000
vt -0.300000 -0.804554 0.000000
vt -0.000000 -0.804554 0.000000
vt -0.300000 -0.758580 0.000000
vt -0.000000 -0.758580 0.000000
vt -0.300000 -0.712605 0.000000
vt -0.000000 -0.712605 0.000000
vt -0.300000 -0.666631 0.000000
vt -0.000000 -0.666631 0.000000
vt -0.300000 -0.620656 0.000000
vt -0.000000 -0.620656 0.000000
vt -0.300000 -0.574682 0.000000
vt -0.000000 -0.574682 0.000000
vt -0.300000 -0.528707 0.000000
vt -0.000000 -0.528707 0.000000
vt -0.300000 -0.482733 0.000000
vt -0.000000 -0.482733 0.000000
vt -0.300000 -0.436758 0.000000
vt -0.000000 -0.436758 0.000000
vt -0.300000 -0.390783 0.000000
vt -0.000000 -0.390783 0.000000
vt -0.300000 -0.344809 0.000000
vt -0.000000 -0.344809 0.000000
vt -0.300000 -0.298834 0.000000
vt -0.000000 -0.298834 0.000000
vt -0.300000 -0.252860 0.000000
vt -0.000000 -0.252860 0.000000
vt -0.300000 -0.206885 0.000000
vt -0.000000 -0.206885 0.000000
vt -0.300000 -0.160911 0.000000
vt -0.000000 -0.160911 0.000000
vt -0.300000 -0.114936 0.000000
vt -0.000000 -0.114936 0.000000
vt -0.300000 -0.068962 0.000000
vt -0.000000 -0.068962 0.000000
vt -0.300000 -0.022987 0.000000
vt -0.000000 -0.022987 0.000000
vt -0.300000 0.022987 0.000000
vt -0.000000 0.022987 0.000000
vt -0.300000 0.068962 0.000000
vt -0.000000 0.068962 0.000000
vt -0.300000 0.114936 0.000000
vt -0.000000 0.114936 0.000000
vt -0.300000 0.160911 0.000000
vt -0.000000 0.160911 0.000000
vt -0.300000 0.206885 0.000000
vt -0.000000 0.206885 0.000000
vt -0.300000 0.252860 0.000000
vt -0.000000 0.252860 0.000000
vt -0.300000 0.298834 0.000000
vt -0.000000 0.298834 0.000000
vt -0.300000 0.344809 0.000000
vt -0.000000 0.344809 0.000000
vt -0.300000 0.390783 0.000000
vt -0.000000 0.390783 0.000000
vt -0.300000 0.436758 0.000000
vt -0.000000 0.436758 0.000000
vt -0.300000 0.482733 0.000000
vt -0.000000 0.482733 0.000000
vt -0.300000 0.528707 0.000000
vt -0.000000 0.528707 0.000000
vt -0.300000 0.574682 0.000000
vt -0.000000 0.574682 0.000000
vt -0.300000 0.620656 0.000000
vt -0.000000 0.620656 0.000000
vt -0.300000 0.666631 0.000000
vt -0.000000 0.666631 0.000000
vt -0.300000 0.712605 0.000000
vt -0.000000 0.712605 0.000000
vt -0.300000 0.758580 0.000000
vt -0.000000 0.758580 0.000000
vt -0.300000 0.804554 0.000000
vt -0.000000 0.804554 0.000000
vt -0.300000 0.850529 0.000000
vt -0.000000 0.850529 0.000000
vt -0.296484 0.045795 0.000000
vt -0.300000 0.000000 0.000000
vt 0.257871 -0.153306 0.000000
vt -0.296484 -0.045795 0.000000
vt -0.286019 -0.090516 0.000000
vt -0.268850 -0.133116 0.000000
vt -0.245379 -0.172596 0.000000
vt 0.231447 -0.190873 0.000000
vt -0.216156 -0.208030 0.000000
vt 0.199598 -0.223966 0.000000
vt -0.181868 -0.238588 0.000000
vt 0.163070 -0.251810 0.000000
vt -0.143316 -0.263554 0.000000
vt 0.122721 -0.273751 0.000000
vt -0.101405 -0.282342 0.000000
vt 0.079494 -0.289276 0.000000
vt -0.057117 -0.294512 0.000000
vt 0.034405 -0.298021 0.000000
vt -0.011491 -0.299780 0.000000
vt 0.278251 -0.112145 0.000000
vt 0.034405 0.298021 0.000000
vt -0.011491 0.299780 0.000000
vt -0.057117 0.294512 0.000000
vt 0.292109 -0.068356 0.000000
vt 0.278251 0.112145 0.000000
vt 0.257871 0.153306 0.000000
vt 0.231447 0.190873 0.000000
vt 0.292109 0.068356 0.000000
vt 0.299120 -0.022965 0.000000
vt 0.299120 0.022965 0.000000
vt 0.199598 0.223966 0.000000
vt 0.163070 0.251810 0.000000
vt 0.122721 0.273751 0.000000
vt 0.079494 0.289276 0.000000
vt -0.101405 0.282342 0.000000
vt -0.143316 0.263554 0.000000
vt -0.181868 0.238588 0.000000
vt -0.216156 0.208030 0.000000
vt -0.245379 0.172596 0.000000
vt -0.268850 0.133116 0.000000
vt -0.286019 0.090516 0.000000
vt 0.296484 -0.045795 0.000000
vt 0.300000 0.000000 0.000000
vt -0.257871 -0.153306 0.000000
vt 0.296484 0.045795 0.000000
vt 0.286019 0.090516 0.000000
vt 0.268850 0.133116 0.000000
vt 0.245379 0.172596 0.000000
vt 0.216156 0.208030 0.000000
vt 0.181868 0.238588 0.000000
vt 0.143316 0.263554 0.000000
vt 0.101405 0.282342 0.000000
vt 0.057117 0.294512 0.000000
vt 0.011491 0.299780 0.000000
vt -0.034405 0.298021 0.000000
vt -0.278251 -0.112145 0.000000
vt -0.079494 0.289276 0.000000
vt -0.122721 0.273751 0.000000
vt -0.163070 0.251810 0.000000
vt -0.199598 0.223966 0.000000
vt -0.231447 0.190873 0.000000
vt -0.257871 0.153306 0.000000
vt -0.278251 0.112145 0.000000
vt -0.292109 -0.068356 0.000000
vt -0.292109 0.068356 0.000000
vt -0.299120 -0.022965 0.000000
vt -0.299120 0.022965 0.000000
vt -0.231447 -0.190873 0.000000
vt 0.245379 -0.172596 0.000000
vt 0.268850 -0.133116 0.000000
vt 0.286019 -0.090516 0.000000
vt 0.216156 -0.208030 0.000000
vt -0.199598 -0.223966 0.000000
vt 0.181868 -0.238588 0.000000
vt -0.163070 -0.251810 0.000000
vt 0.143316 -0.263554 0.000000
vt -0.122721 -0.273751 0.000000
vt 0.101405 -0.282342 0.000000
vt -0.079494 -0.289276 0.000000
vt 0.057117 -0.294512 0.000000
vt -0.034405 -0.298021 0.000000
vt 0.011491 -0.299780 0.000000
vn 0.988280 -0.152649 -0.000000
vn 0.988280 -0.152649 -0.000000
vn 1.000000 -0.000000 -0.000000
vn 1.000000 -0.000000 -0.000000
vn 0.988280 0.152649 -0.000000
vn 0.988280 0.152649 -0.000000
vn 0.953396 0.301721 -0.000000
vn 0.953396 0.301721 -0.000000
vn 0.896166 0.443720 -0.000000
vn 0.896166 0.443720 -0.000000
vn 0.817929 0.575319 -0.000000
vn 0.817929 0.575319 -0.000000
vn 0.720522 0.693433 -0.000000
vn 0.720522 0.693433 -0.000000
vn 0.606225 0.795293 -0.000000
vn 0.606225 0.795293 -0.000000
vn 0.477720 0.878512 -0.000000
vn 0.477720 0.878512 -0.000000
vn 0.338017 0.941140 -0.000000
vn 0.338017 0.941140 -0.000000
vn 0.190391 0.981708 -0.000000
vn 0.190391 0.981708 -0.000000
vn 0.038303 0.999266 -0.000000
vn 0.038303 0.999266 -0.000000
vn -0.114683 0.993402 -0.000000
vn -0.114683 0.993402 -0.000000
vn -0.264982 0.964253 -0.000000
vn -0.264982 0.964253 -0.000000
vn -0.409069 0.912504 -0.000000
vn -0.409069 0.912504 -0.000000
vn -0.543568 0.839365 -0.000000
vn -0.543568 0.839365 -0.000000
vn -0.665326 0.746553 -0.000000
vn -0.665326 0.746553 -0.000000
vn -0.771489 0.636242 -0.000000
vn -0.771489 0.636242 -0.000000
vn -0.859570 0.511019 -0.000000
vn -0.859570 0.511019 -0.000000
vn -0.927502 0.373817 -0.000000
vn -0.927502 0.373817 -0.000000
vn -0.973695 0.227854 -0.000000
vn -0.973695 0.227854 -0.000000
vn -0.997066 0.076549 -0.000000
vn -0.997066 0.076549 -0.000000
vn -0.997066 -0.076549 0.000000
vn -0.997066 -0.076549 0.000000
vn -0.973695 -0.227854 0.000000
vn -0.973695 -0.227854 0.000000
vn -0.927502 -0.373817 0.000000
vn -0.927502 -0.373817 0.000000
vn -0.859570 -0.511019 0.000000
vn -0.859570 -0.511019 0.000000
vn -0.771489 -0.636242 0.000000
vn -0.771489 -0.636242 0.000000
vn -0.665326 -0.746553 0.000000
vn -0.665326 -0.746553 0.000000
vn -0.543568 -0.839365 0.000000
vn -0.543568 -0.839365 0.000000
vn -0.409069 -0.912504 0.000000
vn -0.409069 -0.912504 0.000000
vn -0.264982 -0.964253 0.000000
vn -0.264982 -0.964253 0.000000
vn -0.114683 -0.993402 0.000000
vn -0.114683 -0.993402 0.000000
vn 0.038303 -0.999266 -0.000000
vn 0.038303 -0.999266 -0.000000
vn 0.190391 -0.981708 -0.000000
vn 0.190391 -0.981708 -0.000000
vn 0.338017 -0.941140 -0.000000
vn 0.338017 -0.941140 -0.000000
vn 0.477720 -0.878512 -0.000000
vn 0.477720 -0.878512 -0.000000
vn 0.606225 -0.795293 -0.000000
vn 0.606225 -0.795293 -0.000000
vn 0.720522 -0.693433 -0.000000
vn 0.720522 -0.693433 -0.000000
vn 0.817929 -0.575319 -0.000000
vn 0.817929 -0.575319 -0.000000
vn 0.896166 -0.443720 -0.000000
vn 0.896166 -0.443720 -0.000000
vn 0.953396 -0.301721 -0.000000
vn 0.953396 -0.301721 -0.000000
vn 0.000000 0.000000 1.000000
vn 0.000000 0.000000 1.000000
vn 0.000000 0.000000 1.000000
vn 0.000000 0.000000 1.000000
vn 0.000000 0.000000 1.000000
vn 0.000000 0.000000 1.000000
vn 0.000000 0.000000 1.000000
vn 0.000000 0.000000 1.000000
vn 0.000000 0.000000 1.000000
vn 0.000000 0.000000 1.000000
vn 0.000000 0.000000 1.000000
vn 0.000000 0.000000 1.000000
vn 0.000000 0.000000 1.000000
vn 0.000000 0.000000 1.000000
vn 0.000000 0.000000 1.000000
vn 0.000000 0.000000 1.000000
vn 0.000000 0.000000 1.000000
vn 0.000000 0.000000 1.000000
vn 0.000000 0.000000 1.000000
vn 0.000000 0.000000 1.000000
vn 0.000000 0.000000 1.000000
vn 0.000000 0.000000 1.000000
vn 0.000000 0.000000 1.000000
vn 0.000000 0.000000 1.000000
vn 0.000000 0.000000 1.000000
vn 0.000000 0.000000 1.000000
vn 0.000000 0.000000 1.000000
vn 0.000000 0.000000 1.000000
vn 0.000000 0.000000 1.000000
vn 0.000000 0.000000 1.000000
vn 0.000000 0.000000 1.000000
vn 0.000000 0.000000 1.000000
vn 0.000000 0.000000 1.000000
vn 0.000000 0.000000 1.000000
vn 0.000000 0.000000 1.000000
vn 0.000000 0.000000 1.000000
vn 0.000000 0.000000 1.000000
vn 0.000000 0.000000 1.000000
vn 0.000000 0.000000 1.000000
vn 0.000000 0.000000 1.000000
vn 0.000000 0.000000 1.000000
vn -0.000000 -0.000000 -1.000000
vn -0.000000 -0.000000 -1.000000
vn -0.000000 -0.000000 -1.000000
vn -0.000000 -0.000000 -1.000000
vn -0.000000 -0.000000 -1.000000
vn -0.000000 -0.000000 -1.000000
vn -0.000000 -0.000000 -1.000000
vn -0.000000 -0.000000 -1.000000
vn -0.000000 -0.000000 -1.000000
vn -0.000000 -0.000000 -1.000000
vn -0.000000 -0.000000 -1.000000
vn -0.000000 -0.000000 -1.000000
vn -0.000000 -0.000000 -1.000000
vn -0.000000 -0.000000 -1.000000
vn -0.000000 -0.000000 -1.000000
vn -0.000000 -0.000000 -1.000000
vn -0.000000 -0.000000 -1.000000
vn -0.000000 -0.000000 -1.000000
vn -0.000000 -0.000000 -1.000000
vn -0.000000 -0.000000 -1.000000
vn -0.000000 -0.000000 -1.000000
vn -0.000000 -0.000000 -1.000000
vn -0.000000 -0.000000 -1.000000
vn -0.000000 -0.000000 -1.000000
vn -0.000000 -0.000000 -1.000000
vn -0.000000 -0.000000 -1.000000
vn -0.000000 -0.000000 -1.000000
vn -0.000000 -0.000000 -1.000000
vn -0.000000 -0.000000 -1.000000
vn -0.000000 -0.000000 -1.000000
vn -0.000000 -0.000000 -1.000000
vn -0.000000 -0.000000 -1.000000
vn -0.000000 -0.000000 -1.000000
vn -0.000000 -0.000000 -1.000000
vn -0.000000 -0.000000 -1.000000
vn -0.000000 -0.000000 -1.000000
vn -0.000000 -0.000000 -1.000000
vn -0.000000 -0.000000 -1.000000
vn -0.000000 -0.000000 -1.000000
vn -0.000000 -0.000000 -1.000000
vn -0.000000 -0.000000 -1.000000
f 1483/3485/3446 1563/3486/3447 1482/3487/3448
f 1482/3487/3448 1563/3486/3447 1523/3488/3449
f 1482/3489/3448 1523/3490/3449 1522/3491/3450
f 1522/3491/3450 1523/3490/3449 1524/3492/3451
f 1522/3491/3450 1524/3492/3451 1521/3493/3452
f 1521/3493/3452 1524/3492/3451 1525/3494/3453
f 1521/3493/3452 1525/3494/3453 1520/3495/3454
f 1520/3495/3454 1525/3494/3453 1526/3496/3455
f 1520/3495/3454 1526/3496/3455 1519/3497/3456
f 1519/3497/3456 1526/3496/3455 1527/3498/3457
f 1519/3497/3456 1527/3498/3457 1518/3499/3458
f 1518/3499/3458 1527/3498/3457 1528/3500/3459
f 1518/3499/3458 1528/3500/3459 1517/3501/3460
f 1517/3501/3460 1528/3500/3459 1529/3502/3461
f 1517/3501/3460 1529/3502/3461 1516/3503/3462
f 1516/3503/3462 1529/3502/3461 1530/3504/3463
f 1516/3503/3462 1530/3504/3463 1515/3505/3464
f 1515/3505/3464 1530/3504/3463 1531/3506/3465
f 1515/3505/3464 1531/3506/3465 1514/3507/3466
f 1514/3507/3466 1531/3506/3465 1532/3508/3467
f 1514/3507/3466 1532/3508/3467 1513/3509/3468
f 1513/3509/3468 1532/3508/3467 1533/3510/3469
f 1513/3509/3468 1533/3510/3469 1512/3511/3470
f 1512/3511/3470 1533/3510/3469 1534/3512/3471
f 1512/3511/3470 1534/3512/3471 1511/3513/3472
f 1511/3513/3472 1534/3512/3471 1535/3514/3473
f 1511/3513/3472 1535/3514/3473 1510/3515/3474
f 1510/3515/3474 1535/3514/3473 1536/3516/3475
f 1510/3515/3474 1536/3516/3475 1509/3517/3476
f 1509/3517/3476 1536/3516/3475 1537/3518/3477
f 1509/3517/3476 1537/3518/3477 1508/3519/3478
f 1508/3519/3478 1537/3518/3477 1538/3520/3479
f 1508/3519/3478 1538/3520/3479 1507/3521/3480
f 1507/3521/3480 1538/3520/3479 1539/3522/3481
f 1507/3521/3480 1539/3522/3481 1506/3523/3482
f 1506/3523/3482 1539/3522/3481 1540/3524/3483
f 1506/3523/3482 1540/3524/3483 1505/3525/3484
f 1505/3525/3484 1540/3524/3483 1541/3526/3485
f 1505/3525/3484 1541/3526/3485 1504/3527/3486
f 1504/3527/3486 1541/3526/3485 1542/3528/3487
f 1504/3527/3486 1542/3528/3487 1503/3529/3488
f 1503/3529/3488 1542/3528/3487 1543/3530/3489
f 1503/3529/3488 1543/3530/3489 1502/3531/3490
f 1502/3531/3490 1543/3530/3489 1544/3532/3491
f 1502/3531/3490 1544/3532/3491 1501/3533/3492
f 1501/3533/3492 1544/3532/3491 1545/3534/3493
f 1501/3533/3492 1545/3534/3493 1500/3535/3494
f 1500/3535/3494 1545/3534/3493 1546/3536/3495
f 1500/3535/3494 1546/3536/3495 1499/3537/3496
f 1499/3537/3496 1546/3536/3495 1547/3538/3497
f 1499/3537/3496 1547/3538/3497 1498/3539/3498
f 1498/3539/3498 1547/3538/3497 1548/3540/3499
f 1498/3539/3498 1548/3540/3499 1497/3541/3500
f 1497/3541/3500 1548/3540/3499 1549/3542/3501
f 1497/3541/3500 1549/3542/3501 1496/3543/3502
f 1496/3543/3502 1549/3542/3501 1550/3544/3503
f 1496/3543/3502 1550/3544/3503 1495/3545/3504
f 1495/3545/3504 1550/3544/3503 1551/3546/3505
f 1495/3545/3504 1551/3546/3505 1494/3547/3506
f 1494/3547/3506 1551/3546/3505 1552/3548/3507
f 1494/3547/3506 1552/3548/3507 1493/3549/3508
f 1493/3549/3508 1552/3548/3507 1553/3550/3509
f 1493/3549/3508 1553/3550/3509 1492/3551/3510
f 1492/3551/3510 1553/3550/3509 1554/3552/3511
f 1492/3551/3510 1554/3552/3511 1491/3553/3512
f 1491/3553/3512 1554/3552/3511 1555/3554/3513
f 1491/3553/3512 1555/3554/3513 1490/3555/3514
f 1490/3555/3514 1555/3554/3513 1556/3556/3515
f 1490/3555/3514 1556/3556/3515 1489/3557/3516
f 1489/3557/3516 1556/3556/3515 1557/3558/3517
f 1489/3557/3516 1557/3558/3517 1488/3559/3518
f 1488/3559/3518 1557/3558/3517 1558/3560/3519
f 1488/3559/3518 1558/3560/3519 1487/3561/3520
f 1487/3561/3520 1558/3560/3519 1559/3562/3521
f 1487/3561/3520 1559/3562/3521 1486/3563/3522
f 1486/3563/3522 1559/3562/3521 1560/3564/3523
f 1486/3563/3522 1560/3564/3523 1485/3565/3524
f 1485/3565/3524 1560/3564/3523 1561/3566/3525
f 1485/3565/3524 1561/3566/3525 1484/3567/3526
f 1484/3567/3526 1561/3566/3525 1562/3568/3527
f 1484/3567/3526 1562/3568/3527 1483/3485/3446
f 1483/3485/3446 1562/3568/3527 1563/3486/3447
f 1483/3569/3528 1482/3570/3529 1506/3571/3530
f 1506/3571/3530 1482/3570/3529 1522/3572/3531
f 1506/3571/3530 1522/3572/3531 1521/3573/3532
f 1521/3573/3532 1520/3574/3533 1506/3571/3530
f 1506/3571/3530 1520/3574/3533 1519/3575/3534
f 1506/3571/3530 1519/3575/3534 1507/3576/3535
f 1507/3576/3535 1519/3575/3534 1518/3577/3536
f 1507/3576/3535 1518/3577/3536 1508/3578/3537
f 1508/3578/3537 1518/3577/3536 1517/3579/3538
f 1508/3578/3537 1517/3579/3538 1509/3580/3539
f 1509/3580/3539 1517/3579/3538 1516/3581/3540
f 1509/3580/3539 1516/3581/3540 1510/3582/3541
f 1510/3582/3541 1516/3581/3540 1515/3583/3542
f 1510/3582/3541 1515/3583/3542 1511/3584/3543
f 1511/3584/3543 1515/3583/3542 1514/3585/3544
f 1511/3584/3543 1514/3585/3544 1512/3586/3545
f 1512/3586/3545 1514/3585/3544 1513/3587/3546
f 1505/3588/3547 1493/3589/3548 1506/3571/3530
f 1506/3571/3530 1493/3589/3548 1492/3590/3549
f 1506/3571/3530 1492/3590/3549 1491/3591/3550
f 1504/3592/3551 1500/3593/3552 1505/3588/3547
f 1505/3588/3547 1500/3593/3552 1499/3594/3553
f 1505/3588/3547 1499/3594/3553 1498/3595/3554
f 1500/3593/3552 1504/3592/3551 1501/3596/3555
f 1501/3596/3555 1504/3592/3551 1503/3597/3556
f 1501/3596/3555 1503/3597/3556 1502/3598/3557
f 1498/3595/3554 1497/3599/3558 1505/3588/3547
f 1505/3588/3547 1497/3599/3558 1496/3600/3559
f 1505/3588/3547 1496/3600/3559 1495/3601/3560
f 1495/3601/3560 1494/3602/3561 1505/3588/3547
f 1505/3588/3547 1494/3602/3561 1493/3589/3548
f 1491/3591/3550 1490/3603/3562 1506/3571/3530
f 1506/3571/3530 1490/3603/3562 1489/3604/3563
f 1506/3571/3530 1489/3604/3563 1488/3605/3564
f 1488/3605/3564 1487/3606/3565 1506/3571/3530
f 1506/3571/3530 1487/3606/3565 1486/3607/3566
f 1506/3571/3530 1486/3607/3566 1485/3608/3567
f 1485/3608/3567 1484/3609/3568 1506/3571/3530
f 1506/3571/3530 1484/3609/3568 1483/3569/3528
f 1524/3610/3569 1523/3611/3570 1540/3612/3571
f 1540/3612/3571 1523/3611/3570 1563/3613/3572
f 1540/3612/3571 1563/3613/3572 1562/3614/3573
f 1562/3614/3573 1561/3615/3574 1540/3612/3571
f 1540/3612/3571 1561/3615/3574 1560/3616/3575
f 1540/3612/3571 1560/3616/3575 1559/3617/3576
f 1559/3617/3576 1558/3618/3577 1540/3612/3571
f 1540/3612/3571 1558/3618/3577 1557/3619/3578
f 1540/3612/3571 1557/3619/3578 1556/3620/3579
f 1556/3620/3579 1555/3621/3580 1540/3612/3571
f 1540/3612/3571 1555/3621/3580 1554/3622/3581
f 1540/3612/3571 1554/3622/3581 1553/3623/3582
f 1540/3612/3571 1553/3623/3582 1541/3624/3583
f 1541/3624/3583 1553/3623/3582 1552/3625/3584
f 1541/3624/3583 1552/3625/3584 1551/3626/3585
f 1551/3626/3585 1550/3627/3586 1541/3624/3583
f 1541/3624/3583 1550/3627/3586 1549/3628/3587
f 1541/3624/3583 1549/3628/3587 1548/3629/3588
f 1548/3629/3588 1547/3630/3589 1541/3624/3583
f 1541/3624/3583 1547/3630/3589 1546/3631/3590
f 1541/3624/3583 1546/3631/3590 1542/3632/3591
f 1542/3632/3591 1546/3631/3590 1545/3633/3592
f 1542/3632/3591 1545/3633/3592 1543/3634/3593
f 1543/3634/3593 1545/3633/3592 1544/3635/3594
f 1539/3636/3595 1527/3637/3596 1540/3612/3571
f 1540/3612/3571 1527/3637/3596 1526/3638/3597
f 1540/3612/3571 1526/3638/3597 1525/3639/3598
f 1527/3637/3596 1539/3636/3595 1528/3640/3599
f 1528/3640/3599 1539/3636/3595 1538/3641/3600
f 1528/3640/3599 1538/3641/3600 1529/3642/3601
f 1529/3642/3601 1538/3641/3600 1537/3643/3602
f 1529/3642/3601 1537/3643/3602 1530/3644/3603
f 1530/3644/3603 1537/3643/3602 1536/3645/3604
f 1530/3644/3603 1536/3645/3604 1531/3646/3605
f 1531/3646/3605 1536/3645/3604 1535/3647/3606
f 1531/3646/3605 1535/3647/3606 1532/3648/3607
f 1532/3648/3607 1535/3647/3606 1534/3649/3608
f 1532/3648/3607 1534/3649/3608 1533/3650/3609
f 1525/3639/3598 1524/3610/3569 1540/3612/3571
g Corpo90

v 6.614627 5.255907 1.815046
v 6.610647 5.223164 1.814309
v 6.600131 5.190865 1.813601
v 6.583359 5.161349 1.812976
v 6.561896 5.136393 1.812471
v 6.535846 5.116001 1.812087
v 6.505510 5.100599 1.811833
v 6.472786 5.091617 1.811738
v 6.440063 5.089177 1.811795
v 6.407093 5.093209 1.812003
v 6.374743 5.103817 1.812363
v 6.345318 5.120599 1.812854
v 6.320539 5.141970 1.813435
v 6.300040 5.168200 1.814110
v 6.284699 5.198568 1.814861
v 6.275785 5.231188 1.815637
v 6.273383 5.263782 1.816387
v 6.277433 5.296814 1.817122
v 6.288039 5.329101 1.817815
v 6.304789 5.358463 1.818419
v 6.326146 5.383239 1.818903
v 6.352302 5.403692 1.819273
v 6.382587 5.419036 1.819515
v 6.415216 5.427980 1.819606
v 6.447922 5.430425 1.819552
v 6.480767 5.426416 1.819353
v 6.513022 5.415891 1.819010
v 6.542469 5.399143 1.818536
v 6.567414 5.377689 1.817971
v 6.587754 5.351712 1.817316
v 6.603140 5.321470 1.816580
v 6.612148 5.288768 1.815806
v 6.190581 5.255907 1.899000
v 6.199236 5.190167 1.899000
v 6.224610 5.128907 1.899000
v 6.264976 5.076302 1.899000
v 6.317581 5.035936 1.899000
v 6.378841 5.010562 1.899000
v 6.444581 5.001907 1.899000
v 6.510321 5.010562 1.899000
v 6.571581 5.035936 1.899000
v 6.624186 5.076302 1.899000
v 6.664551 5.128907 1.899000
v 6.689926 5.190167 1.899000
v 6.698581 5.255907 1.899000
v 6.689926 5.321647 1.899000
v 6.664551 5.382907 1.899000
v 6.624186 5.435512 1.899000
v 6.571581 5.475877 1.899000
v 6.510321 5.501252 1.899000
v 6.444581 5.509907 1.899000
v 6.378841 5.501252 1.899000
v 6.317581 5.475877 1.899000
v 6.264976 5.435512 1.899000
v 6.224610 5.382907 1.899000
v 6.199236 5.321647 1.899000
v 6.614672 5.259800 -0.141000
v 6.608856 5.303973 -0.141000
v 6.591806 5.345136 -0.141000
v 6.564683 5.380483 -0.141000
v 6.529336 5.407606 -0.141000
v 6.488173 5.424656 -0.141000
v 6.444000 5.430471 -0.141000
v 6.399827 5.424656 -0.141000
v 6.358664 5.407606 -0.141000
v 6.323317 5.380483 -0.141000
v 6.296194 5.345136 -0.141000
v 6.279144 5.303973 -0.141000
v 6.273328 5.259800 -0.141000
v 6.279144 5.215627 -0.141000
v 6.296194 5.174464 -0.141000
v 6.323317 5.139117 -0.141000
v 6.358664 5.111994 -0.141000
v 6.399827 5.094944 -0.141000
v 6.444000 5.089128 -0.141000
v 6.488173 5.094944 -0.141000
v 6.529336 5.111994 -0.141000
v 6.564683 5.139117 -0.141000
v 6.591806 5.174464 -0.141000
v 6.608856 5.215627 -0.141000
v 6.746287 5.259800 -0.141000
v 6.737503 5.187458 -0.141000
v 6.711662 5.119320 -0.141000
v 6.670265 5.059346 -0.141000
v 6.615719 5.011022 -0.141000
v 6.551192 4.977157 -0.141000
v 6.480437 4.959717 -0.141000
v 6.407563 4.959717 -0.141000
v 6.336808 4.977157 -0.141000
v 6.272281 5.011022 -0.141000
v 6.217735 5.059346 -0.141000
v 6.176338 5.119320 -0.141000
v 6.150497 5.187458 -0.141000
v 6.141713 5.259800 -0.141000
v 6.150497 5.332142 -0.141000
v 6.176338 5.400280 -0.141000
v 6.217735 5.460253 -0.141000
v 6.272281 5.508577 -0.141000
v 6.336808 5.542443 -0.141000
v 6.407563 5.559883 -0.141000
v 6.480437 5.559883 -0.141000
v 6.551192 5.542443 -0.141000
v 6.615719 5.508577 -0.141000
v 6.670265 5.460253 -0.141000
v 6.711662 5.400280 -0.141000
v 6.737503 5.332142 -0.141000
v 6.614672 5.259800 0.839303
v 6.608856 5.215627 0.839303
v 6.608856 5.303973 0.839303
v 6.591806 5.345136 0.839303
v 6.564683 5.380483 0.839303
v 6.529336 5.407606 0.839303
v 6.488173 5.424656 0.839303
v 6.444000 5.430471 0.839303
v 6.399827 5.424656 0.839303
v 6.358664 5.407606 0.839303
v 6.323317 5.380483 0.839303
v 6.296194 5.345136 0.839303
v 6.279144 5.303973 0.839303
v 6.273328 5.259800 0.839303
v 6.279144 5.215627 0.839303
v 6.296194 5.174464 0.839303
v 6.323317 5.139117 0.839303
v 6.358664 5.111994 0.839303
v 6.399827 5.094944 0.839303
v 6.444000 5.089128 0.839303
v 6.488173 5.094944 0.839303
v 6.529336 5.111994 0.839303
v 6.564683 5.139117 0.839303
v 6.591806 5.174464 0.839303
v 6.746287 5.259800 1.899000
v 6.737503 5.187458 1.899000
v 6.711662 5.119320 1.899000
v 6.670265 5.059346 1.899000
v 6.615719 5.011022 1.899000
v 6.551192 4.977157 1.899000
v 6.480437 4.959717 1.899000
v 6.407563 4.959717 1.899000
v 6.336808 4.977157 1.899000
v 6.272281 5.011022 1.899000
v 6.217735 5.059346 1.899000
v 6.176338 5.119320 1.899000
v 6.150497 5.187458 1.899000
v 6.141713 5.259800 1.899000
v 6.150497 5.332142 1.899000
v 6.176338 5.400280 1.899000
v 6.217735 5.460253 1.899000
v 6.272281 5.508577 1.899000
v 6.336808 5.542443 1.899000
v 6.407563 5.559883 1.899000
v 6.480437 5.559883 1.899000
v 6.551192 5.542443 1.899000
v 6.615719 5.508577 1.899000
v 6.670265 5.460253 1.899000
v 6.711662 5.400280 1.899000
v 6.737503 5.332142 1.899000
v 6.746287 5.259800 0.879000
v 6.737503 5.332142 0.879000
v 6.711662 5.400280 0.879000
v 6.670265 5.460253 0.879000
v 6.615719 5.508577 0.879000
v 6.551192 5.542443 0.879000
v 6.480437 5.559883 0.879000
v 6.407563 5.559883 0.879000
v 6.336808 5.542443 0.879000
v 6.272281 5.508577 0.879000
v 6.217735 5.460253 0.879000
v 6.176338 5.400280 0.879000
v 6.150497 5.332142 0.879000
v 6.141713 5.259800 0.879000
v 6.150497 5.187458 0.879000
v 6.176338 5.119320 0.879000
v 6.217735 5.059346 0.879000
v 6.272281 5.011022 0.879000
v 6.336808 4.977157 0.879000
v 6.407563 4.959717 0.879000
v 6.480437 4.959717 0.879000
v 6.551192 4.977157 0.879000
v 6.615719 5.011022 0.879000
v 6.670265 5.059346 0.879000
v 6.711662 5.119320 0.879000
v 6.737503 5.187458 0.879000
vt 0.058998 -0.040736 0.000000
vt 0.060038 0.000000 0.000000
vt -0.058690 0.000000 0.000000
vt 0.061114 0.040950 0.000000
vt -0.058690 0.055072 0.000000
vt 0.062083 0.083312 0.000000
vt -0.058690 0.110143 0.000000
vt 0.062999 0.125817 0.000000
vt -0.058690 0.165215 0.000000
vt 0.063681 0.167167 0.000000
vt 0.064256 0.208839 0.000000
vt -0.058690 0.220286 0.000000
vt 0.064584 0.251784 0.000000
vt -0.058690 0.275358 0.000000
vt 0.064749 0.294663 0.000000
vt -0.058690 0.330429 0.000000
vt 0.064640 0.336128 0.000000
vt 0.064372 0.378067 0.000000
vt -0.058690 0.385501 0.000000
vt 0.063837 0.420981 0.000000
vt -0.058690 0.440572 0.000000
vt 0.063168 0.463570 0.000000
vt -0.058690 0.495644 0.000000
vt 0.062323 0.504570 0.000000
vt -0.058690 0.550715 0.000000
vt 0.061391 0.546129 0.000000
vt 0.060307 0.588423 0.000000
vt -0.058690 0.605787 0.000000
vt 0.059232 0.630271 0.000000
vt -0.058690 0.660858 0.000000
vt -0.058690 -0.660858 0.000000
vt 0.059232 -0.691446 0.000000
vt 0.058149 -0.651189 0.000000
vt -0.058690 -0.605787 0.000000
vt 0.057133 -0.610368 0.000000
vt 0.056128 -0.568854 0.000000
vt -0.058690 -0.550715 0.000000
vt 0.055299 -0.527713 0.000000
vt -0.058690 -0.495644 0.000000
vt 0.054588 -0.488031 0.000000
vt 0.054092 -0.447847 0.000000
vt -0.058690 -0.440572 0.000000
vt 0.053721 -0.406825 0.000000
vt -0.058690 -0.385501 0.000000
vt 0.053623 -0.365985 0.000000
vt -0.058690 -0.330429 0.000000
vt 0.053668 -0.326402 0.000000
vt 0.053981 -0.286439 0.000000
vt -0.058690 -0.275358 0.000000
vt 0.054434 -0.245394 0.000000
vt -0.058690 -0.220286 0.000000
vt 0.055136 -0.204319 0.000000
vt -0.058690 -0.165215 0.000000
vt 0.055903 -0.164310 0.000000
vt 0.056861 -0.124053 0.000000
vt -0.058690 -0.110143 0.000000
vt 0.057870 -0.082478 0.000000
vt -0.058690 -0.055072 0.000000
vt 0.164856 -0.044173 0.000000
vt 0.293503 -0.072342 0.000000
vt 0.170672 0.000000 0.000000
vt 0.302287 0.000000 0.000000
vt 0.293503 0.072342 0.000000
vt 0.267662 -0.140480 0.000000
vt 0.147806 -0.085336 0.000000
vt 0.226265 -0.200453 0.000000
vt 0.120683 -0.120683 0.000000
vt 0.171719 -0.248777 0.000000
vt 0.085336 -0.147806 0.000000
vt 0.107192 -0.282643 0.000000
vt 0.044173 -0.164856 0.000000
vt 0.036437 -0.300083 0.000000
vt -0.000000 -0.170672 0.000000
vt -0.036437 -0.300083 0.000000
vt -0.044173 -0.164856 0.000000
vt -0.107192 -0.282643 0.000000
vt -0.085336 -0.147806 0.000000
vt -0.171719 -0.248777 0.000000
vt -0.120683 -0.120683 0.000000
vt -0.226265 -0.200453 0.000000
vt -0.147806 -0.085336 0.000000
vt -0.267662 -0.140480 0.000000
vt -0.164856 -0.044173 0.000000
vt -0.293503 -0.072342 0.000000
vt -0.170672 0.000000 0.000000
vt -0.302287 0.000000 0.000000
vt -0.293503 0.072342 0.000000
vt -0.164856 0.044173 0.000000
vt -0.267662 0.140480 0.000000
vt -0.147806 0.085336 0.000000
vt -0.226265 0.200453 0.000000
vt -0.120683 0.120683 0.000000
vt -0.171719 0.248777 0.000000
vt -0.085336 0.147806 0.000000
vt -0.107192 0.282643 0.000000
vt -0.044173 0.164856 0.000000
vt -0.036437 0.300083 0.000000
vt -0.000000 0.170672 0.000000
vt 0.036437 0.300083 0.000000
vt 0.044173 0.164856 0.000000
vt 0.107192 0.282643 0.000000
vt 0.085336 0.147806 0.000000
vt 0.171719 0.248777 0.000000
vt 0.120683 0.120683 0.000000
vt 0.226265 0.200453 0.000000
vt 0.147806 0.085336 0.000000
vt 0.267662 0.140480 0.000000
vt 0.164856 0.044173 0.000000
vt 0.084691 -0.499248 0.000000
vt 0.083954 -0.532288 0.000000
vt 1.059697 -0.536181 0.000000
vt 1.059697 0.536181 0.000000
vt 0.083954 0.540074 0.000000
vt 0.083194 0.507064 0.000000
vt 1.059697 0.491499 0.000000
vt 0.082420 0.473083 0.000000
vt 1.059697 0.446817 0.000000
vt 0.081684 0.439091 0.000000
vt 1.059697 0.402136 0.000000
vt 0.081029 0.406043 0.000000
vt 0.080464 0.373086 0.000000
vt 1.059697 0.357454 0.000000
vt 0.079990 0.339148 0.000000
vt 1.059697 0.312772 0.000000
vt 0.079647 0.305158 0.000000
vt 1.059697 0.268090 0.000000
vt 0.079448 0.272013 0.000000
vt 0.079394 0.239160 0.000000
vt 1.059697 0.223409 0.000000
vt 0.079485 0.205267 0.000000
vt 1.059697 0.178727 0.000000
vt 0.079727 0.171255 0.000000
vt 1.059697 0.134045 0.000000
vt 0.080097 0.137995 0.000000
vt 0.080581 0.105230 0.000000
vt 1.059697 0.089363 0.000000
vt 0.081185 0.071366 0.000000
vt 1.059697 0.044682 0.000000
vt 0.081878 0.037320 0.000000
vt 1.059697 0.000000 0.000000
vt 0.082613 0.003982 0.000000
vt 0.083363 -0.028754 0.000000
vt 1.059697 -0.044682 0.000000
vt 0.084139 -0.062631 0.000000
vt 1.059697 -0.089363 0.000000
vt 0.084890 -0.096715 0.000000
vt 1.059697 -0.134045 0.000000
vt 0.085565 -0.130063 0.000000
vt 0.086146 -0.162840 0.000000
vt 1.059697 -0.178727 0.000000
vt 0.086637 -0.196774 0.000000
vt 1.059697 -0.223409 0.000000
vt 0.086997 -0.230880 0.000000
vt 1.059697 -0.268090 0.000000
vt 0.087205 -0.264153 0.000000
vt 0.087262 -0.297022 0.000000
vt 1.059697 -0.312772 0.000000
vt 0.087167 -0.331017 0.000000
vt 1.059697 -0.357454 0.000000
vt 0.086913 -0.365100 0.000000
vt 1.059697 -0.402136 0.000000
vt 0.086529 -0.398239 0.000000
vt 0.086024 -0.431210 0.000000
vt 1.059697 -0.446817 0.000000
vt 0.085399 -0.465219 0.000000
vt 1.059697 -0.491499 0.000000
vt 2.040000 -0.491499 0.000000
vt 2.040000 -0.536181 0.000000
vt 2.040000 0.536181 0.000000
vt 2.040000 0.491499 0.000000
vt 2.040000 0.446817 0.000000
vt 2.040000 0.402136 0.000000
vt 2.040000 0.357454 0.000000
vt 2.040000 0.312772 0.000000
vt 2.040000 0.268090 0.000000
vt 2.040000 0.223409 0.000000
vt 2.040000 0.178727 0.000000
vt 2.040000 0.134045 0.000000
vt 2.040000 0.089363 0.000000
vt 2.040000 0.044682 0.000000
vt 2.040000 0.000000 0.000000
vt 2.040000 -0.044682 0.000000
vt 2.040000 -0.089363 0.000000
vt 2.040000 -0.134045 0.000000
vt 2.040000 -0.178727 0.000000
vt 2.040000 -0.223409 0.000000
vt 2.040000 -0.268090 0.000000
vt 2.040000 -0.312772 0.000000
vt 2.040000 -0.357454 0.000000
vt 2.040000 -0.402136 0.000000
vt 2.040000 -0.446817 0.000000
vt -2.040000 0.876612 0.000000
vt -1.020000 0.876612 0.000000
vt -2.040000 0.949663 0.000000
vt -1.020000 0.949663 0.000000
vt -2.040000 -0.949663 0.000000
vt -1.020000 -0.949663 0.000000
vt -2.040000 -0.876612 0.000000
vt -1.020000 -0.876612 0.000000
vt -2.040000 -0.803561 0.000000
vt -1.020000 -0.803561 0.000000
vt -2.040000 -0.730510 0.000000
vt -1.020000 -0.730510 0.000000
vt -2.040000 -0.657459 0.000000
vt -1.020000 -0.657459 0.000000
vt -2.040000 -0.584408 0.000000
vt -1.020000 -0.584408 0.000000
vt -2.040000 -0.511357 0.000000
vt -1.020000 -0.511357 0.000000
vt -2.040000 -0.438306 0.000000
vt -1.020000 -0.438306 0.000000
vt -2.040000 -0.365255 0.000000
vt -1.020000 -0.365255 0.000000
vt -2.040000 -0.292204 0.000000
vt -1.020000 -0.292204 0.000000
vt -2.040000 -0.219153 0.000000
vt -1.020000 -0.219153 0.000000
vt -2.040000 -0.146102 0.000000
vt -1.020000 -0.146102 0.000000
vt -2.040000 -0.073051 0.000000
vt -1.020000 -0.073051 0.000000
vt -2.040000 0.000000 0.000000
vt -1.020000 0.000000 0.000000
vt -2.040000 0.073051 0.000000
vt -1.020000 0.073051 0.000000
vt -2.040000 0.146102 0.000000
vt -1.020000 0.146102 0.000000
vt -2.040000 0.219153 0.000000
vt -1.020000 0.219153 0.000000
vt -2.040000 0.292204 0.000000
vt -1.020000 0.292204 0.000000
vt -2.040000 0.365255 0.000000
vt -1.020000 0.365255 0.000000
vt -2.040000 0.438306 0.000000
vt -1.020000 0.438306 0.000000
vt -2.040000 0.511357 0.000000
vt -1.020000 0.511357 0.000000
vt -2.040000 0.584408 0.000000
vt -1.020000 0.584408 0.000000
vt -2.040000 0.657459 0.000000
vt -1.020000 0.657459 0.000000
vt -2.040000 0.730510 0.000000
vt -1.020000 0.730510 0.000000
vt -2.040000 0.803561 0.000000
vt -1.020000 0.803561 0.000000
vt -0.000000 -0.876612 0.000000
vt -0.000000 -0.949663 0.000000
vt -0.000000 0.949663 0.000000
vt -0.000000 0.876612 0.000000
vt -0.000000 0.803561 0.000000
vt -0.000000 0.730510 0.000000
vt -0.000000 0.657459 0.000000
vt -0.000000 0.584408 0.000000
vt -0.000000 0.511357 0.000000
vt -0.000000 0.438306 0.000000
vt -0.000000 0.365255 0.000000
vt -0.000000 0.292204 0.000000
vt -0.000000 0.219153 0.000000
vt -0.000000 0.146102 0.000000
vt -0.000000 0.073051 0.000000
vt -0.000000 0.000000 0.000000
vt 0.000000 -0.073051 0.000000
vt 0.000000 -0.146102 0.000000
vt 0.000000 -0.219153 0.000000
vt -0.000000 -0.292204 0.000000
vt 0.000000 -0.365255 0.000000
vt 0.000000 -0.438306 0.000000
vt -0.000000 -0.511357 0.000000
vt -0.000000 -0.584408 0.000000
vt -0.000000 -0.657459 0.000000
vt -0.000000 -0.730510 0.000000
vt -0.000000 -0.803561 0.000000
vt 0.244764 -0.061847 0.000000
vt 0.302287 0.000000 0.000000
vt 0.253419 0.003893 0.000000
vt 0.293503 0.072342 0.000000
vt 0.244764 0.069633 0.000000
vt 0.267662 0.140480 0.000000
vt 0.219390 0.130893 0.000000
vt 0.226265 0.200453 0.000000
vt 0.179024 0.183498 0.000000
vt 0.171719 0.248777 0.000000
vt 0.126419 0.223863 0.000000
vt 0.107192 0.282643 0.000000
vt 0.065159 0.249238 0.000000
vt 0.036437 0.300083 0.000000
vt -0.000581 0.257893 0.000000
vt -0.036437 0.300083 0.000000
vt -0.066321 0.249238 0.000000
vt -0.107192 0.282643 0.000000
vt -0.127581 0.223863 0.000000
vt -0.171719 0.248777 0.000000
vt -0.180186 0.183498 0.000000
vt -0.226265 0.200453 0.000000
vt -0.220551 0.130893 0.000000
vt -0.267662 0.140480 0.000000
vt -0.245926 0.069633 0.000000
vt -0.293503 0.072342 0.000000
vt -0.254581 0.003893 0.000000
vt -0.302287 0.000000 0.000000
vt -0.245926 -0.061847 0.000000
vt -0.293503 -0.072342 0.000000
vt -0.267662 -0.140480 0.000000
vt 0.219390 -0.123107 0.000000
vt 0.267662 -0.140480 0.000000
vt 0.293503 -0.072342 0.000000
vt 0.226265 -0.200453 0.000000
vt 0.179024 -0.175712 0.000000
vt 0.171719 -0.248777 0.000000
vt 0.126419 -0.216077 0.000000
vt 0.107192 -0.282643 0.000000
vt 0.065159 -0.241452 0.000000
vt 0.036437 -0.300083 0.000000
vt -0.000581 -0.250107 0.000000
vt -0.036437 -0.300083 0.000000
vt -0.066321 -0.241452 0.000000
vt -0.107192 -0.282643 0.000000
vt -0.127581 -0.216077 0.000000
vt -0.171719 -0.248777 0.000000
vt -0.180186 -0.175712 0.000000
vt -0.226265 -0.200453 0.000000
vt -0.220551 -0.123107 0.000000
vn -0.693890 -0.136076 0.707107
vn -0.707107 0.000000 0.707107
vn -0.707107 0.000000 0.707107
vn -0.693751 0.136783 0.707107
vn -0.683013 0.183013 0.707107
vn -0.652371 0.272785 0.707107
vn -0.612372 0.353553 0.707107
vn -0.584355 0.398158 0.707107
vn -0.500000 0.500000 0.707107
vn -0.495338 0.504619 0.707107
vn -0.386337 0.592236 0.707107
vn -0.353553 0.612372 0.707107
vn -0.258246 0.658262 0.707107
vn -0.183013 0.683013 0.707107
vn -0.119647 0.696911 0.707107
vn -0.000000 0.707107 0.707107
vn 0.019154 0.706847 0.707107
vn 0.158767 0.689052 0.707107
vn 0.183013 0.683013 0.707107
vn 0.295072 0.642598 0.707107
vn 0.353553 0.612372 0.707107
vn 0.418259 0.570140 0.707107
vn 0.500000 0.500000 0.707107
vn 0.520761 0.478339 0.707107
vn 0.612372 0.353553 0.707107
vn 0.604519 0.366819 0.707107
vn 0.665598 0.238704 0.707107
vn 0.683013 0.183013 0.707107
vn 0.699645 0.102457 0.707107
vn 0.707107 0.000000 0.707107
vn 0.706360 -0.032491 0.707107
vn 0.683013 -0.183013 0.707107
vn 0.686836 -0.168096 0.707107
vn 0.640546 -0.299502 0.707107
vn 0.612372 -0.353553 0.707107
vn 0.570132 -0.418270 0.707107
vn 0.500000 -0.500000 0.707107
vn 0.481583 -0.517762 0.707107
vn 0.374514 -0.599783 0.707107
vn 0.353553 -0.612372 0.707107
vn 0.251194 -0.660985 0.707107
vn 0.183013 -0.683013 0.707107
vn 0.118951 -0.697030 0.707107
vn -0.000000 -0.707107 0.707107
vn -0.013536 -0.706977 0.707107
vn -0.146796 -0.691701 0.707107
vn -0.183013 -0.683013 0.707107
vn -0.278120 -0.650115 0.707107
vn -0.353553 -0.612372 0.707107
vn -0.398973 -0.583799 0.707107
vn -0.500000 -0.500000 0.707107
vn -0.502144 -0.497846 0.707107
vn -0.587671 -0.393246 0.707107
vn -0.612372 -0.353553 0.707107
vn -0.653447 -0.270197 0.707107
vn -0.683013 -0.183013 0.707107
vn -0.000000 -0.000000 -1.000000
vn -0.000000 -0.000000 -1.000000
vn -0.000000 -0.000000 -1.000000
vn -0.000000 -0.000000 -1.000000
vn -0.000000 -0.000000 -1.000000
vn -0.000000 -0.000000 -1.000000
vn -0.000000 -0.000000 -1.000000
vn -0.000000 -0.000000 -1.000000
vn -0.000000 -0.000000 -1.000000
vn -0.000000 -0.000000 -1.000000
vn -0.000000 -0.000000 -1.000000
vn -0.000000 -0.000000 -1.000000
vn -0.000000 -0.000000 -1.000000
vn -0.000000 -0.000000 -1.000000
vn -0.000000 -0.000000 -1.000000
vn -0.000000 -0.000000 -1.000000
vn -0.000000 -0.000000 -1.000000
vn -0.000000 -0.000000 -1.000000
vn -0.000000 -0.000000 -1.000000
vn -0.000000 -0.000000 -1.000000
vn -0.000000 -0.000000 -1.000000
vn -0.000000 -0.000000 -1.000000
vn -0.000000 -0.000000 -1.000000
vn -0.000000 -0.000000 -1.000000
vn -0.000000 -0.000000 -1.000000
vn -0.000000 -0.000000 -1.000000
vn -0.000000 -0.000000 -1.000000
vn -0.000000 -0.000000 -1.000000
vn -0.000000 -0.000000 -1.000000
vn -0.000000 -0.000000 -1.000000
vn -0.000000 -0.000000 -1.000000
vn -0.000000 -0.000000 -1.000000
vn -0.000000 -0.000000 -1.000000
vn -0.000000 -0.000000 -1.000000
vn -0.000000 -0.000000 -1.000000
vn -0.000000 -0.000000 -1.000000
vn -0.000000 -0.000000 -1.000000
vn -0.000000 -0.000000 -1.000000
vn -0.000000 -0.000000 -1.000000
vn -0.000000 -0.000000 -1.000000
vn -0.000000 -0.000000 -1.000000
vn -0.000000 -0.000000 -1.000000
vn -0.000000 -0.000000 -1.000000
vn -0.000000 -0.000000 -1.000000
vn -0.000000 -0.000000 -1.000000
vn -0.000000 -0.000000 -1.000000
vn -0.000000 -0.000000 -1.000000
vn -0.000000 -0.000000 -1.000000
vn -0.000000 -0.000000 -1.000000
vn -0.000000 -0.000000 -1.000000
vn -0.976678 0.214710 0.000000
vn -0.999740 0.022810 0.000000
vn -1.000000 0.000000 0.000000
vn -0.985483 -0.169776 -0.000000
vn -0.965926 -0.258819 -0.000000
vn -0.932434 -0.361340 -0.000000
vn -0.866025 -0.500000 -0.000000
vn -0.842510 -0.538680 -0.000000
vn -0.707107 -0.707107 -0.000000
vn -0.723108 -0.690735 -0.000000
vn -0.577112 -0.816665 -0.000000
vn -0.500000 -0.866025 -0.000000
vn -0.404418 -0.914574 -0.000000
vn -0.258819 -0.965926 -0.000000
vn -0.215485 -0.976507 -0.000000
vn 0.000000 -1.000000 0.000000
vn -0.022981 -0.999736 -0.000000
vn 0.168698 -0.985668 0.000000
vn 0.258819 -0.965926 0.000000
vn 0.359839 -0.933015 0.000000
vn 0.500000 -0.866025 0.000000
vn 0.537422 -0.843314 0.000000
vn 0.707107 -0.707107 0.000000
vn 0.690554 -0.723281 0.000000
vn 0.815870 -0.578235 0.000000
vn 0.866025 -0.500000 0.000000
vn 0.913843 -0.406069 0.000000
vn 0.965926 -0.258819 0.000000
vn 0.976187 -0.216929 0.000000
vn 1.000000 -0.000000 0.000000
vn 0.999728 -0.023331 0.000000
vn 0.985841 0.167682 0.000000
vn 0.965926 0.258819 0.000000
vn 0.933420 0.358785 0.000000
vn 0.866025 0.500000 0.000000
vn 0.843692 0.536828 0.000000
vn 0.707107 0.707107 0.000000
vn 0.723411 0.690418 0.000000
vn 0.578335 0.815800 0.000000
vn 0.500000 0.866025 0.000000
vn 0.405801 0.913961 0.000000
vn 0.258819 0.965926 0.000000
vn 0.216299 0.976327 0.000000
vn 0.000000 1.000000 0.000000
vn 0.023069 0.999734 0.000000
vn -0.168708 0.985666 0.000000
vn -0.258819 0.965926 0.000000
vn -0.360404 0.932796 0.000000
vn -0.500000 0.866025 0.000000
vn -0.538285 0.842763 0.000000
vn -0.707107 0.707107 0.000000
vn -0.690780 0.723065 0.000000
vn -0.816746 0.576998 0.000000
vn -0.866025 0.500000 0.000000
vn -0.914801 0.403905 0.000000
vn -0.965926 0.258819 0.000000
vn -0.965926 0.258819 0.000000
vn -1.000000 0.000000 0.000000
vn -0.965926 -0.258819 -0.000000
vn -0.866025 -0.500000 -0.000000
vn -0.707107 -0.707107 -0.000000
vn -0.500000 -0.866025 -0.000000
vn -0.258819 -0.965926 -0.000000
vn 0.000000 -1.000000 0.000000
vn 0.258819 -0.965926 0.000000
vn 0.500000 -0.866025 0.000000
vn 0.707107 -0.707107 0.000000
vn 0.866025 -0.500000 0.000000
vn 0.965926 -0.258819 0.000000
vn 1.000000 -0.000000 0.000000
vn 0.965926 0.258819 0.000000
vn 0.866025 0.500000 0.000000
vn 0.707107 0.707107 0.000000
vn 0.500000 0.866025 0.000000
vn 0.258819 0.965926 0.000000
vn 0.000000 1.000000 0.000000
vn -0.258819 0.965926 0.000000
vn -0.500000 0.866025 0.000000
vn -0.707107 0.707107 0.000000
vn -0.866025 0.500000 0.000000
vn 0.970942 0.239316 0.000000
vn 0.970942 0.239316 0.000000
vn 1.000000 0.000000 0.000000
vn 1.000000 0.000000 0.000000
vn 0.970942 -0.239316 -0.000000
vn 0.970942 -0.239316 -0.000000
vn 0.885456 -0.464723 -0.000000
vn 0.885456 -0.464723 -0.000000
vn 0.748511 -0.663123 -0.000000
vn 0.748511 -0.663123 -0.000000
vn 0.568065 -0.822984 -0.000000
vn 0.568065 -0.822984 -0.000000
vn 0.354605 -0.935016 -0.000000
vn 0.354605 -0.935016 -0.000000
vn 0.120537 -0.992709 -0.000000
vn 0.120537 -0.992709 -0.000000
vn -0.120537 -0.992709 -0.000000
vn -0.120537 -0.992709 -0.000000
vn -0.354605 -0.935016 -0.000000
vn -0.354605 -0.935016 -0.000000
vn -0.568065 -0.822984 -0.000000
vn -0.568065 -0.822984 -0.000000
vn -0.748511 -0.663123 -0.000000
vn -0.748511 -0.663123 -0.000000
vn -0.885456 -0.464723 -0.000000
vn -0.885456 -0.464723 -0.000000
vn -0.970942 -0.239316 -0.000000
vn -0.970942 -0.239316 -0.000000
vn -1.000000 0.000000 -0.000000
vn -1.000000 0.000000 -0.000000
vn -0.970942 0.239316 -0.000000
vn -0.970942 0.239316 -0.000000
vn -0.885456 0.464723 -0.000000
vn -0.885456 0.464723 -0.000000
vn -0.748511 0.663123 -0.000000
vn -0.748511 0.663123 -0.000000
vn -0.568065 0.822984 -0.000000
vn -0.568065 0.822984 -0.000000
vn -0.354605 0.935016 -0.000000
vn -0.354605 0.935016 -0.000000
vn -0.120537 0.992709 -0.000000
vn -0.120537 0.992709 -0.000000
vn 0.120537 0.992709 0.000000
vn 0.120537 0.992709 0.000000
vn 0.354605 0.935016 0.000000
vn 0.354605 0.935016 0.000000
vn 0.568065 0.822984 0.000000
vn 0.568065 0.822984 0.000000
vn 0.748511 0.663123 0.000000
vn 0.748511 0.663123 0.000000
vn 0.885456 0.464723 0.000000
vn 0.885456 0.464723 0.000000
vn 0.970942 -0.239316 -0.000000
vn 1.000000 -0.000000 -0.000000
vn 0.970942 0.239316 0.000000
vn 0.885456 0.464723 0.000000
vn 0.748511 0.663123 0.000000
vn 0.568065 0.822984 0.000000
vn 0.354605 0.935016 0.000000
vn 0.120537 0.992709 0.000000
vn -0.120537 0.992709 -0.000000
vn -0.354605 0.935016 -0.000000
vn -0.568065 0.822984 -0.000000
vn -0.748511 0.663123 -0.000000
vn -0.885456 0.464723 -0.000000
vn -0.970942 0.239316 -0.000000
vn -1.000000 0.000000 -0.000000
vn -0.970942 -0.239316 -0.000000
vn -0.885456 -0.464723 -0.000000
vn -0.748511 -0.663123 -0.000000
vn -0.568065 -0.822984 -0.000000
vn -0.354605 -0.935016 -0.000000
vn -0.120537 -0.992709 -0.000000
vn 0.120537 -0.992709 -0.000000
vn 0.354605 -0.935016 -0.000000
vn 0.568065 -0.822984 -0.000000
vn 0.748511 -0.663123 -0.000000
vn 0.885456 -0.464723 -0.000000
vn 0.000000 0.000000 1.000000
vn 0.000000 0.000000 1.000000
vn 0.000000 0.000000 1.000000
vn 0.000000 0.000000 1.000000
vn 0.000000 0.000000 1.000000
vn 0.000000 0.000000 1.000000
vn 0.000000 0.000000 1.000000
vn 0.000000 0.000000 1.000000
vn 0.000000 0.000000 1.000000
vn 0.000000 0.000000 1.000000
vn 0.000000 0.000000 1.000000
vn 0.000000 0.000000 1.000000
vn 0.000000 0.000000 1.000000
vn 0.000000 0.000000 1.000000
vn 0.000000 0.000000 1.000000
vn 0.000000 0.000000 1.000000
vn 0.000000 0.000000 1.000000
vn 0.000000 0.000000 1.000000
vn 0.000000 0.000000 1.000000
vn 0.000000 0.000000 1.000000
vn 0.000000 0.000000 1.000000
vn 0.000000 0.000000 1.000000
vn 0.000000 0.000000 1.000000
vn 0.000000 0.000000 1.000000
vn 0.000000 0.000000 1.000000
vn 0.000000 0.000000 1.000000
vn 0.000000 0.000000 1.000000
vn 0.000000 0.000000 1.000000
vn 0.000000 0.000000 1.000000
vn 0.000000 0.000000 1.000000
vn 0.000000 0.000000 1.000000
vn 0.000000 0.000000 1.000000
vn 0.000000 0.000000 1.000000
vn 0.000000 0.000000 1.000000
vn 0.000000 0.000000 1.000000
vn 0.000000 0.000000 1.000000
vn 0.000000 0.000000 1.000000
vn 0.000000 0.000000 1.000000
vn 0.000000 0.000000 1.000000
vn 0.000000 0.000000 1.000000
vn 0.000000 0.000000 1.000000
vn 0.000000 0.000000 1.000000
vn 0.000000 0.000000 1.000000
vn 0.000000 0.000000 1.000000
vn 0.000000 0.000000 1.000000
vn 0.000000 0.000000 1.000000
vn 0.000000 0.000000 1.000000
vn 0.000000 0.000000 1.000000
vn 0.000000 0.000000 1.000000
vn 0.000000 0.000000 1.000000
f 1595/3651/3610 1564/3652/3611 1608/3653/3612
f 1608/3653/3612 1564/3652/3611 1565/3654/3613
f 1608/3653/3612 1565/3654/3613 1607/3655/3614
f 1607/3655/3614 1565/3654/3613 1566/3656/3615
f 1607/3655/3614 1566/3656/3615 1606/3657/3616
f 1606/3657/3616 1566/3656/3615 1567/3658/3617
f 1606/3657/3616 1567/3658/3617 1605/3659/3618
f 1605/3659/3618 1567/3658/3617 1568/3660/3619
f 1605/3659/3618 1568/3660/3619 1569/3661/3620
f 1605/3659/3618 1569/3661/3620 1604/3662/3621
f 1604/3662/3621 1569/3661/3620 1570/3663/3622
f 1604/3662/3621 1570/3663/3622 1603/3664/3623
f 1603/3664/3623 1570/3663/3622 1571/3665/3624
f 1603/3664/3623 1571/3665/3624 1602/3666/3625
f 1602/3666/3625 1571/3665/3624 1572/3667/3626
f 1602/3666/3625 1572/3667/3626 1573/3668/3627
f 1602/3666/3625 1573/3668/3627 1601/3669/3628
f 1601/3669/3628 1573/3668/3627 1574/3670/3629
f 1601/3669/3628 1574/3670/3629 1600/3671/3630
f 1600/3671/3630 1574/3670/3629 1575/3672/3631
f 1600/3671/3630 1575/3672/3631 1599/3673/3632
f 1599/3673/3632 1575/3672/3631 1576/3674/3633
f 1599/3673/3632 1576/3674/3633 1598/3675/3634
f 1598/3675/3634 1576/3674/3633 1577/3676/3635
f 1598/3675/3634 1577/3676/3635 1578/3677/3636
f 1598/3675/3634 1578/3677/3636 1597/3678/3637
f 1597/3678/3637 1578/3677/3636 1579/3679/3638
f 1597/3678/3637 1579/3679/3638 1596/3680/3639
f 1596/3681/3639 1579/3682/3638 1580/3683/3640
f 1596/3681/3639 1580/3683/3640 1619/3684/3641
f 1619/3684/3641 1580/3683/3640 1581/3685/3642
f 1619/3684/3641 1581/3685/3642 1582/3686/3643
f 1619/3684/3641 1582/3686/3643 1618/3687/3644
f 1618/3687/3644 1582/3686/3643 1583/3688/3645
f 1618/3687/3644 1583/3688/3645 1617/3689/3646
f 1617/3689/3646 1583/3688/3645 1584/3690/3647
f 1617/3689/3646 1584/3690/3647 1585/3691/3648
f 1617/3689/3646 1585/3691/3648 1616/3692/3649
f 1616/3692/3649 1585/3691/3648 1586/3693/3650
f 1616/3692/3649 1586/3693/3650 1615/3694/3651
f 1615/3694/3651 1586/3693/3650 1587/3695/3652
f 1615/3694/3651 1587/3695/3652 1614/3696/3653
f 1614/3696/3653 1587/3695/3652 1588/3697/3654
f 1614/3696/3653 1588/3697/3654 1589/3698/3655
f 1614/3696/3653 1589/3698/3655 1613/3699/3656
f 1613/3699/3656 1589/3698/3655 1590/3700/3657
f 1613/3699/3656 1590/3700/3657 1612/3701/3658
f 1612/3701/3658 1590/3700/3657 1591/3702/3659
f 1612/3701/3658 1591/3702/3659 1611/3703/3660
f 1611/3703/3660 1591/3702/3659 1592/3704/3661
f 1611/3703/3660 1592/3704/3661 1593/3705/3662
f 1611/3703/3660 1593/3705/3662 1610/3706/3663
f 1610/3706/3663 1593/3705/3662 1594/3707/3664
f 1610/3706/3663 1594/3707/3664 1609/3708/3665
f 1609/3708/3665 1594/3707/3664 1595/3651/3610
f 1609/3708/3665 1595/3651/3610 1608/3653/3612
f 1621/3709/3666 1669/3710/3667 1620/3711/3668
f 1620/3711/3668 1669/3710/3667 1644/3712/3669
f 1620/3711/3668 1644/3712/3669 1645/3713/3670
f 1669/3710/3667 1621/3709/3666 1668/3714/3671
f 1668/3714/3671 1621/3709/3666 1622/3715/3672
f 1668/3714/3671 1622/3715/3672 1667/3716/3673
f 1667/3716/3673 1622/3715/3672 1623/3717/3674
f 1667/3716/3673 1623/3717/3674 1666/3718/3675
f 1666/3718/3675 1623/3717/3674 1624/3719/3676
f 1666/3718/3675 1624/3719/3676 1665/3720/3677
f 1665/3720/3677 1624/3719/3676 1625/3721/3678
f 1665/3720/3677 1625/3721/3678 1664/3722/3679
f 1664/3722/3679 1625/3721/3678 1626/3723/3680
f 1664/3722/3679 1626/3723/3680 1663/3724/3681
f 1663/3724/3681 1626/3723/3680 1627/3725/3682
f 1663/3724/3681 1627/3725/3682 1662/3726/3683
f 1662/3726/3683 1627/3725/3682 1628/3727/3684
f 1662/3726/3683 1628/3727/3684 1661/3728/3685
f 1661/3728/3685 1628/3727/3684 1629/3729/3686
f 1661/3728/3685 1629/3729/3686 1660/3730/3687
f 1660/3730/3687 1629/3729/3686 1630/3731/3688
f 1660/3730/3687 1630/3731/3688 1659/3732/3689
f 1659/3732/3689 1630/3731/3688 1631/3733/3690
f 1659/3732/3689 1631/3733/3690 1658/3734/3691
f 1658/3734/3691 1631/3733/3690 1632/3735/3692
f 1658/3734/3691 1632/3735/3692 1657/3736/3693
f 1657/3736/3693 1632/3735/3692 1656/3737/3694
f 1656/3737/3694 1632/3735/3692 1633/3738/3695
f 1656/3737/3694 1633/3738/3695 1655/3739/3696
f 1655/3739/3696 1633/3738/3695 1634/3740/3697
f 1655/3739/3696 1634/3740/3697 1654/3741/3698
f 1654/3741/3698 1634/3740/3697 1635/3742/3699
f 1654/3741/3698 1635/3742/3699 1653/3743/3700
f 1653/3743/3700 1635/3742/3699 1636/3744/3701
f 1653/3743/3700 1636/3744/3701 1652/3745/3702
f 1652/3745/3702 1636/3744/3701 1637/3746/3703
f 1652/3745/3702 1637/3746/3703 1651/3747/3704
f 1651/3747/3704 1637/3746/3703 1638/3748/3705
f 1651/3747/3704 1638/3748/3705 1650/3749/3706
f 1650/3749/3706 1638/3748/3705 1639/3750/3707
f 1650/3749/3706 1639/3750/3707 1649/3751/3708
f 1649/3751/3708 1639/3750/3707 1640/3752/3709
f 1649/3751/3708 1640/3752/3709 1648/3753/3710
f 1648/3753/3710 1640/3752/3709 1641/3754/3711
f 1648/3753/3710 1641/3754/3711 1647/3755/3712
f 1647/3755/3712 1641/3754/3711 1642/3756/3713
f 1647/3755/3712 1642/3756/3713 1646/3757/3714
f 1646/3757/3714 1642/3756/3713 1643/3758/3715
f 1646/3757/3714 1643/3758/3715 1645/3713/3670
f 1645/3713/3670 1643/3758/3715 1620/3711/3668
f 1565/3759/3716 1564/3760/3717 1670/3761/3718
f 1670/3762/3718 1564/3763/3717 1595/3764/3719
f 1670/3762/3718 1595/3764/3719 1672/3765/3720
f 1672/3765/3720 1595/3764/3719 1594/3766/3721
f 1672/3765/3720 1594/3766/3721 1673/3767/3722
f 1673/3767/3722 1594/3766/3721 1593/3768/3723
f 1673/3767/3722 1593/3768/3723 1674/3769/3724
f 1674/3769/3724 1593/3768/3723 1592/3770/3725
f 1674/3769/3724 1592/3770/3725 1591/3771/3726
f 1674/3769/3724 1591/3771/3726 1675/3772/3727
f 1675/3772/3727 1591/3771/3726 1590/3773/3728
f 1675/3772/3727 1590/3773/3728 1676/3774/3729
f 1676/3774/3729 1590/3773/3728 1589/3775/3730
f 1676/3774/3729 1589/3775/3730 1677/3776/3731
f 1677/3776/3731 1589/3775/3730 1588/3777/3732
f 1677/3776/3731 1588/3777/3732 1587/3778/3733
f 1677/3776/3731 1587/3778/3733 1678/3779/3734
f 1678/3779/3734 1587/3778/3733 1586/3780/3735
f 1678/3779/3734 1586/3780/3735 1679/3781/3736
f 1679/3781/3736 1586/3780/3735 1585/3782/3737
f 1679/3781/3736 1585/3782/3737 1680/3783/3738
f 1680/3783/3738 1585/3782/3737 1584/3784/3739
f 1680/3783/3738 1584/3784/3739 1583/3785/3740
f 1680/3783/3738 1583/3785/3740 1681/3786/3741
f 1681/3786/3741 1583/3785/3740 1582/3787/3742
f 1681/3786/3741 1582/3787/3742 1682/3788/3743
f 1682/3788/3743 1582/3787/3742 1581/3789/3744
f 1682/3788/3743 1581/3789/3744 1683/3790/3745
f 1683/3790/3745 1581/3789/3744 1580/3791/3746
f 1683/3790/3745 1580/3791/3746 1579/3792/3747
f 1683/3790/3745 1579/3792/3747 1684/3793/3748
f 1684/3793/3748 1579/3792/3747 1578/3794/3749
f 1684/3793/3748 1578/3794/3749 1685/3795/3750
f 1685/3795/3750 1578/3794/3749 1577/3796/3751
f 1685/3795/3750 1577/3796/3751 1686/3797/3752
f 1686/3797/3752 1577/3796/3751 1576/3798/3753
f 1686/3797/3752 1576/3798/3753 1575/3799/3754
f 1686/3797/3752 1575/3799/3754 1687/3800/3755
f 1687/3800/3755 1575/3799/3754 1574/3801/3756
f 1687/3800/3755 1574/3801/3756 1688/3802/3757
f 1688/3802/3757 1574/3801/3756 1573/3803/3758
f 1688/3802/3757 1573/3803/3758 1689/3804/3759
f 1689/3804/3759 1573/3803/3758 1572/3805/3760
f 1689/3804/3759 1572/3805/3760 1571/3806/3761
f 1689/3804/3759 1571/3806/3761 1690/3807/3762
f 1690/3807/3762 1571/3806/3761 1570/3808/3763
f 1690/3807/3762 1570/3808/3763 1691/3809/3764
f 1691/3809/3764 1570/3808/3763 1569/3810/3765
f 1691/3809/3764 1569/3810/3765 1692/3811/3766
f 1692/3811/3766 1569/3810/3765 1568/3812/3767
f 1692/3811/3766 1568/3812/3767 1567/3813/3768
f 1692/3811/3766 1567/3813/3768 1693/3814/3769
f 1693/3814/3769 1567/3813/3768 1566/3815/3770
f 1693/3814/3769 1566/3815/3770 1671/3816/3771
f 1671/3816/3771 1566/3815/3770 1565/3759/3716
f 1671/3816/3771 1565/3759/3716 1670/3761/3718
f 1643/3817/3772 1671/3816/3771 1620/3818/3773
f 1620/3818/3773 1671/3816/3771 1670/3761/3718
f 1620/3819/3773 1670/3762/3718 1621/3820/3774
f 1621/3820/3774 1670/3762/3718 1672/3765/3720
f 1621/3820/3774 1672/3765/3720 1622/3821/3775
f 1622/3821/3775 1672/3765/3720 1673/3767/3722
f 1622/3821/3775 1673/3767/3722 1623/3822/3776
f 1623/3822/3776 1673/3767/3722 1674/3769/3724
f 1623/3822/3776 1674/3769/3724 1624/3823/3777
f 1624/3823/3777 1674/3769/3724 1675/3772/3727
f 1624/3823/3777 1675/3772/3727 1625/3824/3778
f 1625/3824/3778 1675/3772/3727 1676/3774/3729
f 1625/3824/3778 1676/3774/3729 1626/3825/3779
f 1626/3825/3779 1676/3774/3729 1677/3776/3731
f 1626/3825/3779 1677/3776/3731 1627/3826/3780
f 1627/3826/3780 1677/3776/3731 1678/3779/3734
f 1627/3826/3780 1678/3779/3734 1628/3827/3781
f 1628/3827/3781 1678/3779/3734 1679/3781/3736
f 1628/3827/3781 1679/3781/3736 1629/3828/3782
f 1629/3828/3782 1679/3781/3736 1680/3783/3738
f 1629/3828/3782 1680/3783/3738 1630/3829/3783
f 1630/3829/3783 1680/3783/3738 1681/3786/3741
f 1630/3829/3783 1681/3786/3741 1631/3830/3784
f 1631/3830/3784 1681/3786/3741 1682/3788/3743
f 1631/3830/3784 1682/3788/3743 1632/3831/3785
f 1632/3831/3785 1682/3788/3743 1683/3790/3745
f 1632/3831/3785 1683/3790/3745 1633/3832/3786
f 1633/3832/3786 1683/3790/3745 1684/3793/3748
f 1633/3832/3786 1684/3793/3748 1634/3833/3787
f 1634/3833/3787 1684/3793/3748 1685/3795/3750
f 1634/3833/3787 1685/3795/3750 1635/3834/3788
f 1635/3834/3788 1685/3795/3750 1686/3797/3752
f 1635/3834/3788 1686/3797/3752 1636/3835/3789
f 1636/3835/3789 1686/3797/3752 1687/3800/3755
f 1636/3835/3789 1687/3800/3755 1637/3836/3790
f 1637/3836/3790 1687/3800/3755 1688/3802/3757
f 1637/3836/3790 1688/3802/3757 1638/3837/3791
f 1638/3837/3791 1688/3802/3757 1689/3804/3759
f 1638/3837/3791 1689/3804/3759 1639/3838/3792
f 1639/3838/3792 1689/3804/3759 1690/3807/3762
f 1639/3838/3792 1690/3807/3762 1640/3839/3793
f 1640/3839/3793 1690/3807/3762 1691/3809/3764
f 1640/3839/3793 1691/3809/3764 1641/3840/3794
f 1641/3840/3794 1691/3809/3764 1692/3811/3766
f 1641/3840/3794 1692/3811/3766 1642/3841/3795
f 1642/3841/3795 1692/3811/3766 1693/3814/3769
f 1642/3841/3795 1693/3814/3769 1643/3817/3772
f 1643/3817/3772 1693/3814/3769 1671/3816/3771
f 1669/3842/3796 1721/3843/3797 1644/3844/3798
f 1644/3844/3798 1721/3843/3797 1720/3845/3799
f 1644/3846/3798 1720/3847/3799 1645/3848/3800
f 1645/3848/3800 1720/3847/3799 1745/3849/3801
f 1645/3848/3800 1745/3849/3801 1646/3850/3802
f 1646/3850/3802 1745/3849/3801 1744/3851/3803
f 1646/3850/3802 1744/3851/3803 1647/3852/3804
f 1647/3852/3804 1744/3851/3803 1743/3853/3805
f 1647/3852/3804 1743/3853/3805 1648/3854/3806
f 1648/3854/3806 1743/3853/3805 1742/3855/3807
f 1648/3854/3806 1742/3855/3807 1649/3856/3808
f 1649/3856/3808 1742/3855/3807 1741/3857/3809
f 1649/3856/3808 1741/3857/3809 1650/3858/3810
f 1650/3858/3810 1741/3857/3809 1740/3859/3811
f 1650/3858/3810 1740/3859/3811 1651/3860/3812
f 1651/3860/3812 1740/3859/3811 1739/3861/3813
f 1651/3860/3812 1739/3861/3813 1652/3862/3814
f 1652/3862/3814 1739/3861/3813 1738/3863/3815
f 1652/3862/3814 1738/3863/3815 1653/3864/3816
f 1653/3864/3816 1738/3863/3815 1737/3865/3817
f 1653/3864/3816 1737/3865/3817 1654/3866/3818
f 1654/3866/3818 1737/3865/3817 1736/3867/3819
f 1654/3866/3818 1736/3867/3819 1655/3868/3820
f 1655/3868/3820 1736/3867/3819 1735/3869/3821
f 1655/3868/3820 1735/3869/3821 1656/3870/3822
f 1656/3870/3822 1735/3869/3821 1734/3871/3823
f 1656/3870/3822 1734/3871/3823 1657/3872/3824
f 1657/3872/3824 1734/3871/3823 1733/3873/3825
f 1657/3872/3824 1733/3873/3825 1658/3874/3826
f 1658/3874/3826 1733/3873/3825 1732/3875/3827
f 1658/3874/3826 1732/3875/3827 1659/3876/3828
f 1659/3876/3828 1732/3875/3827 1731/3877/3829
f 1659/3876/3828 1731/3877/3829 1660/3878/3830
f 1660/3878/3830 1731/3877/3829 1730/3879/3831
f 1660/3878/3830 1730/3879/3831 1661/3880/3832
f 1661/3880/3832 1730/3879/3831 1729/3881/3833
f 1661/3880/3832 1729/3881/3833 1662/3882/3834
f 1662/3882/3834 1729/3881/3833 1728/3883/3835
f 1662/3882/3834 1728/3883/3835 1663/3884/3836
f 1663/3884/3836 1728/3883/3835 1727/3885/3837
f 1663/3884/3836 1727/3885/3837 1664/3886/3838
f 1664/3886/3838 1727/3885/3837 1726/3887/3839
f 1664/3886/3838 1726/3887/3839 1665/3888/3840
f 1665/3888/3840 1726/3887/3839 1725/3889/3841
f 1665/3888/3840 1725/3889/3841 1666/3890/3842
f 1666/3890/3842 1725/3889/3841 1724/3891/3843
f 1666/3890/3842 1724/3891/3843 1667/3892/3844
f 1667/3892/3844 1724/3891/3843 1723/3893/3845
f 1667/3892/3844 1723/3893/3845 1668/3894/3846
f 1668/3894/3846 1723/3893/3845 1722/3895/3847
f 1668/3894/3846 1722/3895/3847 1669/3842/3796
f 1669/3842/3796 1722/3895/3847 1721/3843/3797
f 1695/3896/3848 1745/3849/3801 1694/3897/3849
f 1694/3897/3849 1745/3849/3801 1720/3847/3799
f 1694/3898/3849 1720/3845/3799 1719/3899/3850
f 1719/3899/3850 1720/3845/3799 1721/3843/3797
f 1719/3899/3850 1721/3843/3797 1718/3900/3851
f 1718/3900/3851 1721/3843/3797 1722/3895/3847
f 1718/3900/3851 1722/3895/3847 1717/3901/3852
f 1717/3901/3852 1722/3895/3847 1723/3893/3845
f 1717/3901/3852 1723/3893/3845 1716/3902/3853
f 1716/3902/3853 1723/3893/3845 1724/3891/3843
f 1716/3902/3853 1724/3891/3843 1715/3903/3854
f 1715/3903/3854 1724/3891/3843 1725/3889/3841
f 1715/3903/3854 1725/3889/3841 1714/3904/3855
f 1714/3904/3855 1725/3889/3841 1726/3887/3839
f 1714/3904/3855 1726/3887/3839 1713/3905/3856
f 1713/3905/3856 1726/3887/3839 1727/3885/3837
f 1713/3905/3856 1727/3885/3837 1712/3906/3857
f 1712/3906/3857 1727/3885/3837 1728/3883/3835
f 1712/3906/3857 1728/3883/3835 1711/3907/3858
f 1711/3907/3858 1728/3883/3835 1729/3881/3833
f 1711/3907/3858 1729/3881/3833 1710/3908/3859
f 1710/3908/3859 1729/3881/3833 1730/3879/3831
f 1710/3908/3859 1730/3879/3831 1709/3909/3860
f 1709/3909/3860 1730/3879/3831 1731/3877/3829
f 1709/3909/3860 1731/3877/3829 1708/3910/3861
f 1708/3910/3861 1731/3877/3829 1732/3875/3827
f 1708/3910/3861 1732/3875/3827 1707/3911/3862
f 1707/3911/3862 1732/3875/3827 1733/3873/3825
f 1707/3911/3862 1733/3873/3825 1706/3912/3863
f 1706/3912/3863 1733/3873/3825 1734/3871/3823
f 1706/3912/3863 1734/3871/3823 1705/3913/3864
f 1705/3913/3864 1734/3871/3823 1735/3869/3821
f 1705/3913/3864 1735/3869/3821 1704/3914/3865
f 1704/3914/3865 1735/3869/3821 1736/3867/3819
f 1704/3914/3865 1736/3867/3819 1703/3915/3866
f 1703/3915/3866 1736/3867/3819 1737/3865/3817
f 1703/3915/3866 1737/3865/3817 1702/3916/3867
f 1702/3916/3867 1737/3865/3817 1738/3863/3815
f 1702/3916/3867 1738/3863/3815 1701/3917/3868
f 1701/3917/3868 1738/3863/3815 1739/3861/3813
f 1701/3917/3868 1739/3861/3813 1700/3918/3869
f 1700/3918/3869 1739/3861/3813 1740/3859/3811
f 1700/3918/3869 1740/3859/3811 1699/3919/3870
f 1699/3919/3870 1740/3859/3811 1741/3857/3809
f 1699/3919/3870 1741/3857/3809 1698/3920/3871
f 1698/3920/3871 1741/3857/3809 1742/3855/3807
f 1698/3920/3871 1742/3855/3807 1697/3921/3872
f 1697/3921/3872 1742/3855/3807 1743/3853/3805
f 1697/3921/3872 1743/3853/3805 1696/3922/3873
f 1696/3922/3873 1743/3853/3805 1744/3851/3803
f 1696/3922/3873 1744/3851/3803 1695/3896/3848
f 1695/3896/3848 1744/3851/3803 1745/3849/3801
f 1619/3923/3874 1707/3924/3875 1596/3925/3876
f 1596/3925/3876 1707/3924/3875 1706/3926/3877
f 1596/3925/3876 1706/3926/3877 1597/3927/3878
f 1597/3927/3878 1706/3926/3877 1705/3928/3879
f 1597/3927/3878 1705/3928/3879 1598/3929/3880
f 1598/3929/3880 1705/3928/3879 1704/3930/3881
f 1598/3929/3880 1704/3930/3881 1599/3931/3882
f 1599/3931/3882 1704/3930/3881 1703/3932/3883
f 1599/3931/3882 1703/3932/3883 1600/3933/3884
f 1600/3933/3884 1703/3932/3883 1702/3934/3885
f 1600/3933/3884 1702/3934/3885 1601/3935/3886
f 1601/3935/3886 1702/3934/3885 1701/3936/3887
f 1601/3935/3886 1701/3936/3887 1602/3937/3888
f 1602/3937/3888 1701/3936/3887 1700/3938/3889
f 1602/3937/3888 1700/3938/3889 1603/3939/3890
f 1603/3939/3890 1700/3938/3889 1699/3940/3891
f 1603/3939/3890 1699/3940/3891 1604/3941/3892
f 1604/3941/3892 1699/3940/3891 1698/3942/3893
f 1604/3941/3892 1698/3942/3893 1605/3943/3894
f 1605/3943/3894 1698/3942/3893 1697/3944/3895
f 1605/3943/3894 1697/3944/3895 1606/3945/3896
f 1606/3945/3896 1697/3944/3895 1696/3946/3897
f 1606/3945/3896 1696/3946/3897 1607/3947/3898
f 1607/3947/3898 1696/3946/3897 1695/3948/3899
f 1607/3947/3898 1695/3948/3899 1608/3949/3900
f 1608/3949/3900 1695/3948/3899 1694/3950/3901
f 1608/3949/3900 1694/3950/3901 1609/3951/3902
f 1609/3951/3902 1694/3950/3901 1719/3952/3903
f 1609/3951/3902 1719/3952/3903 1718/3953/3904
f 1618/3954/3905 1709/3955/3906 1619/3923/3874
f 1619/3923/3874 1709/3955/3906 1708/3956/3907
f 1619/3923/3874 1708/3956/3907 1707/3924/3875
f 1709/3955/3906 1618/3954/3905 1710/3957/3908
f 1710/3957/3908 1618/3954/3905 1617/3958/3909
f 1710/3957/3908 1617/3958/3909 1711/3959/3910
f 1711/3959/3910 1617/3958/3909 1616/3960/3911
f 1711/3959/3910 1616/3960/3911 1712/3961/3912
f 1712/3961/3912 1616/3960/3911 1615/3962/3913
f 1712/3961/3912 1615/3962/3913 1713/3963/3914
f 1713/3963/3914 1615/3962/3913 1614/3964/3915
f 1713/3963/3914 1614/3964/3915 1714/3965/3916
f 1714/3965/3916 1614/3964/3915 1613/3966/3917
f 1714/3965/3916 1613/3966/3917 1715/3967/3918
f 1715/3967/3918 1613/3966/3917 1612/3968/3919
f 1715/3967/3918 1612/3968/3919 1716/3969/3920
f 1716/3969/3920 1612/3968/3919 1611/3970/3921
f 1716/3969/3920 1611/3970/3921 1717/3971/3922
f 1717/3971/3922 1611/3970/3921 1610/3972/3923
f 1717/3971/3922 1610/3972/3923 1718/3953/3904
f 1718/3953/3904 1610/3972/3923 1609/3951/3902
g Corpo92

v 6.111000 7.809550 1.919708
v 6.111000 9.701821 1.919708
v 6.011000 9.701821 1.919708
v 6.011000 7.809550 1.919708
v 6.111000 8.267420 1.376044
v 6.011000 8.267420 1.376044
v 6.111000 9.486484 1.376044
v 6.011000 9.486484 1.376044
vt 0.000000 0.000000 0.000000
vt 1.892271 0.000000 0.000000
vt 0.000000 0.100000 0.000000
vt 1.892271 0.100000 0.000000
vt -0.000000 0.000000 0.000000
vt 0.710785 0.000000 0.000000
vt -0.000000 0.100000 0.000000
vt 0.710785 0.100000 0.000000
vt -0.000000 0.000000 0.000000
vt 1.219064 0.000000 0.000000
vt 0.000000 0.100000 0.000000
vt 1.219064 0.100000 0.000000
vt 0.000000 0.000000 0.000000
vt 0.584757 0.000000 0.000000
vt -0.000000 0.100000 0.000000
vt 0.584757 0.100000 0.000000
vt -0.271832 0.730798 0.000000
vt -0.271832 -0.488266 0.000000
vt 0.271832 0.946135 0.000000
vt 0.271832 -0.946135 0.000000
vt 0.271832 0.730798 0.000000
vt -0.271832 0.946135 0.000000
vt 0.271832 -0.488266 0.000000
vt -0.271832 -0.946135 0.000000
vn 0.000000 -0.000000 1.000000
vn 0.000000 -0.000000 1.000000
vn 0.000000 -0.000000 1.000000
vn 0.000000 -0.000000 1.000000
vn -0.000000 -0.764878 -0.644175
vn -0.000000 -0.764878 -0.644175
vn -0.000000 -0.764878 -0.644175
vn -0.000000 -0.764878 -0.644175
vn 0.000000 0.000000 -1.000000
vn 0.000000 0.000000 -1.000000
vn 0.000000 0.000000 -1.000000
vn 0.000000 0.000000 -1.000000
vn 0.000000 0.929727 -0.368251
vn 0.000000 0.929727 -0.368251
vn 0.000000 0.929727 -0.368251
vn 0.000000 0.929727 -0.368251
vn -1.000000 0.000000 0.000000
vn -1.000000 0.000000 0.000000
vn -1.000000 0.000000 0.000000
vn -1.000000 0.000000 0.000000
vn 1.000000 -0.000000 -0.000000
vn 1.000000 -0.000000 -0.000000
vn 1.000000 -0.000000 -0.000000
vn 1.000000 -0.000000 -0.000000
f 1746/3973/3924 1747/3974/3925 1749/3975/3926
f 1749/3975/3926 1747/3974/3925 1748/3976/3927
f 1750/3977/3928 1746/3978/3929 1751/3979/3930
f 1751/3979/3930 1746/3978/3929 1749/3980/3931
f 1752/3981/3932 1750/3982/3933 1753/3983/3934
f 1753/3983/3934 1750/3982/3933 1751/3984/3935
f 1747/3985/3936 1752/3986/3937 1748/3987/3938
f 1748/3987/3938 1752/3986/3937 1753/3988/3939
f 1753/3989/3940 1751/3990/3941 1748/3991/3942
f 1748/3991/3942 1751/3990/3941 1749/3992/3943
f 1752/3993/3944 1747/3994/3945 1750/3995/3946
f 1750/3995/3946 1747/3994/3945 1746/3996/3947
# 1753 vertices
# 3996 texture params
# 3947 normals
# 3502 facets

# 13 groups
