Added Component: Designator=C1(FP-BFC233820225-MFG)
Add component (AddParameter): Name = "Capacitance"; Value = "2.2µF"; VariantName = "[No Variations]"
Add component (AddParameter): Name = "Case/Package"; Value = "Radial"; VariantName = "[No Variations]"
Add component (AddParameter): Name = "Contact Plating"; Value = "Tin"; VariantName = "[No Variations]"
Add component (AddParameter): Name = "Depth"; Value = "15mm"; VariantName = "[No Variations]"
Add component (AddParameter): Name = "Diameter"; Value = "18mm"; VariantName = "[No Variations]"
Add component (AddParameter): Name = "Dielectric"; Value = "PP"; VariantName = "[No Variations]"
Add component (AddParameter): Name = "Dielectric Material"; Value = "PP"; VariantName = "[No Variations]"
Add component (AddParameter): Name = "Height"; Value = "28mm"; VariantName = "[No Variations]"
Add component (AddParameter): Name = "Height - Seated (Max)"; Value = "24.9936mm"; VariantName = "[No Variations]"
Add component (AddParameter): Name = "Insulation Resistance"; Value = "11GO"; VariantName = "[No Variations]"
Add component (AddParameter): Name = "Lead Diameter"; Value = "800µm"; VariantName = "[No Variations]"
Add component (AddParameter): Name = "Lead Free"; Value = "Lead Free"; VariantName = "[No Variations]"
Add component (AddParameter): Name = "Lead Pitch"; Value = "27.5mm"; VariantName = "[No Variations]"
Add component (AddParameter): Name = "Length"; Value = "31.5mm"; VariantName = "[No Variations]"
Add component (AddParameter): Name = "Max Operating Temperature"; Value = "110°C"; VariantName = "[No Variations]"
Add component (AddParameter): Name = "Min Operating Temperature"; Value = "-55°C"; VariantName = "[No Variations]"
Add component (AddParameter): Name = "Mount"; Value = "Through Hole"; VariantName = "[No Variations]"
Add component (AddParameter): Name = "NexarPartId"; Value = "39758189"; VariantName = "[No Variations]"
Add component (AddParameter): Name = "Number of Pins"; Value = "2"; VariantName = "[No Variations]"
Add component (AddParameter): Name = "Packaging"; Value = "Bulk"; VariantName = "[No Variations]"
Add component (AddParameter): Name = "Radiation Hardening"; Value = "No"; VariantName = "[No Variations]"
Add component (AddParameter): Name = "REACH SVHC"; Value = "Unknown"; VariantName = "[No Variations]"
Add component (AddParameter): Name = "RoHS"; Value = "Compliant"; VariantName = "[No Variations]"
Add component (AddParameter): Name = "Schedule B"; Value = "8532250020, 8532250020"; VariantName = "[No Variations]"
Add component (AddParameter): Name = "Termination"; Value = "Radial"; VariantName = "[No Variations]"
Add component (AddParameter): Name = "Tolerance"; Value = "20%"; VariantName = "[No Variations]"
Add component (AddParameter): Name = "Voltage Rating"; Value = "630V"; VariantName = "[No Variations]"
Add component (AddParameter): Name = "Voltage Rating (AC)"; Value = "400V"; VariantName = "[No Variations]"
Add component (AddParameter): Name = "Voltage Rating (DC)"; Value = "630V"; VariantName = "[No Variations]"
Add component (AddParameter): Name = "Width"; Value = "15.0114mm"; VariantName = "[No Variations]"
Added Component: Designator=C2(CAPC1608X90X35LL15T15)
Add component (AddParameter): Name = "Manufacturer"; Value = "AVX Interconnect / Elco"; VariantName = "[No Variations]"
Add component (AddParameter): Name = "Part Number"; Value = "06035C104KAT4A"; VariantName = "[No Variations]"
Add component (AddParameter): Name = "Value"; Value = "100nF"; VariantName = "[No Variations]"
Added Component: Designator=C3(CAPC1608X87X35NL15T15)
Add component (AddParameter): Name = "Manufacturer"; Value = "Kemet"; VariantName = "[No Variations]"
Add component (AddParameter): Name = "Part Number"; Value = "C0603C475K8PACTU"; VariantName = "[No Variations]"
Add component (AddParameter): Name = "Value"; Value = "100nF"; VariantName = "[No Variations]"
Added Component: Designator=C4(FP-BFC233820225-MFG)
Add component (AddParameter): Name = "Capacitance"; Value = "2.2µF"; VariantName = "[No Variations]"
Add component (AddParameter): Name = "Case/Package"; Value = "Radial"; VariantName = "[No Variations]"
Add component (AddParameter): Name = "Contact Plating"; Value = "Tin"; VariantName = "[No Variations]"
Add component (AddParameter): Name = "Depth"; Value = "15mm"; VariantName = "[No Variations]"
Add component (AddParameter): Name = "Diameter"; Value = "18mm"; VariantName = "[No Variations]"
Add component (AddParameter): Name = "Dielectric"; Value = "PP"; VariantName = "[No Variations]"
Add component (AddParameter): Name = "Dielectric Material"; Value = "PP"; VariantName = "[No Variations]"
Add component (AddParameter): Name = "Height"; Value = "28mm"; VariantName = "[No Variations]"
Add component (AddParameter): Name = "Height - Seated (Max)"; Value = "24.9936mm"; VariantName = "[No Variations]"
Add component (AddParameter): Name = "Insulation Resistance"; Value = "11GO"; VariantName = "[No Variations]"
Add component (AddParameter): Name = "Lead Diameter"; Value = "800µm"; VariantName = "[No Variations]"
Add component (AddParameter): Name = "Lead Free"; Value = "Lead Free"; VariantName = "[No Variations]"
Add component (AddParameter): Name = "Lead Pitch"; Value = "27.5mm"; VariantName = "[No Variations]"
Add component (AddParameter): Name = "Length"; Value = "31.5mm"; VariantName = "[No Variations]"
Add component (AddParameter): Name = "Max Operating Temperature"; Value = "110°C"; VariantName = "[No Variations]"
Add component (AddParameter): Name = "Min Operating Temperature"; Value = "-55°C"; VariantName = "[No Variations]"
Add component (AddParameter): Name = "Mount"; Value = "Through Hole"; VariantName = "[No Variations]"
Add component (AddParameter): Name = "NexarPartId"; Value = "39758189"; VariantName = "[No Variations]"
Add component (AddParameter): Name = "Number of Pins"; Value = "2"; VariantName = "[No Variations]"
Add component (AddParameter): Name = "Packaging"; Value = "Bulk"; VariantName = "[No Variations]"
Add component (AddParameter): Name = "Radiation Hardening"; Value = "No"; VariantName = "[No Variations]"
Add component (AddParameter): Name = "REACH SVHC"; Value = "Unknown"; VariantName = "[No Variations]"
Add component (AddParameter): Name = "RoHS"; Value = "Compliant"; VariantName = "[No Variations]"
Add component (AddParameter): Name = "Schedule B"; Value = "8532250020, 8532250020"; VariantName = "[No Variations]"
Add component (AddParameter): Name = "Termination"; Value = "Radial"; VariantName = "[No Variations]"
Add component (AddParameter): Name = "Tolerance"; Value = "20%"; VariantName = "[No Variations]"
Add component (AddParameter): Name = "Voltage Rating"; Value = "630V"; VariantName = "[No Variations]"
Add component (AddParameter): Name = "Voltage Rating (AC)"; Value = "400V"; VariantName = "[No Variations]"
Add component (AddParameter): Name = "Voltage Rating (DC)"; Value = "630V"; VariantName = "[No Variations]"
Add component (AddParameter): Name = "Width"; Value = "15.0114mm"; VariantName = "[No Variations]"
Added Component: Designator=C5(FP-CL17-IPC_C)
Add component (AddParameter): Name = "Capacitance"; Value = "100nF"; VariantName = "[No Variations]"
Add component (AddParameter): Name = "Case Code (Imperial)"; Value = "0402"; VariantName = "[No Variations]"
Add component (AddParameter): Name = "Case Code (Metric)"; Value = "1005"; VariantName = "[No Variations]"
Add component (AddParameter): Name = "Case/Package"; Value = "0402"; VariantName = "[No Variations]"
Add component (AddParameter): Name = "Contact Plating"; Value = "Tin"; VariantName = "[No Variations]"
Add component (AddParameter): Name = "Depth"; Value = "0.5mm"; VariantName = "[No Variations]"
Add component (AddParameter): Name = "Dielectric"; Value = "X7R"; VariantName = "[No Variations]"
Add component (AddParameter): Name = "Height"; Value = "0.5mm"; VariantName = "[No Variations]"
Add component (AddParameter): Name = "Length"; Value = "1mm"; VariantName = "[No Variations]"
Add component (AddParameter): Name = "Max Operating Temperature"; Value = "125°C"; VariantName = "[No Variations]"
Add component (AddParameter): Name = "Min Operating Temperature"; Value = "-55°C"; VariantName = "[No Variations]"
Add component (AddParameter): Name = "Mount"; Value = "Surface Mount"; VariantName = "[No Variations]"
Add component (AddParameter): Name = "Package Quantity"; Value = "1"; VariantName = "[No Variations]"
Add component (AddParameter): Name = "Packaging"; Value = "Tape and Reel"; VariantName = "[No Variations]"
Add component (AddParameter): Name = "Radiation Hardening"; Value = "No"; VariantName = "[No Variations]"
Add component (AddParameter): Name = "Thickness"; Value = "0.022inch"; VariantName = "[No Variations]"
Add component (AddParameter): Name = "Tolerance"; Value = "10%"; VariantName = "[No Variations]"
Add component (AddParameter): Name = "Voltage Rating"; Value = "10V"; VariantName = "[No Variations]"
Add component (AddParameter): Name = "Width"; Value = "0.02inch"; VariantName = "[No Variations]"
Added Component: Designator=C6(FP-CL17-IPC_C)
Add component (AddParameter): Name = "Capacitance"; Value = "100nF"; VariantName = "[No Variations]"
Add component (AddParameter): Name = "Case Code (Imperial)"; Value = "0402"; VariantName = "[No Variations]"
Add component (AddParameter): Name = "Case Code (Metric)"; Value = "1005"; VariantName = "[No Variations]"
Add component (AddParameter): Name = "Case/Package"; Value = "0402"; VariantName = "[No Variations]"
Add component (AddParameter): Name = "Contact Plating"; Value = "Tin"; VariantName = "[No Variations]"
Add component (AddParameter): Name = "Depth"; Value = "0.5mm"; VariantName = "[No Variations]"
Add component (AddParameter): Name = "Dielectric"; Value = "X7R"; VariantName = "[No Variations]"
Add component (AddParameter): Name = "Height"; Value = "0.5mm"; VariantName = "[No Variations]"
Add component (AddParameter): Name = "Length"; Value = "1mm"; VariantName = "[No Variations]"
Add component (AddParameter): Name = "Max Operating Temperature"; Value = "125°C"; VariantName = "[No Variations]"
Add component (AddParameter): Name = "Min Operating Temperature"; Value = "-55°C"; VariantName = "[No Variations]"
Add component (AddParameter): Name = "Mount"; Value = "Surface Mount"; VariantName = "[No Variations]"
Add component (AddParameter): Name = "Package Quantity"; Value = "1"; VariantName = "[No Variations]"
Add component (AddParameter): Name = "Packaging"; Value = "Tape and Reel"; VariantName = "[No Variations]"
Add component (AddParameter): Name = "Radiation Hardening"; Value = "No"; VariantName = "[No Variations]"
Add component (AddParameter): Name = "Thickness"; Value = "0.022inch"; VariantName = "[No Variations]"
Add component (AddParameter): Name = "Tolerance"; Value = "10%"; VariantName = "[No Variations]"
Add component (AddParameter): Name = "Voltage Rating"; Value = "10V"; VariantName = "[No Variations]"
Add component (AddParameter): Name = "Width"; Value = "0.02inch"; VariantName = "[No Variations]"
Added Component: Designator=C7(FP-CL17-IPC_C)
Add component (AddParameter): Name = "Capacitance"; Value = "100nF"; VariantName = "[No Variations]"
Add component (AddParameter): Name = "Case Code (Imperial)"; Value = "0402"; VariantName = "[No Variations]"
Add component (AddParameter): Name = "Case Code (Metric)"; Value = "1005"; VariantName = "[No Variations]"
Add component (AddParameter): Name = "Case/Package"; Value = "0402"; VariantName = "[No Variations]"
Add component (AddParameter): Name = "Contact Plating"; Value = "Tin"; VariantName = "[No Variations]"
Add component (AddParameter): Name = "Depth"; Value = "0.5mm"; VariantName = "[No Variations]"
Add component (AddParameter): Name = "Dielectric"; Value = "X7R"; VariantName = "[No Variations]"
Add component (AddParameter): Name = "Height"; Value = "0.5mm"; VariantName = "[No Variations]"
Add component (AddParameter): Name = "Length"; Value = "1mm"; VariantName = "[No Variations]"
Add component (AddParameter): Name = "Max Operating Temperature"; Value = "125°C"; VariantName = "[No Variations]"
Add component (AddParameter): Name = "Min Operating Temperature"; Value = "-55°C"; VariantName = "[No Variations]"
Add component (AddParameter): Name = "Mount"; Value = "Surface Mount"; VariantName = "[No Variations]"
Add component (AddParameter): Name = "Package Quantity"; Value = "1"; VariantName = "[No Variations]"
Add component (AddParameter): Name = "Packaging"; Value = "Tape and Reel"; VariantName = "[No Variations]"
Add component (AddParameter): Name = "Radiation Hardening"; Value = "No"; VariantName = "[No Variations]"
Add component (AddParameter): Name = "Thickness"; Value = "0.022inch"; VariantName = "[No Variations]"
Add component (AddParameter): Name = "Tolerance"; Value = "10%"; VariantName = "[No Variations]"
Add component (AddParameter): Name = "Voltage Rating"; Value = "10V"; VariantName = "[No Variations]"
Add component (AddParameter): Name = "Width"; Value = "0.02inch"; VariantName = "[No Variations]"
Added Component: Designator=C8(FP-CL17-IPC_C)
Add component (AddParameter): Name = "Capacitance"; Value = "100nF"; VariantName = "[No Variations]"
Add component (AddParameter): Name = "Case Code (Imperial)"; Value = "0402"; VariantName = "[No Variations]"
Add component (AddParameter): Name = "Case Code (Metric)"; Value = "1005"; VariantName = "[No Variations]"
Add component (AddParameter): Name = "Case/Package"; Value = "0402"; VariantName = "[No Variations]"
Add component (AddParameter): Name = "Contact Plating"; Value = "Tin"; VariantName = "[No Variations]"
Add component (AddParameter): Name = "Depth"; Value = "0.5mm"; VariantName = "[No Variations]"
Add component (AddParameter): Name = "Dielectric"; Value = "X7R"; VariantName = "[No Variations]"
Add component (AddParameter): Name = "Height"; Value = "0.5mm"; VariantName = "[No Variations]"
Add component (AddParameter): Name = "Length"; Value = "1mm"; VariantName = "[No Variations]"
Add component (AddParameter): Name = "Max Operating Temperature"; Value = "125°C"; VariantName = "[No Variations]"
Add component (AddParameter): Name = "Min Operating Temperature"; Value = "-55°C"; VariantName = "[No Variations]"
Add component (AddParameter): Name = "Mount"; Value = "Surface Mount"; VariantName = "[No Variations]"
Add component (AddParameter): Name = "Package Quantity"; Value = "1"; VariantName = "[No Variations]"
Add component (AddParameter): Name = "Packaging"; Value = "Tape and Reel"; VariantName = "[No Variations]"
Add component (AddParameter): Name = "Radiation Hardening"; Value = "No"; VariantName = "[No Variations]"
Add component (AddParameter): Name = "Thickness"; Value = "0.022inch"; VariantName = "[No Variations]"
Add component (AddParameter): Name = "Tolerance"; Value = "10%"; VariantName = "[No Variations]"
Add component (AddParameter): Name = "Voltage Rating"; Value = "10V"; VariantName = "[No Variations]"
Add component (AddParameter): Name = "Width"; Value = "0.02inch"; VariantName = "[No Variations]"
Added Component: Designator=C9(FP-CL17-IPC_C)
Add component (AddParameter): Name = "Capacitance"; Value = "100nF"; VariantName = "[No Variations]"
Add component (AddParameter): Name = "Case Code (Imperial)"; Value = "0402"; VariantName = "[No Variations]"
Add component (AddParameter): Name = "Case Code (Metric)"; Value = "1005"; VariantName = "[No Variations]"
Add component (AddParameter): Name = "Case/Package"; Value = "0402"; VariantName = "[No Variations]"
Add component (AddParameter): Name = "Contact Plating"; Value = "Tin"; VariantName = "[No Variations]"
Add component (AddParameter): Name = "Depth"; Value = "0.5mm"; VariantName = "[No Variations]"
Add component (AddParameter): Name = "Dielectric"; Value = "X7R"; VariantName = "[No Variations]"
Add component (AddParameter): Name = "Height"; Value = "0.5mm"; VariantName = "[No Variations]"
Add component (AddParameter): Name = "Length"; Value = "1mm"; VariantName = "[No Variations]"
Add component (AddParameter): Name = "Max Operating Temperature"; Value = "125°C"; VariantName = "[No Variations]"
Add component (AddParameter): Name = "Min Operating Temperature"; Value = "-55°C"; VariantName = "[No Variations]"
Add component (AddParameter): Name = "Mount"; Value = "Surface Mount"; VariantName = "[No Variations]"
Add component (AddParameter): Name = "Package Quantity"; Value = "1"; VariantName = "[No Variations]"
Add component (AddParameter): Name = "Packaging"; Value = "Tape and Reel"; VariantName = "[No Variations]"
Add component (AddParameter): Name = "Radiation Hardening"; Value = "No"; VariantName = "[No Variations]"
Add component (AddParameter): Name = "Thickness"; Value = "0.022inch"; VariantName = "[No Variations]"
Add component (AddParameter): Name = "Tolerance"; Value = "10%"; VariantName = "[No Variations]"
Add component (AddParameter): Name = "Voltage Rating"; Value = "10V"; VariantName = "[No Variations]"
Add component (AddParameter): Name = "Width"; Value = "0.02inch"; VariantName = "[No Variations]"
Added Component: Designator=C10(FP-CL17-IPC_C)
Add component (AddParameter): Name = "Capacitance"; Value = "100nF"; VariantName = "[No Variations]"
Add component (AddParameter): Name = "Case Code (Imperial)"; Value = "0402"; VariantName = "[No Variations]"
Add component (AddParameter): Name = "Case Code (Metric)"; Value = "1005"; VariantName = "[No Variations]"
Add component (AddParameter): Name = "Case/Package"; Value = "0402"; VariantName = "[No Variations]"
Add component (AddParameter): Name = "Contact Plating"; Value = "Tin"; VariantName = "[No Variations]"
Add component (AddParameter): Name = "Depth"; Value = "0.5mm"; VariantName = "[No Variations]"
Add component (AddParameter): Name = "Dielectric"; Value = "X7R"; VariantName = "[No Variations]"
Add component (AddParameter): Name = "Height"; Value = "0.5mm"; VariantName = "[No Variations]"
Add component (AddParameter): Name = "Length"; Value = "1mm"; VariantName = "[No Variations]"
Add component (AddParameter): Name = "Max Operating Temperature"; Value = "125°C"; VariantName = "[No Variations]"
Add component (AddParameter): Name = "Min Operating Temperature"; Value = "-55°C"; VariantName = "[No Variations]"
Add component (AddParameter): Name = "Mount"; Value = "Surface Mount"; VariantName = "[No Variations]"
Add component (AddParameter): Name = "Package Quantity"; Value = "1"; VariantName = "[No Variations]"
Add component (AddParameter): Name = "Packaging"; Value = "Tape and Reel"; VariantName = "[No Variations]"
Add component (AddParameter): Name = "Radiation Hardening"; Value = "No"; VariantName = "[No Variations]"
Add component (AddParameter): Name = "Thickness"; Value = "0.022inch"; VariantName = "[No Variations]"
Add component (AddParameter): Name = "Tolerance"; Value = "10%"; VariantName = "[No Variations]"
Add component (AddParameter): Name = "Voltage Rating"; Value = "10V"; VariantName = "[No Variations]"
Add component (AddParameter): Name = "Width"; Value = "0.02inch"; VariantName = "[No Variations]"
Added Component: Designator=C11(FP-CL17-IPC_C)
Add component (AddParameter): Name = "Capacitance"; Value = "100nF"; VariantName = "[No Variations]"
Add component (AddParameter): Name = "Case Code (Imperial)"; Value = "0402"; VariantName = "[No Variations]"
Add component (AddParameter): Name = "Case Code (Metric)"; Value = "1005"; VariantName = "[No Variations]"
Add component (AddParameter): Name = "Case/Package"; Value = "0402"; VariantName = "[No Variations]"
Add component (AddParameter): Name = "Contact Plating"; Value = "Tin"; VariantName = "[No Variations]"
Add component (AddParameter): Name = "Depth"; Value = "0.5mm"; VariantName = "[No Variations]"
Add component (AddParameter): Name = "Dielectric"; Value = "X7R"; VariantName = "[No Variations]"
Add component (AddParameter): Name = "Height"; Value = "0.5mm"; VariantName = "[No Variations]"
Add component (AddParameter): Name = "Length"; Value = "1mm"; VariantName = "[No Variations]"
Add component (AddParameter): Name = "Max Operating Temperature"; Value = "125°C"; VariantName = "[No Variations]"
Add component (AddParameter): Name = "Min Operating Temperature"; Value = "-55°C"; VariantName = "[No Variations]"
Add component (AddParameter): Name = "Mount"; Value = "Surface Mount"; VariantName = "[No Variations]"
Add component (AddParameter): Name = "Package Quantity"; Value = "1"; VariantName = "[No Variations]"
Add component (AddParameter): Name = "Packaging"; Value = "Tape and Reel"; VariantName = "[No Variations]"
Add component (AddParameter): Name = "Radiation Hardening"; Value = "No"; VariantName = "[No Variations]"
Add component (AddParameter): Name = "Thickness"; Value = "0.022inch"; VariantName = "[No Variations]"
Add component (AddParameter): Name = "Tolerance"; Value = "10%"; VariantName = "[No Variations]"
Add component (AddParameter): Name = "Voltage Rating"; Value = "10V"; VariantName = "[No Variations]"
Add component (AddParameter): Name = "Width"; Value = "0.02inch"; VariantName = "[No Variations]"
Added Component: Designator=C12(FP-B32672Z4105K000-MFG)
Add component (AddParameter): Name = "Capacitance"; Value = "1µF"; VariantName = "[No Variations]"
Add component (AddParameter): Name = "Case/Package"; Value = "Radial"; VariantName = "[No Variations]"
Add component (AddParameter): Name = "Depth"; Value = "11mm"; VariantName = "[No Variations]"
Add component (AddParameter): Name = "Dielectric"; Value = "PP"; VariantName = "[No Variations]"
Add component (AddParameter): Name = "Dielectric Material"; Value = "Polypropylene"; VariantName = "[No Variations]"
Add component (AddParameter): Name = "Features"; Value = "General Purpose"; VariantName = "[No Variations]"
Add component (AddParameter): Name = "Height"; Value = "18.5mm"; VariantName = "[No Variations]"
Add component (AddParameter): Name = "Height - Seated (Max)"; Value = "18.4912mm"; VariantName = "[No Variations]"
Add component (AddParameter): Name = "Lead Diameter"; Value = "800µm"; VariantName = "[No Variations]"
Add component (AddParameter): Name = "Lead Pitch"; Value = "15mm"; VariantName = "[No Variations]"
Add component (AddParameter): Name = "Length"; Value = "18mm"; VariantName = "[No Variations]"
Add component (AddParameter): Name = "Lifecycle Status"; Value = "Production"; VariantName = "[No Variations]"
Add component (AddParameter): Name = "Max Length"; Value = "18mm"; VariantName = "[No Variations]"
Add component (AddParameter): Name = "Max Operating Temperature"; Value = "125°C"; VariantName = "[No Variations]"
Add component (AddParameter): Name = "Max Width"; Value = "11mm"; VariantName = "[No Variations]"
Add component (AddParameter): Name = "Min Operating Temperature"; Value = "-55°C"; VariantName = "[No Variations]"
Add component (AddParameter): Name = "Mount"; Value = "Through Hole"; VariantName = "[No Variations]"
Add component (AddParameter): Name = "NexarPartId"; Value = "19048049"; VariantName = "[No Variations]"
Add component (AddParameter): Name = "Packaging"; Value = "Bulk"; VariantName = "[No Variations]"
Add component (AddParameter): Name = "Radiation Hardening"; Value = "No"; VariantName = "[No Variations]"
Add component (AddParameter): Name = "REACH SVHC"; Value = "No SVHC"; VariantName = "[No Variations]"
Add component (AddParameter): Name = "RoHS"; Value = "Compliant"; VariantName = "[No Variations]"
Add component (AddParameter): Name = "Termination"; Value = "PC Pins"; VariantName = "[No Variations]"
Add component (AddParameter): Name = "Tolerance"; Value = "10%"; VariantName = "[No Variations]"
Add component (AddParameter): Name = "Voltage Rating"; Value = "450V"; VariantName = "[No Variations]"
Add component (AddParameter): Name = "Voltage Rating (AC)"; Value = "220V"; VariantName = "[No Variations]"
Add component (AddParameter): Name = "Voltage Rating (DC)"; Value = "450V"; VariantName = "[No Variations]"
Add component (AddParameter): Name = "Width"; Value = "10.9982mm"; VariantName = "[No Variations]"
Added Component: Designator=C13(CAPC2013X135X45LL10T25)
Add component (AddParameter): Name = "Capacitance"; Value = "4.7 uF"; VariantName = "[No Variations]"
Add component (AddParameter): Name = "Case Code (Imperial)"; Value = "0805"; VariantName = "[No Variations]"
Add component (AddParameter): Name = "Case Code (Metric)"; Value = "2012"; VariantName = "[No Variations]"
Add component (AddParameter): Name = "Case\/Package"; Value = "0805"; VariantName = "[No Variations]"
Add component (AddParameter): Name = "ComponentLink1Description"; Value = "Manufacturer URL"; VariantName = "[No Variations]"
Add component (AddParameter): Name = "ComponentLink1URL"; Value = "http://www.murata.com/"; VariantName = "[No Variations]"
Add component (AddParameter): Name = "ComponentLink2Description"; Value = "Datasheet"; VariantName = "[No Variations]"
Add component (AddParameter): Name = "ComponentLink2URL"; Value = "http://search.murata.co.jp/Ceramy/image/img/A01X/G101/ENG/GRM21BR61C475KA88-01.pdf"; VariantName = "[No Variations]"
Add component (AddParameter): Name = "DatasheetVersion"; Value = "03/2016"; VariantName = "[No Variations]"
Add component (AddParameter): Name = "Height"; Value = "1.25 mm"; VariantName = "[No Variations]"
Add component (AddParameter): Name = "Length"; Value = "2 mm"; VariantName = "[No Variations]"
Add component (AddParameter): Name = "Max Operating Temperature"; Value = "85 degC"; VariantName = "[No Variations]"
Add component (AddParameter): Name = "Min Operating Temperature"; Value = "-55 degC"; VariantName = "[No Variations]"
Add component (AddParameter): Name = "Mount"; Value = "Surface Mount"; VariantName = "[No Variations]"
Add component (AddParameter): Name = "Mounting Technology"; Value = "Surface Mount"; VariantName = "[No Variations]"
Add component (AddParameter): Name = "Package Quantity"; Value = "3000"; VariantName = "[No Variations]"
Add component (AddParameter): Name = "PackageDescription"; Value = "2-Pin Surface Mount Device, Body 2 x 1.25 mm"; VariantName = "[No Variations]"
Add component (AddParameter): Name = "PackageReference"; Value = "0805"; VariantName = "[No Variations]"
Add component (AddParameter): Name = "Packaging"; Value = "Tape and Reel"; VariantName = "[No Variations]"
Add component (AddParameter): Name = "PartNumber"; Value = "GRM21BR61C475KA88L"; VariantName = "[No Variations]"
Add component (AddParameter): Name = "Pins"; Value = "2"; VariantName = "[No Variations]"
Add component (AddParameter): Name = "Radiation Hardening"; Value = "No"; VariantName = "[No Variations]"
Add component (AddParameter): Name = "REACH SVHC"; Value = "No SVHC"; VariantName = "[No Variations]"
Add component (AddParameter): Name = "RoHSCompliant"; Value = "true"; VariantName = "[No Variations]"
Add component (AddParameter): Name = "Tolerance"; Value = "10%"; VariantName = "[No Variations]"
Add component (AddParameter): Name = "Type (Capacitors)"; Value = "X5R"; VariantName = "[No Variations]"
Add component (AddParameter): Name = "Voltage Rating"; Value = "16 V"; VariantName = "[No Variations]"
Add component (AddParameter): Name = "Voltage Rating (DC)"; Value = "16 V"; VariantName = "[No Variations]"
Add component (AddParameter): Name = "Width"; Value = "1.25 mm"; VariantName = "[No Variations]"
Added Component: Designator=C14(FP-C1608-080-0_1-IPC_B)
Add component (AddParameter): Name = "Capacitance"; Value = "1uF"; VariantName = "[No Variations]"
Add component (AddParameter): Name = "Case Code (Imperial)"; Value = "0603"; VariantName = "[No Variations]"
Add component (AddParameter): Name = "Case Code (Metric)"; Value = "1608"; VariantName = "[No Variations]"
Add component (AddParameter): Name = "Case/Package"; Value = "0603"; VariantName = "[No Variations]"
Add component (AddParameter): Name = "Construction"; Value = "Flat"; VariantName = "[No Variations]"
Add component (AddParameter): Name = "Depth"; Value = "0.8mm"; VariantName = "[No Variations]"
Add component (AddParameter): Name = "Dielectric"; Value = "X5R"; VariantName = "[No Variations]"
Add component (AddParameter): Name = "Dielectric Material"; Value = "Ceramic"; VariantName = "[No Variations]"
Add component (AddParameter): Name = "Height"; Value = "0.8mm"; VariantName = "[No Variations]"
Add component (AddParameter): Name = "Lead Free"; Value = "Lead Free"; VariantName = "[No Variations]"
Add component (AddParameter): Name = "Length"; Value = "1.6mm"; VariantName = "[No Variations]"
Add component (AddParameter): Name = "Max Operating Temperature"; Value = "85°C"; VariantName = "[No Variations]"
Add component (AddParameter): Name = "Min Operating Temperature"; Value = "-55°C"; VariantName = "[No Variations]"
Add component (AddParameter): Name = "Mount"; Value = "Surface Mount"; VariantName = "[No Variations]"
Add component (AddParameter): Name = "Number of Pins"; Value = "2"; VariantName = "[No Variations]"
Add component (AddParameter): Name = "Package Quantity"; Value = "1"; VariantName = "[No Variations]"
Add component (AddParameter): Name = "Packaging"; Value = "Tape and Reel"; VariantName = "[No Variations]"
Add component (AddParameter): Name = "Radiation Hardening"; Value = "No"; VariantName = "[No Variations]"
Add component (AddParameter): Name = "REACH SVHC"; Value = "No SVHC"; VariantName = "[No Variations]"
Add component (AddParameter): Name = "Resistor Type"; Value = "Ceramic"; VariantName = "[No Variations]"
Add component (AddParameter): Name = "RoHS Compliant"; Value = "Yes"; VariantName = "[No Variations]"
Add component (AddParameter): Name = "Series"; Value = "C"; VariantName = "[No Variations]"
Add component (AddParameter): Name = "Termination"; Value = "SMD/SMT"; VariantName = "[No Variations]"
Add component (AddParameter): Name = "Thickness"; Value = "0.035inch"; VariantName = "[No Variations]"
Add component (AddParameter): Name = "Tolerance"; Value = "10%"; VariantName = "[No Variations]"
Add component (AddParameter): Name = "Voltage"; Value = "50V"; VariantName = "[No Variations]"
Add component (AddParameter): Name = "Voltage Rating"; Value = "50V"; VariantName = "[No Variations]"
Add component (AddParameter): Name = "Voltage Rating (DC)"; Value = "50V"; VariantName = "[No Variations]"
Add component (AddParameter): Name = "Weight"; Value = "7.1E-05oz"; VariantName = "[No Variations]"
Add component (AddParameter): Name = "Width"; Value = "0.031inch"; VariantName = "[No Variations]"
Added Component: Designator=C15(FP-CC0603-DA-MFG)
Add component (AddParameter): Name = "Automotive"; Value = "No"; VariantName = "[No Variations]"
Add component (AddParameter): Name = "Capacitance"; Value = "100 pF"; VariantName = "[No Variations]"
Add component (AddParameter): Name = "Category"; Value = "Cap"; VariantName = "[No Variations]"
Add component (AddParameter): Name = "ComponentLink2Description"; Value = "Datasheet"; VariantName = "[No Variations]"
Add component (AddParameter): Name = "ComponentLink2URL"; Value = "http://www.yageo.com/documents/recent/UPY-GPHC_X7R_6.3V-to-50V_18.pdf"; VariantName = "[No Variations]"
Add component (AddParameter): Name = "Device Class L1"; Value = "Passive Components"; VariantName = "[No Variations]"
Add component (AddParameter): Name = "Device Class L2"; Value = "Capacitors"; VariantName = "[No Variations]"
Add component (AddParameter): Name = "Device Class L3"; Value = "Ceramic Capacitors"; VariantName = "[No Variations]"
Add component (AddParameter): Name = "Digikey Description"; Value = "CAP CER 100PF 50V X7R 0603"; VariantName = "[No Variations]"
Add component (AddParameter): Name = "Footprint Url"; Value = "http://www.yageo.com/exep/pages/download/literatures/UPY-C_GEN_24.pdf"; VariantName = "[No Variations]"
Add component (AddParameter): Name = "Height"; Value = "0.9mm"; VariantName = "[No Variations]"
Add component (AddParameter): Name = "Lead Free"; Value = "Yes"; VariantName = "[No Variations]"
Add component (AddParameter): Name = "Manufacturer"; Value = "YAGEO"; VariantName = "[No Variations]"
Add component (AddParameter): Name = "Manufacturer Part Number"; Value = "CC0603KRX7R9BB101"; VariantName = "[No Variations]"
Add component (AddParameter): Name = "Material"; Value = "Ceramic"; VariantName = "[No Variations]"
Add component (AddParameter): Name = "Mouser Description"; Value = "Multilayer Ceramic Capacitor, CC Series, 100 pF, - 10%, X7R, 50 V, 0603 [1608 Metric]"; VariantName = "[No Variations]"
Add component (AddParameter): Name = "Octopart"; Value = "https://octopart.com/cc0603krx7r9bb101-yageo-42334526"; VariantName = "[No Variations]"
Add component (AddParameter): Name = "Package"; Value = "CC0603-DA"; VariantName = "[No Variations]"
Add component (AddParameter): Name = "RoHS"; Value = "TRUE"; VariantName = "[No Variations]"
Add component (AddParameter): Name = "Temperature"; Value = "-55°C to +125°C"; VariantName = "[No Variations]"
Add component (AddParameter): Name = "Temperature Characteristic"; Value = "X7R"; VariantName = "[No Variations]"
Add component (AddParameter): Name = "Temperature Coefficient"; Value = "15%"; VariantName = "[No Variations]"
Add component (AddParameter): Name = "Temperature Range High"; Value = "+125°C"; VariantName = "[No Variations]"
Add component (AddParameter): Name = "Temperature Range Low"; Value = "-55°C"; VariantName = "[No Variations]"
Add component (AddParameter): Name = "Tolerance"; Value = "0.1"; VariantName = "[No Variations]"
Add component (AddParameter): Name = "Value"; Value = "100 pF"; VariantName = "[No Variations]"
Add component (AddParameter): Name = "Voltage"; Value = "50 V"; VariantName = "[No Variations]"
Add component (AddParameter): Name = "Voltage Rating"; Value = "50 V"; VariantName = "[No Variations]"
Added Component: Designator=C16(FP-0603-L_1_6_0_15-W_0_81-MFG)
Add component (AddParameter): Name = "Capacitance"; Value = "10nF"; VariantName = "[No Variations]"
Add component (AddParameter): Name = "Case Code (Imperial)"; Value = "0603"; VariantName = "[No Variations]"
Add component (AddParameter): Name = "Case Code (Metric)"; Value = "1608"; VariantName = "[No Variations]"
Add component (AddParameter): Name = "Case/Package"; Value = "0603"; VariantName = "[No Variations]"
Add component (AddParameter): Name = "Contact Plating"; Value = "Tin"; VariantName = "[No Variations]"
Add component (AddParameter): Name = "Depth"; Value = "0.81mm"; VariantName = "[No Variations]"
Add component (AddParameter): Name = "Dielectric"; Value = "X7R"; VariantName = "[No Variations]"
Add component (AddParameter): Name = "Dielectric Material"; Value = "Ceramic"; VariantName = "[No Variations]"
Add component (AddParameter): Name = "Dissipation Factor"; Value = "2.5%"; VariantName = "[No Variations]"
Add component (AddParameter): Name = "Height"; Value = "0.9mm"; VariantName = "[No Variations]"
Add component (AddParameter): Name = "Insulation Resistance"; Value = "100GR"; VariantName = "[No Variations]"
Add component (AddParameter): Name = "Lead Free"; Value = "Lead Free"; VariantName = "[No Variations]"
Add component (AddParameter): Name = "Length"; Value = "1.6mm"; VariantName = "[No Variations]"
Add component (AddParameter): Name = "Max Operating Temperature"; Value = "125°C"; VariantName = "[No Variations]"
Add component (AddParameter): Name = "Min Operating Temperature"; Value = "-55°C"; VariantName = "[No Variations]"
Add component (AddParameter): Name = "Mount"; Value = "Surface Mount"; VariantName = "[No Variations]"
Add component (AddParameter): Name = "Number of Pins"; Value = "2"; VariantName = "[No Variations]"
Add component (AddParameter): Name = "Package Quantity"; Value = "1"; VariantName = "[No Variations]"
Add component (AddParameter): Name = "Packaging"; Value = "Tape and Reel"; VariantName = "[No Variations]"
Add component (AddParameter): Name = "Radiation Hardening"; Value = "No"; VariantName = "[No Variations]"
Add component (AddParameter): Name = "REACH SVHC"; Value = "No SVHC"; VariantName = "[No Variations]"
Add component (AddParameter): Name = "Termination"; Value = "SMD/SMT"; VariantName = "[No Variations]"
Add component (AddParameter): Name = "Thickness"; Value = "0.035inch"; VariantName = "[No Variations]"
Add component (AddParameter): Name = "Tolerance"; Value = "10%"; VariantName = "[No Variations]"
Add component (AddParameter): Name = "Voltage"; Value = "50V"; VariantName = "[No Variations]"
Add component (AddParameter): Name = "Voltage Rating"; Value = "50V"; VariantName = "[No Variations]"
Add component (AddParameter): Name = "Voltage Rating (DC)"; Value = "50V"; VariantName = "[No Variations]"
Add component (AddParameter): Name = "Width"; Value = "0.032inch"; VariantName = "[No Variations]"
Added Component: Designator=C17(FP-B32672Z4105K000-MFG)
Add component (AddParameter): Name = "Capacitance"; Value = "1µF"; VariantName = "[No Variations]"
Add component (AddParameter): Name = "Case/Package"; Value = "Radial"; VariantName = "[No Variations]"
Add component (AddParameter): Name = "Depth"; Value = "11mm"; VariantName = "[No Variations]"
Add component (AddParameter): Name = "Dielectric"; Value = "PP"; VariantName = "[No Variations]"
Add component (AddParameter): Name = "Dielectric Material"; Value = "Polypropylene"; VariantName = "[No Variations]"
Add component (AddParameter): Name = "Features"; Value = "General Purpose"; VariantName = "[No Variations]"
Add component (AddParameter): Name = "Height"; Value = "18.5mm"; VariantName = "[No Variations]"
Add component (AddParameter): Name = "Height - Seated (Max)"; Value = "18.4912mm"; VariantName = "[No Variations]"
Add component (AddParameter): Name = "Lead Diameter"; Value = "800µm"; VariantName = "[No Variations]"
Add component (AddParameter): Name = "Lead Pitch"; Value = "15mm"; VariantName = "[No Variations]"
Add component (AddParameter): Name = "Length"; Value = "18mm"; VariantName = "[No Variations]"
Add component (AddParameter): Name = "Lifecycle Status"; Value = "Production"; VariantName = "[No Variations]"
Add component (AddParameter): Name = "Max Length"; Value = "18mm"; VariantName = "[No Variations]"
Add component (AddParameter): Name = "Max Operating Temperature"; Value = "125°C"; VariantName = "[No Variations]"
Add component (AddParameter): Name = "Max Width"; Value = "11mm"; VariantName = "[No Variations]"
Add component (AddParameter): Name = "Min Operating Temperature"; Value = "-55°C"; VariantName = "[No Variations]"
Add component (AddParameter): Name = "Mount"; Value = "Through Hole"; VariantName = "[No Variations]"
Add component (AddParameter): Name = "NexarPartId"; Value = "19048049"; VariantName = "[No Variations]"
Add component (AddParameter): Name = "Packaging"; Value = "Bulk"; VariantName = "[No Variations]"
Add component (AddParameter): Name = "Radiation Hardening"; Value = "No"; VariantName = "[No Variations]"
Add component (AddParameter): Name = "REACH SVHC"; Value = "No SVHC"; VariantName = "[No Variations]"
Add component (AddParameter): Name = "RoHS"; Value = "Compliant"; VariantName = "[No Variations]"
Add component (AddParameter): Name = "Termination"; Value = "PC Pins"; VariantName = "[No Variations]"
Add component (AddParameter): Name = "Tolerance"; Value = "10%"; VariantName = "[No Variations]"
Add component (AddParameter): Name = "Voltage Rating"; Value = "450V"; VariantName = "[No Variations]"
Add component (AddParameter): Name = "Voltage Rating (AC)"; Value = "220V"; VariantName = "[No Variations]"
Add component (AddParameter): Name = "Voltage Rating (DC)"; Value = "450V"; VariantName = "[No Variations]"
Add component (AddParameter): Name = "Width"; Value = "10.9982mm"; VariantName = "[No Variations]"
Added Component: Designator=C18(CAPC2013X135X45LL10T25)
Add component (AddParameter): Name = "Capacitance"; Value = "4.7 uF"; VariantName = "[No Variations]"
Add component (AddParameter): Name = "Case Code (Imperial)"; Value = "0805"; VariantName = "[No Variations]"
Add component (AddParameter): Name = "Case Code (Metric)"; Value = "2012"; VariantName = "[No Variations]"
Add component (AddParameter): Name = "Case\/Package"; Value = "0805"; VariantName = "[No Variations]"
Add component (AddParameter): Name = "ComponentLink1Description"; Value = "Manufacturer URL"; VariantName = "[No Variations]"
Add component (AddParameter): Name = "ComponentLink1URL"; Value = "http://www.murata.com/"; VariantName = "[No Variations]"
Add component (AddParameter): Name = "ComponentLink2Description"; Value = "Datasheet"; VariantName = "[No Variations]"
Add component (AddParameter): Name = "ComponentLink2URL"; Value = "http://search.murata.co.jp/Ceramy/image/img/A01X/G101/ENG/GRM21BR61C475KA88-01.pdf"; VariantName = "[No Variations]"
Add component (AddParameter): Name = "DatasheetVersion"; Value = "03/2016"; VariantName = "[No Variations]"
Add component (AddParameter): Name = "Height"; Value = "1.25 mm"; VariantName = "[No Variations]"
Add component (AddParameter): Name = "Length"; Value = "2 mm"; VariantName = "[No Variations]"
Add component (AddParameter): Name = "Max Operating Temperature"; Value = "85 degC"; VariantName = "[No Variations]"
Add component (AddParameter): Name = "Min Operating Temperature"; Value = "-55 degC"; VariantName = "[No Variations]"
Add component (AddParameter): Name = "Mount"; Value = "Surface Mount"; VariantName = "[No Variations]"
Add component (AddParameter): Name = "Mounting Technology"; Value = "Surface Mount"; VariantName = "[No Variations]"
Add component (AddParameter): Name = "Package Quantity"; Value = "3000"; VariantName = "[No Variations]"
Add component (AddParameter): Name = "PackageDescription"; Value = "2-Pin Surface Mount Device, Body 2 x 1.25 mm"; VariantName = "[No Variations]"
Add component (AddParameter): Name = "PackageReference"; Value = "0805"; VariantName = "[No Variations]"
Add component (AddParameter): Name = "Packaging"; Value = "Tape and Reel"; VariantName = "[No Variations]"
Add component (AddParameter): Name = "PartNumber"; Value = "GRM21BR61C475KA88L"; VariantName = "[No Variations]"
Add component (AddParameter): Name = "Pins"; Value = "2"; VariantName = "[No Variations]"
Add component (AddParameter): Name = "Radiation Hardening"; Value = "No"; VariantName = "[No Variations]"
Add component (AddParameter): Name = "REACH SVHC"; Value = "No SVHC"; VariantName = "[No Variations]"
Add component (AddParameter): Name = "RoHSCompliant"; Value = "true"; VariantName = "[No Variations]"
Add component (AddParameter): Name = "Tolerance"; Value = "10%"; VariantName = "[No Variations]"
Add component (AddParameter): Name = "Type (Capacitors)"; Value = "X5R"; VariantName = "[No Variations]"
Add component (AddParameter): Name = "Voltage Rating"; Value = "16 V"; VariantName = "[No Variations]"
Add component (AddParameter): Name = "Voltage Rating (DC)"; Value = "16 V"; VariantName = "[No Variations]"
Add component (AddParameter): Name = "Width"; Value = "1.25 mm"; VariantName = "[No Variations]"
Added Component: Designator=C19(FP-C1608-080-0_1-IPC_B)
Add component (AddParameter): Name = "Capacitance"; Value = "1uF"; VariantName = "[No Variations]"
Add component (AddParameter): Name = "Case Code (Imperial)"; Value = "0603"; VariantName = "[No Variations]"
Add component (AddParameter): Name = "Case Code (Metric)"; Value = "1608"; VariantName = "[No Variations]"
Add component (AddParameter): Name = "Case/Package"; Value = "0603"; VariantName = "[No Variations]"
Add component (AddParameter): Name = "Construction"; Value = "Flat"; VariantName = "[No Variations]"
Add component (AddParameter): Name = "Depth"; Value = "0.8mm"; VariantName = "[No Variations]"
Add component (AddParameter): Name = "Dielectric"; Value = "X5R"; VariantName = "[No Variations]"
Add component (AddParameter): Name = "Dielectric Material"; Value = "Ceramic"; VariantName = "[No Variations]"
Add component (AddParameter): Name = "Height"; Value = "0.8mm"; VariantName = "[No Variations]"
Add component (AddParameter): Name = "Lead Free"; Value = "Lead Free"; VariantName = "[No Variations]"
Add component (AddParameter): Name = "Length"; Value = "1.6mm"; VariantName = "[No Variations]"
Add component (AddParameter): Name = "Max Operating Temperature"; Value = "85°C"; VariantName = "[No Variations]"
Add component (AddParameter): Name = "Min Operating Temperature"; Value = "-55°C"; VariantName = "[No Variations]"
Add component (AddParameter): Name = "Mount"; Value = "Surface Mount"; VariantName = "[No Variations]"
Add component (AddParameter): Name = "Number of Pins"; Value = "2"; VariantName = "[No Variations]"
Add component (AddParameter): Name = "Package Quantity"; Value = "1"; VariantName = "[No Variations]"
Add component (AddParameter): Name = "Packaging"; Value = "Tape and Reel"; VariantName = "[No Variations]"
Add component (AddParameter): Name = "Radiation Hardening"; Value = "No"; VariantName = "[No Variations]"
Add component (AddParameter): Name = "REACH SVHC"; Value = "No SVHC"; VariantName = "[No Variations]"
Add component (AddParameter): Name = "Resistor Type"; Value = "Ceramic"; VariantName = "[No Variations]"
Add component (AddParameter): Name = "RoHS Compliant"; Value = "Yes"; VariantName = "[No Variations]"
Add component (AddParameter): Name = "Series"; Value = "C"; VariantName = "[No Variations]"
Add component (AddParameter): Name = "Termination"; Value = "SMD/SMT"; VariantName = "[No Variations]"
Add component (AddParameter): Name = "Thickness"; Value = "0.035inch"; VariantName = "[No Variations]"
Add component (AddParameter): Name = "Tolerance"; Value = "10%"; VariantName = "[No Variations]"
Add component (AddParameter): Name = "Voltage"; Value = "50V"; VariantName = "[No Variations]"
Add component (AddParameter): Name = "Voltage Rating"; Value = "50V"; VariantName = "[No Variations]"
Add component (AddParameter): Name = "Voltage Rating (DC)"; Value = "50V"; VariantName = "[No Variations]"
Add component (AddParameter): Name = "Weight"; Value = "7.1E-05oz"; VariantName = "[No Variations]"
Add component (AddParameter): Name = "Width"; Value = "0.031inch"; VariantName = "[No Variations]"
Added Component: Designator=C20(FP-CC0603-DA-MFG)
Add component (AddParameter): Name = "Automotive"; Value = "No"; VariantName = "[No Variations]"
Add component (AddParameter): Name = "Capacitance"; Value = "100 pF"; VariantName = "[No Variations]"
Add component (AddParameter): Name = "Category"; Value = "Cap"; VariantName = "[No Variations]"
Add component (AddParameter): Name = "ComponentLink2Description"; Value = "Datasheet"; VariantName = "[No Variations]"
Add component (AddParameter): Name = "ComponentLink2URL"; Value = "http://www.yageo.com/documents/recent/UPY-GPHC_X7R_6.3V-to-50V_18.pdf"; VariantName = "[No Variations]"
Add component (AddParameter): Name = "Device Class L1"; Value = "Passive Components"; VariantName = "[No Variations]"
Add component (AddParameter): Name = "Device Class L2"; Value = "Capacitors"; VariantName = "[No Variations]"
Add component (AddParameter): Name = "Device Class L3"; Value = "Ceramic Capacitors"; VariantName = "[No Variations]"
Add component (AddParameter): Name = "Digikey Description"; Value = "CAP CER 100PF 50V X7R 0603"; VariantName = "[No Variations]"
Add component (AddParameter): Name = "Footprint Url"; Value = "http://www.yageo.com/exep/pages/download/literatures/UPY-C_GEN_24.pdf"; VariantName = "[No Variations]"
Add component (AddParameter): Name = "Height"; Value = "0.9mm"; VariantName = "[No Variations]"
Add component (AddParameter): Name = "Lead Free"; Value = "Yes"; VariantName = "[No Variations]"
Add component (AddParameter): Name = "Manufacturer"; Value = "YAGEO"; VariantName = "[No Variations]"
Add component (AddParameter): Name = "Manufacturer Part Number"; Value = "CC0603KRX7R9BB101"; VariantName = "[No Variations]"
Add component (AddParameter): Name = "Material"; Value = "Ceramic"; VariantName = "[No Variations]"
Add component (AddParameter): Name = "Mouser Description"; Value = "Multilayer Ceramic Capacitor, CC Series, 100 pF, - 10%, X7R, 50 V, 0603 [1608 Metric]"; VariantName = "[No Variations]"
Add component (AddParameter): Name = "Octopart"; Value = "https://octopart.com/cc0603krx7r9bb101-yageo-42334526"; VariantName = "[No Variations]"
Add component (AddParameter): Name = "Package"; Value = "CC0603-DA"; VariantName = "[No Variations]"
Add component (AddParameter): Name = "RoHS"; Value = "TRUE"; VariantName = "[No Variations]"
Add component (AddParameter): Name = "Temperature"; Value = "-55°C to +125°C"; VariantName = "[No Variations]"
Add component (AddParameter): Name = "Temperature Characteristic"; Value = "X7R"; VariantName = "[No Variations]"
Add component (AddParameter): Name = "Temperature Coefficient"; Value = "15%"; VariantName = "[No Variations]"
Add component (AddParameter): Name = "Temperature Range High"; Value = "+125°C"; VariantName = "[No Variations]"
Add component (AddParameter): Name = "Temperature Range Low"; Value = "-55°C"; VariantName = "[No Variations]"
Add component (AddParameter): Name = "Tolerance"; Value = "0.1"; VariantName = "[No Variations]"
Add component (AddParameter): Name = "Value"; Value = "100 pF"; VariantName = "[No Variations]"
Add component (AddParameter): Name = "Voltage"; Value = "50 V"; VariantName = "[No Variations]"
Add component (AddParameter): Name = "Voltage Rating"; Value = "50 V"; VariantName = "[No Variations]"
Added Component: Designator=C21(FP-0603-L_1_6_0_15-W_0_81-MFG)
Add component (AddParameter): Name = "Capacitance"; Value = "10nF"; VariantName = "[No Variations]"
Add component (AddParameter): Name = "Case Code (Imperial)"; Value = "0603"; VariantName = "[No Variations]"
Add component (AddParameter): Name = "Case Code (Metric)"; Value = "1608"; VariantName = "[No Variations]"
Add component (AddParameter): Name = "Case/Package"; Value = "0603"; VariantName = "[No Variations]"
Add component (AddParameter): Name = "Contact Plating"; Value = "Tin"; VariantName = "[No Variations]"
Add component (AddParameter): Name = "Depth"; Value = "0.81mm"; VariantName = "[No Variations]"
Add component (AddParameter): Name = "Dielectric"; Value = "X7R"; VariantName = "[No Variations]"
Add component (AddParameter): Name = "Dielectric Material"; Value = "Ceramic"; VariantName = "[No Variations]"
Add component (AddParameter): Name = "Dissipation Factor"; Value = "2.5%"; VariantName = "[No Variations]"
Add component (AddParameter): Name = "Height"; Value = "0.9mm"; VariantName = "[No Variations]"
Add component (AddParameter): Name = "Insulation Resistance"; Value = "100GR"; VariantName = "[No Variations]"
Add component (AddParameter): Name = "Lead Free"; Value = "Lead Free"; VariantName = "[No Variations]"
Add component (AddParameter): Name = "Length"; Value = "1.6mm"; VariantName = "[No Variations]"
Add component (AddParameter): Name = "Max Operating Temperature"; Value = "125°C"; VariantName = "[No Variations]"
Add component (AddParameter): Name = "Min Operating Temperature"; Value = "-55°C"; VariantName = "[No Variations]"
Add component (AddParameter): Name = "Mount"; Value = "Surface Mount"; VariantName = "[No Variations]"
Add component (AddParameter): Name = "Number of Pins"; Value = "2"; VariantName = "[No Variations]"
Add component (AddParameter): Name = "Package Quantity"; Value = "1"; VariantName = "[No Variations]"
Add component (AddParameter): Name = "Packaging"; Value = "Tape and Reel"; VariantName = "[No Variations]"
Add component (AddParameter): Name = "Radiation Hardening"; Value = "No"; VariantName = "[No Variations]"
Add component (AddParameter): Name = "REACH SVHC"; Value = "No SVHC"; VariantName = "[No Variations]"
Add component (AddParameter): Name = "Termination"; Value = "SMD/SMT"; VariantName = "[No Variations]"
Add component (AddParameter): Name = "Thickness"; Value = "0.035inch"; VariantName = "[No Variations]"
Add component (AddParameter): Name = "Tolerance"; Value = "10%"; VariantName = "[No Variations]"
Add component (AddParameter): Name = "Voltage"; Value = "50V"; VariantName = "[No Variations]"
Add component (AddParameter): Name = "Voltage Rating"; Value = "50V"; VariantName = "[No Variations]"
Add component (AddParameter): Name = "Voltage Rating (DC)"; Value = "50V"; VariantName = "[No Variations]"
Add component (AddParameter): Name = "Width"; Value = "0.032inch"; VariantName = "[No Variations]"
Added Component: Designator=C22(FP-CC0805-0_2-1_45-IPC_C)
Add component (AddParameter): Name = "Capacitance"; Value = "22uF"; VariantName = "[No Variations]"
Add component (AddParameter): Name = "Case Code (Imperial)"; Value = "0805"; VariantName = "[No Variations]"
Add component (AddParameter): Name = "Case Code (Metric)"; Value = "2012"; VariantName = "[No Variations]"
Add component (AddParameter): Name = "Case/Package"; Value = "0805"; VariantName = "[No Variations]"
Add component (AddParameter): Name = "Dielectric"; Value = "X5R"; VariantName = "[No Variations]"
Add component (AddParameter): Name = "Halogen Free"; Value = "Halogen Free"; VariantName = "[No Variations]"
Add component (AddParameter): Name = "Height"; Value = "1.25mm"; VariantName = "[No Variations]"
Add component (AddParameter): Name = "Lead Free"; Value = "Lead Free"; VariantName = "[No Variations]"
Add component (AddParameter): Name = "Length"; Value = "0.079inch"; VariantName = "[No Variations]"
Add component (AddParameter): Name = "Max Operating Temperature"; Value = "85°C"; VariantName = "[No Variations]"
Add component (AddParameter): Name = "Min Operating Temperature"; Value = "-55°C"; VariantName = "[No Variations]"
Add component (AddParameter): Name = "Mount"; Value = "Surface Mount"; VariantName = "[No Variations]"
Add component (AddParameter): Name = "Package Quantity"; Value = "3000"; VariantName = "[No Variations]"
Add component (AddParameter): Name = "Packaging"; Value = "Tape and Reel"; VariantName = "[No Variations]"
Add component (AddParameter): Name = "RoHS Compliant"; Value = "Yes"; VariantName = "[No Variations]"
Add component (AddParameter): Name = "Termination"; Value = "SMD/SMT"; VariantName = "[No Variations]"
Add component (AddParameter): Name = "Thickness"; Value = "0.057inch"; VariantName = "[No Variations]"
Add component (AddParameter): Name = "Tolerance"; Value = "20%"; VariantName = "[No Variations]"
Add component (AddParameter): Name = "Voltage Rating"; Value = "25V"; VariantName = "[No Variations]"
Add component (AddParameter): Name = "Voltage Rating (DC)"; Value = "25V"; VariantName = "[No Variations]"
Add component (AddParameter): Name = "Weight"; Value = "0.000194oz"; VariantName = "[No Variations]"
Add component (AddParameter): Name = "Width"; Value = "0.049inch"; VariantName = "[No Variations]"
Added Component: Designator=C23(FP-CC0805-0_2-1_45-IPC_C)
Add component (AddParameter): Name = "Capacitance"; Value = "22uF"; VariantName = "[No Variations]"
Add component (AddParameter): Name = "Case Code (Imperial)"; Value = "0805"; VariantName = "[No Variations]"
Add component (AddParameter): Name = "Case Code (Metric)"; Value = "2012"; VariantName = "[No Variations]"
Add component (AddParameter): Name = "Case/Package"; Value = "0805"; VariantName = "[No Variations]"
Add component (AddParameter): Name = "Dielectric"; Value = "X5R"; VariantName = "[No Variations]"
Add component (AddParameter): Name = "Halogen Free"; Value = "Halogen Free"; VariantName = "[No Variations]"
Add component (AddParameter): Name = "Height"; Value = "1.25mm"; VariantName = "[No Variations]"
Add component (AddParameter): Name = "Lead Free"; Value = "Lead Free"; VariantName = "[No Variations]"
Add component (AddParameter): Name = "Length"; Value = "0.079inch"; VariantName = "[No Variations]"
Add component (AddParameter): Name = "Max Operating Temperature"; Value = "85°C"; VariantName = "[No Variations]"
Add component (AddParameter): Name = "Min Operating Temperature"; Value = "-55°C"; VariantName = "[No Variations]"
Add component (AddParameter): Name = "Mount"; Value = "Surface Mount"; VariantName = "[No Variations]"
Add component (AddParameter): Name = "Package Quantity"; Value = "3000"; VariantName = "[No Variations]"
Add component (AddParameter): Name = "Packaging"; Value = "Tape and Reel"; VariantName = "[No Variations]"
Add component (AddParameter): Name = "RoHS Compliant"; Value = "Yes"; VariantName = "[No Variations]"
Add component (AddParameter): Name = "Termination"; Value = "SMD/SMT"; VariantName = "[No Variations]"
Add component (AddParameter): Name = "Thickness"; Value = "0.057inch"; VariantName = "[No Variations]"
Add component (AddParameter): Name = "Tolerance"; Value = "20%"; VariantName = "[No Variations]"
Add component (AddParameter): Name = "Voltage Rating"; Value = "25V"; VariantName = "[No Variations]"
Add component (AddParameter): Name = "Voltage Rating (DC)"; Value = "25V"; VariantName = "[No Variations]"
Add component (AddParameter): Name = "Weight"; Value = "0.000194oz"; VariantName = "[No Variations]"
Add component (AddParameter): Name = "Width"; Value = "0.049inch"; VariantName = "[No Variations]"
Added Component: Designator=C24(FP-CC0805-0_2-1_45-IPC_C)
Add component (AddParameter): Name = "Capacitance"; Value = "22uF"; VariantName = "[No Variations]"
Add component (AddParameter): Name = "Case Code (Imperial)"; Value = "0805"; VariantName = "[No Variations]"
Add component (AddParameter): Name = "Case Code (Metric)"; Value = "2012"; VariantName = "[No Variations]"
Add component (AddParameter): Name = "Case/Package"; Value = "0805"; VariantName = "[No Variations]"
Add component (AddParameter): Name = "Dielectric"; Value = "X5R"; VariantName = "[No Variations]"
Add component (AddParameter): Name = "Halogen Free"; Value = "Halogen Free"; VariantName = "[No Variations]"
Add component (AddParameter): Name = "Height"; Value = "1.25mm"; VariantName = "[No Variations]"
Add component (AddParameter): Name = "Lead Free"; Value = "Lead Free"; VariantName = "[No Variations]"
Add component (AddParameter): Name = "Length"; Value = "0.079inch"; VariantName = "[No Variations]"
Add component (AddParameter): Name = "Max Operating Temperature"; Value = "85°C"; VariantName = "[No Variations]"
Add component (AddParameter): Name = "Min Operating Temperature"; Value = "-55°C"; VariantName = "[No Variations]"
Add component (AddParameter): Name = "Mount"; Value = "Surface Mount"; VariantName = "[No Variations]"
Add component (AddParameter): Name = "Package Quantity"; Value = "3000"; VariantName = "[No Variations]"
Add component (AddParameter): Name = "Packaging"; Value = "Tape and Reel"; VariantName = "[No Variations]"
Add component (AddParameter): Name = "RoHS Compliant"; Value = "Yes"; VariantName = "[No Variations]"
Add component (AddParameter): Name = "Termination"; Value = "SMD/SMT"; VariantName = "[No Variations]"
Add component (AddParameter): Name = "Thickness"; Value = "0.057inch"; VariantName = "[No Variations]"
Add component (AddParameter): Name = "Tolerance"; Value = "20%"; VariantName = "[No Variations]"
Add component (AddParameter): Name = "Voltage Rating"; Value = "25V"; VariantName = "[No Variations]"
Add component (AddParameter): Name = "Voltage Rating (DC)"; Value = "25V"; VariantName = "[No Variations]"
Add component (AddParameter): Name = "Weight"; Value = "0.000194oz"; VariantName = "[No Variations]"
Add component (AddParameter): Name = "Width"; Value = "0.049inch"; VariantName = "[No Variations]"
Added Component: Designator=C25(CAPC2013X152X50NL20T25)
Add component (AddParameter): Name = "Manufacturer"; Value = "AVX Interconnect / Elco"; VariantName = "[No Variations]"
Add component (AddParameter): Name = "Part Number"; Value = "0805ZG106ZAT2A"; VariantName = "[No Variations]"
Added Component: Designator=C26(FP-CL17-IPC_C)
Add component (AddParameter): Name = "Capacitance"; Value = "100nF"; VariantName = "[No Variations]"
Add component (AddParameter): Name = "Case Code (Imperial)"; Value = "0402"; VariantName = "[No Variations]"
Add component (AddParameter): Name = "Case Code (Metric)"; Value = "1005"; VariantName = "[No Variations]"
Add component (AddParameter): Name = "Case/Package"; Value = "0402"; VariantName = "[No Variations]"
Add component (AddParameter): Name = "Contact Plating"; Value = "Tin"; VariantName = "[No Variations]"
Add component (AddParameter): Name = "Depth"; Value = "0.5mm"; VariantName = "[No Variations]"
Add component (AddParameter): Name = "Dielectric"; Value = "X7R"; VariantName = "[No Variations]"
Add component (AddParameter): Name = "Height"; Value = "0.5mm"; VariantName = "[No Variations]"
Add component (AddParameter): Name = "Length"; Value = "1mm"; VariantName = "[No Variations]"
Add component (AddParameter): Name = "Max Operating Temperature"; Value = "125°C"; VariantName = "[No Variations]"
Add component (AddParameter): Name = "Min Operating Temperature"; Value = "-55°C"; VariantName = "[No Variations]"
Add component (AddParameter): Name = "Mount"; Value = "Surface Mount"; VariantName = "[No Variations]"
Add component (AddParameter): Name = "Package Quantity"; Value = "1"; VariantName = "[No Variations]"
Add component (AddParameter): Name = "Packaging"; Value = "Tape and Reel"; VariantName = "[No Variations]"
Add component (AddParameter): Name = "Radiation Hardening"; Value = "No"; VariantName = "[No Variations]"
Add component (AddParameter): Name = "Thickness"; Value = "0.022inch"; VariantName = "[No Variations]"
Add component (AddParameter): Name = "Tolerance"; Value = "10%"; VariantName = "[No Variations]"
Add component (AddParameter): Name = "Voltage Rating"; Value = "10V"; VariantName = "[No Variations]"
Add component (AddParameter): Name = "Width"; Value = "0.02inch"; VariantName = "[No Variations]"
Added Component: Designator=C27(FP-CL17-IPC_C)
Add component (AddParameter): Name = "Capacitance"; Value = "100nF"; VariantName = "[No Variations]"
Add component (AddParameter): Name = "Case Code (Imperial)"; Value = "0402"; VariantName = "[No Variations]"
Add component (AddParameter): Name = "Case Code (Metric)"; Value = "1005"; VariantName = "[No Variations]"
Add component (AddParameter): Name = "Case/Package"; Value = "0402"; VariantName = "[No Variations]"
Add component (AddParameter): Name = "Contact Plating"; Value = "Tin"; VariantName = "[No Variations]"
Add component (AddParameter): Name = "Depth"; Value = "0.5mm"; VariantName = "[No Variations]"
Add component (AddParameter): Name = "Dielectric"; Value = "X7R"; VariantName = "[No Variations]"
Add component (AddParameter): Name = "Height"; Value = "0.5mm"; VariantName = "[No Variations]"
Add component (AddParameter): Name = "Length"; Value = "1mm"; VariantName = "[No Variations]"
Add component (AddParameter): Name = "Max Operating Temperature"; Value = "125°C"; VariantName = "[No Variations]"
Add component (AddParameter): Name = "Min Operating Temperature"; Value = "-55°C"; VariantName = "[No Variations]"
Add component (AddParameter): Name = "Mount"; Value = "Surface Mount"; VariantName = "[No Variations]"
Add component (AddParameter): Name = "Package Quantity"; Value = "1"; VariantName = "[No Variations]"
Add component (AddParameter): Name = "Packaging"; Value = "Tape and Reel"; VariantName = "[No Variations]"
Add component (AddParameter): Name = "Radiation Hardening"; Value = "No"; VariantName = "[No Variations]"
Add component (AddParameter): Name = "Thickness"; Value = "0.022inch"; VariantName = "[No Variations]"
Add component (AddParameter): Name = "Tolerance"; Value = "10%"; VariantName = "[No Variations]"
Add component (AddParameter): Name = "Voltage Rating"; Value = "10V"; VariantName = "[No Variations]"
Add component (AddParameter): Name = "Width"; Value = "0.02inch"; VariantName = "[No Variations]"
Added Component: Designator=C28(CAPC0402(1005)60_L)
Add component (AddParameter): Name = "Case-EIA"; Value = "0402"; VariantName = "[No Variations]"
Add component (AddParameter): Name = "Case-Metric"; Value = "1005"; VariantName = "[No Variations]"
Add component (AddParameter): Name = "Max Thickness"; Value = "0.6 mm"; VariantName = "[No Variations]"
Add component (AddParameter): Name = "Rated Voltage"; Value = "50 V"; VariantName = "[No Variations]"
Add component (AddParameter): Name = "Technology"; Value = "SMT"; VariantName = "[No Variations]"
Add component (AddParameter): Name = "Tolerance"; Value = "Â±0.1pF"; VariantName = "[No Variations]"
Add component (AddParameter): Name = "Value"; Value = "3.3pF"; VariantName = "[No Variations]"
Added Component: Designator=C29(FP-CC0402-MFG)
Add component (AddParameter): Name = "Automotive"; Value = "No"; VariantName = "[No Variations]"
Add component (AddParameter): Name = "Automotive Grade"; Value = "NA"; VariantName = "[No Variations]"
Add component (AddParameter): Name = "Capacitance"; Value = "2.2 uF"; VariantName = "[No Variations]"
Add component (AddParameter): Name = "Category"; Value = "Cap"; VariantName = "[No Variations]"
Add component (AddParameter): Name = "ComponentLink2Description"; Value = "Datasheet"; VariantName = "[No Variations]"
Add component (AddParameter): Name = "ComponentLink2URL"; Value = "http://www.yageo.com/documents/recent/UPY-GP_NP0_16V-to-50V_16.pdf"; VariantName = "[No Variations]"
Add component (AddParameter): Name = "Device Class L1"; Value = "Passive Components"; VariantName = "[No Variations]"
Add component (AddParameter): Name = "Device Class L2"; Value = "Capacitors"; VariantName = "[No Variations]"
Add component (AddParameter): Name = "Device Class L3"; Value = "Ceramic Capacitors"; VariantName = "[No Variations]"
Add component (AddParameter): Name = "Digikey Description"; Value = "CAP CER 2.2UF 25V X5R 0402"; VariantName = "[No Variations]"
Add component (AddParameter): Name = "Footprint Url"; Value = "http://www.yageo.com/exep/pages/download/literatures/UPY-C_GEN_24.pdf"; VariantName = "[No Variations]"
Add component (AddParameter): Name = "Height"; Value = "0.55mm"; VariantName = "[No Variations]"
Add component (AddParameter): Name = "Ipc Land Pattern Name"; Value = "CAPC10050X50"; VariantName = "[No Variations]"
Add component (AddParameter): Name = "Lead Free"; Value = "Yes"; VariantName = "[No Variations]"
Add component (AddParameter): Name = "Manufacturer"; Value = "YAGEO"; VariantName = "[No Variations]"
Add component (AddParameter): Name = "Manufacturer Part Number"; Value = "CC0402MRX5R8BB225"; VariantName = "[No Variations]"
Add component (AddParameter): Name = "Material"; Value = "Ceramic"; VariantName = "[No Variations]"
Add component (AddParameter): Name = "Octopart"; Value = "https://octopart.com/cc0402mrx5r8bb225-yageo-81932629"; VariantName = "[No Variations]"
Add component (AddParameter): Name = "Package"; Value = "CC0402"; VariantName = "[No Variations]"
Add component (AddParameter): Name = "RoHS"; Value = "TRUE"; VariantName = "[No Variations]"
Add component (AddParameter): Name = "Temperature"; Value = "-55°C to +125°C"; VariantName = "[No Variations]"
Add component (AddParameter): Name = "Temperature Characteristic"; Value = "X5R"; VariantName = "[No Variations]"
Add component (AddParameter): Name = "Temperature Coefficient"; Value = "30ppm/°C"; VariantName = "[No Variations]"
Add component (AddParameter): Name = "Temperature Range High"; Value = "+125°C"; VariantName = "[No Variations]"
Add component (AddParameter): Name = "Temperature Range Low"; Value = "-55°C"; VariantName = "[No Variations]"
Add component (AddParameter): Name = "Tolerance"; Value = "0.2"; VariantName = "[No Variations]"
Add component (AddParameter): Name = "Value"; Value = "2.2 uF"; VariantName = "[No Variations]"
Add component (AddParameter): Name = "Voltage Rating"; Value = "25 V"; VariantName = "[No Variations]"
Added Component: Designator=C30(CAPC1005X55X25LL05T05)
Add component (AddParameter): Name = "Manufacturer"; Value = "Vitramon"; VariantName = "[No Variations]"
Add component (AddParameter): Name = "Part Number"; Value = "VJ0402G104KXQPW1BC"; VariantName = "[No Variations]"
Added Component: Designator=C31(FP-GRM21B-0_2-e0_2_0_7-IPC_B)
Add component (AddParameter): Name = "Capacitance"; Value = "47uF"; VariantName = "[No Variations]"
Add component (AddParameter): Name = "Case Code (Imperial)"; Value = "0805"; VariantName = "[No Variations]"
Add component (AddParameter): Name = "Case Code (Metric)"; Value = "2012"; VariantName = "[No Variations]"
Add component (AddParameter): Name = "Case/Package"; Value = "0805"; VariantName = "[No Variations]"
Add component (AddParameter): Name = "Dielectric"; Value = "X5R"; VariantName = "[No Variations]"
Add component (AddParameter): Name = "Length"; Value = "0.079inch"; VariantName = "[No Variations]"
Add component (AddParameter): Name = "Max Operating Temperature"; Value = "85°C"; VariantName = "[No Variations]"
Add component (AddParameter): Name = "Min Operating Temperature"; Value = "-55°C"; VariantName = "[No Variations]"
Add component (AddParameter): Name = "Mount"; Value = "Surface Mount"; VariantName = "[No Variations]"
Add component (AddParameter): Name = "Package Quantity"; Value = "10000"; VariantName = "[No Variations]"
Add component (AddParameter): Name = "Packaging"; Value = "Tape and Reel"; VariantName = "[No Variations]"
Add component (AddParameter): Name = "Termination"; Value = "SMD/SMT"; VariantName = "[No Variations]"
Add component (AddParameter): Name = "Thickness"; Value = "0.057inch"; VariantName = "[No Variations]"
Add component (AddParameter): Name = "Tolerance"; Value = "20%"; VariantName = "[No Variations]"
Add component (AddParameter): Name = "Voltage Rating"; Value = "10V"; VariantName = "[No Variations]"
Add component (AddParameter): Name = "Voltage Rating (DC)"; Value = "10V"; VariantName = "[No Variations]"
Add component (AddParameter): Name = "Weight"; Value = "0.000335oz"; VariantName = "[No Variations]"
Add component (AddParameter): Name = "Width"; Value = "0.049inch"; VariantName = "[No Variations]"
Added Component: Designator=C32(FP-GRM21B-0_2-e0_2_0_7-IPC_B)
Add component (AddParameter): Name = "Capacitance"; Value = "47uF"; VariantName = "[No Variations]"
Add component (AddParameter): Name = "Case Code (Imperial)"; Value = "0805"; VariantName = "[No Variations]"
Add component (AddParameter): Name = "Case Code (Metric)"; Value = "2012"; VariantName = "[No Variations]"
Add component (AddParameter): Name = "Case/Package"; Value = "0805"; VariantName = "[No Variations]"
Add component (AddParameter): Name = "Dielectric"; Value = "X5R"; VariantName = "[No Variations]"
Add component (AddParameter): Name = "Length"; Value = "0.079inch"; VariantName = "[No Variations]"
Add component (AddParameter): Name = "Max Operating Temperature"; Value = "85°C"; VariantName = "[No Variations]"
Add component (AddParameter): Name = "Min Operating Temperature"; Value = "-55°C"; VariantName = "[No Variations]"
Add component (AddParameter): Name = "Mount"; Value = "Surface Mount"; VariantName = "[No Variations]"
Add component (AddParameter): Name = "Package Quantity"; Value = "10000"; VariantName = "[No Variations]"
Add component (AddParameter): Name = "Packaging"; Value = "Tape and Reel"; VariantName = "[No Variations]"
Add component (AddParameter): Name = "Termination"; Value = "SMD/SMT"; VariantName = "[No Variations]"
Add component (AddParameter): Name = "Thickness"; Value = "0.057inch"; VariantName = "[No Variations]"
Add component (AddParameter): Name = "Tolerance"; Value = "20%"; VariantName = "[No Variations]"
Add component (AddParameter): Name = "Voltage Rating"; Value = "10V"; VariantName = "[No Variations]"
Add component (AddParameter): Name = "Voltage Rating (DC)"; Value = "10V"; VariantName = "[No Variations]"
Add component (AddParameter): Name = "Weight"; Value = "0.000335oz"; VariantName = "[No Variations]"
Add component (AddParameter): Name = "Width"; Value = "0.049inch"; VariantName = "[No Variations]"
Added Component: Designator=C33(FP-GRM21B-0_2-e0_2_0_7-IPC_B)
Add component (AddParameter): Name = "Capacitance"; Value = "47uF"; VariantName = "[No Variations]"
Add component (AddParameter): Name = "Case Code (Imperial)"; Value = "0805"; VariantName = "[No Variations]"
Add component (AddParameter): Name = "Case Code (Metric)"; Value = "2012"; VariantName = "[No Variations]"
Add component (AddParameter): Name = "Case/Package"; Value = "0805"; VariantName = "[No Variations]"
Add component (AddParameter): Name = "Dielectric"; Value = "X5R"; VariantName = "[No Variations]"
Add component (AddParameter): Name = "Length"; Value = "0.079inch"; VariantName = "[No Variations]"
Add component (AddParameter): Name = "Max Operating Temperature"; Value = "85°C"; VariantName = "[No Variations]"
Add component (AddParameter): Name = "Min Operating Temperature"; Value = "-55°C"; VariantName = "[No Variations]"
Add component (AddParameter): Name = "Mount"; Value = "Surface Mount"; VariantName = "[No Variations]"
Add component (AddParameter): Name = "Package Quantity"; Value = "10000"; VariantName = "[No Variations]"
Add component (AddParameter): Name = "Packaging"; Value = "Tape and Reel"; VariantName = "[No Variations]"
Add component (AddParameter): Name = "Termination"; Value = "SMD/SMT"; VariantName = "[No Variations]"
Add component (AddParameter): Name = "Thickness"; Value = "0.057inch"; VariantName = "[No Variations]"
Add component (AddParameter): Name = "Tolerance"; Value = "20%"; VariantName = "[No Variations]"
Add component (AddParameter): Name = "Voltage Rating"; Value = "10V"; VariantName = "[No Variations]"
Add component (AddParameter): Name = "Voltage Rating (DC)"; Value = "10V"; VariantName = "[No Variations]"
Add component (AddParameter): Name = "Weight"; Value = "0.000335oz"; VariantName = "[No Variations]"
Add component (AddParameter): Name = "Width"; Value = "0.049inch"; VariantName = "[No Variations]"
Added Component: Designator=C34(FP-GRM21B-0_2-e0_2_0_7-IPC_B)
Add component (AddParameter): Name = "Capacitance"; Value = "47uF"; VariantName = "[No Variations]"
Add component (AddParameter): Name = "Case Code (Imperial)"; Value = "0805"; VariantName = "[No Variations]"
Add component (AddParameter): Name = "Case Code (Metric)"; Value = "2012"; VariantName = "[No Variations]"
Add component (AddParameter): Name = "Case/Package"; Value = "0805"; VariantName = "[No Variations]"
Add component (AddParameter): Name = "Dielectric"; Value = "X5R"; VariantName = "[No Variations]"
Add component (AddParameter): Name = "Length"; Value = "0.079inch"; VariantName = "[No Variations]"
Add component (AddParameter): Name = "Max Operating Temperature"; Value = "85°C"; VariantName = "[No Variations]"
Add component (AddParameter): Name = "Min Operating Temperature"; Value = "-55°C"; VariantName = "[No Variations]"
Add component (AddParameter): Name = "Mount"; Value = "Surface Mount"; VariantName = "[No Variations]"
Add component (AddParameter): Name = "Package Quantity"; Value = "10000"; VariantName = "[No Variations]"
Add component (AddParameter): Name = "Packaging"; Value = "Tape and Reel"; VariantName = "[No Variations]"
Add component (AddParameter): Name = "Termination"; Value = "SMD/SMT"; VariantName = "[No Variations]"
Add component (AddParameter): Name = "Thickness"; Value = "0.057inch"; VariantName = "[No Variations]"
Add component (AddParameter): Name = "Tolerance"; Value = "20%"; VariantName = "[No Variations]"
Add component (AddParameter): Name = "Voltage Rating"; Value = "10V"; VariantName = "[No Variations]"
Add component (AddParameter): Name = "Voltage Rating (DC)"; Value = "10V"; VariantName = "[No Variations]"
Add component (AddParameter): Name = "Weight"; Value = "0.000335oz"; VariantName = "[No Variations]"
Add component (AddParameter): Name = "Width"; Value = "0.049inch"; VariantName = "[No Variations]"
Added Component: Designator=C35(CAPC1005X60X30NL05T10)
Add component (AddParameter): Name = "Manufacturer"; Value = "Kemet"; VariantName = "[No Variations]"
Add component (AddParameter): Name = "Part Number"; Value = "C0402C103K3RALTU"; VariantName = "[No Variations]"
Added Component: Designator=C36(CAPC1005X60X30NL05T10)
Add component (AddParameter): Name = "Manufacturer"; Value = "Kemet"; VariantName = "[No Variations]"
Add component (AddParameter): Name = "Part Number"; Value = "C0402C103K3RALTU"; VariantName = "[No Variations]"
Added Component: Designator=C37(CAPC1608X90X35NL15T15)
Add component (AddParameter): Name = "Manufacturer"; Value = "AVX Interconnect / Elco"; VariantName = "[No Variations]"
Add component (AddParameter): Name = "Part Number"; Value = "0603ZD475MAT2A"; VariantName = "[No Variations]"
Added Component: Designator=C38(CAPC1005X56X25NL10T15)
Add component (AddParameter): Name = "Manufacturer"; Value = "AVX Interconnect / Elco"; VariantName = "[No Variations]"
Add component (AddParameter): Name = "Part Number"; Value = "04026C103MAT2A"; VariantName = "[No Variations]"
Added Component: Designator=C39(CAPC1005X56X25NL10T15)
Add component (AddParameter): Name = "Manufacturer"; Value = "AVX Interconnect / Elco"; VariantName = "[No Variations]"
Add component (AddParameter): Name = "Part Number"; Value = "04026C103MAT2A"; VariantName = "[No Variations]"
Added Component: Designator=C40(CAPC1005X56X25NL10T15)
Add component (AddParameter): Name = "Manufacturer"; Value = "AVX Interconnect / Elco"; VariantName = "[No Variations]"
Add component (AddParameter): Name = "Part Number"; Value = "04026C103MAT2A"; VariantName = "[No Variations]"
Added Component: Designator=C41(CAPC1005X56X25ML10T15)
Add component (AddParameter): Name = "Manufacturer"; Value = "AVX Interconnect / Elco"; VariantName = "[No Variations]"
Add component (AddParameter): Name = "Part Number"; Value = "04026D105KAT4A"; VariantName = "[No Variations]"
Added Component: Designator=C42(CAPC1005X56X25ML10T15)
Add component (AddParameter): Name = "Manufacturer"; Value = "AVX Interconnect / Elco"; VariantName = "[No Variations]"
Add component (AddParameter): Name = "Part Number"; Value = "04026D105KAT4A"; VariantName = "[No Variations]"
Added Component: Designator=C43(CAPC1005X56X25NL10T15)
Add component (AddParameter): Name = "Manufacturer"; Value = "AVX Interconnect / Elco"; VariantName = "[No Variations]"
Add component (AddParameter): Name = "Part Number"; Value = "04026C103MAT2A"; VariantName = "[No Variations]"
Added Component: Designator=C44(CAPC1005X56X25NL10T15)
Add component (AddParameter): Name = "Manufacturer"; Value = "AVX Interconnect / Elco"; VariantName = "[No Variations]"
Add component (AddParameter): Name = "Part Number"; Value = "04026C103MAT2A"; VariantName = "[No Variations]"
Added Component: Designator=C45(CAPC1005X56X25NL10T15)
Add component (AddParameter): Name = "Manufacturer"; Value = "AVX Interconnect / Elco"; VariantName = "[No Variations]"
Add component (AddParameter): Name = "Part Number"; Value = "04026C103MAT2A"; VariantName = "[No Variations]"
Added Component: Designator=D1(DIOD-S1M-13-F-SMA-2_V)
Add component (AddParameter): Name = "ComponentLink1Description"; Value = "Manufacturer URL"; VariantName = "[No Variations]"
Add component (AddParameter): Name = "ComponentLink1URL"; Value = "http://www.diodes.com/"; VariantName = "[No Variations]"
Add component (AddParameter): Name = "ComponentLink2Description"; Value = "Datasheet"; VariantName = "[No Variations]"
Add component (AddParameter): Name = "ComponentLink2URL"; Value = "http://diodes.com/datasheets/ds16003.pdf"; VariantName = "[No Variations]"
Add component (AddParameter): Name = "ComponentLink3Description"; Value = "Package Specification"; VariantName = "[No Variations]"
Add component (AddParameter): Name = "ComponentLink3URL"; Value = "http://diodes.com/datasheets/ds16003.pdf"; VariantName = "[No Variations]"
Add component (AddParameter): Name = "DatasheetVersion"; Value = "Rev. 22 - 2"; VariantName = "[No Variations]"
Add component (AddParameter): Name = "Forward Voltage Drop VF (V)"; Value = "1.1"; VariantName = "[No Variations]"
Add component (AddParameter): Name = "Manufacturer"; Value = "Diodes Inc"; VariantName = "[No Variations]"
Add component (AddParameter): Name = "Maximum Average Rectified Current IO (A)"; Value = "1"; VariantName = "[No Variations]"
Add component (AddParameter): Name = "Maximum Peak Forward Surge Current IFSM (A)"; Value = "30"; VariantName = "[No Variations]"
Add component (AddParameter): Name = "Maximum Reverse Current IR (uA)"; Value = "5"; VariantName = "[No Variations]"
Add component (AddParameter): Name = "Mounting Technology"; Value = "Surface Mount"; VariantName = "[No Variations]"
Add component (AddParameter): Name = "Operating Temperature Range"; Value = "-65 to 150 degC"; VariantName = "[No Variations]"
Add component (AddParameter): Name = "PackageDescription"; Value = "2-Pin SMD, Body 4.3 x 2.605 mm, Height 2.3 mm"; VariantName = "[No Variations]"
Add component (AddParameter): Name = "PackageReference"; Value = "S1M-13-F-SMA-2"; VariantName = "[No Variations]"
Add component (AddParameter): Name = "PackageVersion"; Value = "Rev. 22 - 2"; VariantName = "[No Variations]"
Add component (AddParameter): Name = "Packing"; Value = "Tape and Reel"; VariantName = "[No Variations]"
Add component (AddParameter): Name = "PartNumber"; Value = "S1M-13-F"; VariantName = "[No Variations]"
Add component (AddParameter): Name = "Peak Repetitive Reverse Voltage VRRM (V)"; Value = "1000"; VariantName = "[No Variations]"
Add component (AddParameter): Name = "RoHS"; Value = "TRUE"; VariantName = "[No Variations]"
Add component (AddParameter): Name = "Total Capacitance CT (pF)"; Value = "10"; VariantName = "[No Variations]"
Added Component: Designator=D2(DIOD-S1M-13-F-SMA-2_V)
Add component (AddParameter): Name = "ComponentLink1Description"; Value = "Manufacturer URL"; VariantName = "[No Variations]"
Add component (AddParameter): Name = "ComponentLink1URL"; Value = "http://www.diodes.com/"; VariantName = "[No Variations]"
Add component (AddParameter): Name = "ComponentLink2Description"; Value = "Datasheet"; VariantName = "[No Variations]"
Add component (AddParameter): Name = "ComponentLink2URL"; Value = "http://diodes.com/datasheets/ds16003.pdf"; VariantName = "[No Variations]"
Add component (AddParameter): Name = "ComponentLink3Description"; Value = "Package Specification"; VariantName = "[No Variations]"
Add component (AddParameter): Name = "ComponentLink3URL"; Value = "http://diodes.com/datasheets/ds16003.pdf"; VariantName = "[No Variations]"
Add component (AddParameter): Name = "DatasheetVersion"; Value = "Rev. 22 - 2"; VariantName = "[No Variations]"
Add component (AddParameter): Name = "Forward Voltage Drop VF (V)"; Value = "1.1"; VariantName = "[No Variations]"
Add component (AddParameter): Name = "Manufacturer"; Value = "Diodes Inc"; VariantName = "[No Variations]"
Add component (AddParameter): Name = "Maximum Average Rectified Current IO (A)"; Value = "1"; VariantName = "[No Variations]"
Add component (AddParameter): Name = "Maximum Peak Forward Surge Current IFSM (A)"; Value = "30"; VariantName = "[No Variations]"
Add component (AddParameter): Name = "Maximum Reverse Current IR (uA)"; Value = "5"; VariantName = "[No Variations]"
Add component (AddParameter): Name = "Mounting Technology"; Value = "Surface Mount"; VariantName = "[No Variations]"
Add component (AddParameter): Name = "Operating Temperature Range"; Value = "-65 to 150 degC"; VariantName = "[No Variations]"
Add component (AddParameter): Name = "PackageDescription"; Value = "2-Pin SMD, Body 4.3 x 2.605 mm, Height 2.3 mm"; VariantName = "[No Variations]"
Add component (AddParameter): Name = "PackageReference"; Value = "S1M-13-F-SMA-2"; VariantName = "[No Variations]"
Add component (AddParameter): Name = "PackageVersion"; Value = "Rev. 22 - 2"; VariantName = "[No Variations]"
Add component (AddParameter): Name = "Packing"; Value = "Tape and Reel"; VariantName = "[No Variations]"
Add component (AddParameter): Name = "PartNumber"; Value = "S1M-13-F"; VariantName = "[No Variations]"
Add component (AddParameter): Name = "Peak Repetitive Reverse Voltage VRRM (V)"; Value = "1000"; VariantName = "[No Variations]"
Add component (AddParameter): Name = "RoHS"; Value = "TRUE"; VariantName = "[No Variations]"
Add component (AddParameter): Name = "Total Capacitance CT (pF)"; Value = "10"; VariantName = "[No Variations]"
Added Component: Designator=D3(FP-S8KC-13-MFG)
Add component (AddParameter): Name = "Automotive"; Value = "No"; VariantName = "[No Variations]"
Add component (AddParameter): Name = "Capacitance"; Value = "45pF"; VariantName = "[No Variations]"
Add component (AddParameter): Name = "Category"; Value = "Diode"; VariantName = "[No Variations]"
Add component (AddParameter): Name = "ComponentLink2Description"; Value = "Datasheet"; VariantName = "[No Variations]"
Add component (AddParameter): Name = "ComponentLink2URL"; Value = "https://www.diodes.com/assets/Datasheets/ds31117.pdf"; VariantName = "[No Variations]"
Add component (AddParameter): Name = "Device Class L1"; Value = "Discrete Semiconductors"; VariantName = "[No Variations]"
Add component (AddParameter): Name = "Device Class L2"; Value = "Diodes"; VariantName = "[No Variations]"
Add component (AddParameter): Name = "Device Class L3"; Value = "Rectifier Diodes"; VariantName = "[No Variations]"
Add component (AddParameter): Name = "Digikey Description"; Value = "DIODE GEN PURP 800V 8A SMC"; VariantName = "[No Variations]"
Add component (AddParameter): Name = "Footprint Url"; Value = "https://www.diodes.com/assets/Package-Files/SMC.pdf"; VariantName = "[No Variations]"
Add component (AddParameter): Name = "Forward Current"; Value = "8A"; VariantName = "[No Variations]"
Add component (AddParameter): Name = "Height"; Value = "2.5mm"; VariantName = "[No Variations]"
Add component (AddParameter): Name = "Lead Free"; Value = "Yes"; VariantName = "[No Variations]"
Add component (AddParameter): Name = "Manufacturer"; Value = "Diodes Inc."; VariantName = "[No Variations]"
Add component (AddParameter): Name = "Manufacturer Part Number"; Value = "S8KC-13"; VariantName = "[No Variations]"
Add component (AddParameter): Name = "Max Junction Temp"; Value = "+150°C"; VariantName = "[No Variations]"
Add component (AddParameter): Name = "Max Repetitive Reverse Voltage"; Value = "800V"; VariantName = "[No Variations]"
Add component (AddParameter): Name = "Max Surge Forward Current"; Value = "200A"; VariantName = "[No Variations]"
Add component (AddParameter): Name = "Mouser Description"; Value = "Rectifiers 8.0A 800V"; VariantName = "[No Variations]"
Add component (AddParameter): Name = "Octopart"; Value = "https://octopart.com/s8kc-13-diodes+inc.-10531690"; VariantName = "[No Variations]"
Add component (AddParameter): Name = "Package"; Value = "SMC"; VariantName = "[No Variations]"
Add component (AddParameter): Name = "Peak Reverse Current"; Value = "10uA"; VariantName = "[No Variations]"
Add component (AddParameter): Name = "Reverse Voltage"; Value = "800V"; VariantName = "[No Variations]"
Add component (AddParameter): Name = "RoHS"; Value = "TRUE"; VariantName = "[No Variations]"
Add component (AddParameter): Name = "Standoff Height"; Value = "0.1mm"; VariantName = "[No Variations]"
Add component (AddParameter): Name = "Temperature"; Value = "-65°C to +150°C"; VariantName = "[No Variations]"
Add component (AddParameter): Name = "Temperature Range High"; Value = "+150°C"; VariantName = "[No Variations]"
Add component (AddParameter): Name = "Temperature Range Low"; Value = "-65°C"; VariantName = "[No Variations]"
Add component (AddParameter): Name = "Value"; Value = "45pF"; VariantName = "[No Variations]"
Added Component: Designator=D4(FP-S8KC-13-MFG)
Add component (AddParameter): Name = "Automotive"; Value = "No"; VariantName = "[No Variations]"
Add component (AddParameter): Name = "Capacitance"; Value = "45pF"; VariantName = "[No Variations]"
Add component (AddParameter): Name = "Category"; Value = "Diode"; VariantName = "[No Variations]"
Add component (AddParameter): Name = "ComponentLink2Description"; Value = "Datasheet"; VariantName = "[No Variations]"
Add component (AddParameter): Name = "ComponentLink2URL"; Value = "https://www.diodes.com/assets/Datasheets/ds31117.pdf"; VariantName = "[No Variations]"
Add component (AddParameter): Name = "Device Class L1"; Value = "Discrete Semiconductors"; VariantName = "[No Variations]"
Add component (AddParameter): Name = "Device Class L2"; Value = "Diodes"; VariantName = "[No Variations]"
Add component (AddParameter): Name = "Device Class L3"; Value = "Rectifier Diodes"; VariantName = "[No Variations]"
Add component (AddParameter): Name = "Digikey Description"; Value = "DIODE GEN PURP 800V 8A SMC"; VariantName = "[No Variations]"
Add component (AddParameter): Name = "Footprint Url"; Value = "https://www.diodes.com/assets/Package-Files/SMC.pdf"; VariantName = "[No Variations]"
Add component (AddParameter): Name = "Forward Current"; Value = "8A"; VariantName = "[No Variations]"
Add component (AddParameter): Name = "Height"; Value = "2.5mm"; VariantName = "[No Variations]"
Add component (AddParameter): Name = "Lead Free"; Value = "Yes"; VariantName = "[No Variations]"
Add component (AddParameter): Name = "Manufacturer"; Value = "Diodes Inc."; VariantName = "[No Variations]"
Add component (AddParameter): Name = "Manufacturer Part Number"; Value = "S8KC-13"; VariantName = "[No Variations]"
Add component (AddParameter): Name = "Max Junction Temp"; Value = "+150°C"; VariantName = "[No Variations]"
Add component (AddParameter): Name = "Max Repetitive Reverse Voltage"; Value = "800V"; VariantName = "[No Variations]"
Add component (AddParameter): Name = "Max Surge Forward Current"; Value = "200A"; VariantName = "[No Variations]"
Add component (AddParameter): Name = "Mouser Description"; Value = "Rectifiers 8.0A 800V"; VariantName = "[No Variations]"
Add component (AddParameter): Name = "Octopart"; Value = "https://octopart.com/s8kc-13-diodes+inc.-10531690"; VariantName = "[No Variations]"
Add component (AddParameter): Name = "Package"; Value = "SMC"; VariantName = "[No Variations]"
Add component (AddParameter): Name = "Peak Reverse Current"; Value = "10uA"; VariantName = "[No Variations]"
Add component (AddParameter): Name = "Reverse Voltage"; Value = "800V"; VariantName = "[No Variations]"
Add component (AddParameter): Name = "RoHS"; Value = "TRUE"; VariantName = "[No Variations]"
Add component (AddParameter): Name = "Standoff Height"; Value = "0.1mm"; VariantName = "[No Variations]"
Add component (AddParameter): Name = "Temperature"; Value = "-65°C to +150°C"; VariantName = "[No Variations]"
Add component (AddParameter): Name = "Temperature Range High"; Value = "+150°C"; VariantName = "[No Variations]"
Add component (AddParameter): Name = "Temperature Range Low"; Value = "-65°C"; VariantName = "[No Variations]"
Add component (AddParameter): Name = "Value"; Value = "45pF"; VariantName = "[No Variations]"
Added Component: Designator=D5(WL-SMCW_0805_150080xx75000)
Add component (AddParameter): Name = "Case Code (Imperial)"; Value = "0805"; VariantName = "[No Variations]"
Add component (AddParameter): Name = "Case Code (Metric)"; Value = "2012"; VariantName = "[No Variations]"
Add component (AddParameter): Name = "Case/Package"; Value = "0805"; VariantName = "[No Variations]"
Add component (AddParameter): Name = "Color"; Value = "Red"; VariantName = "[No Variations]"
Add component (AddParameter): Name = "Dominant Wavelength"; Value = "625nm"; VariantName = "[No Variations]"
Add component (AddParameter): Name = "Forward Current"; Value = "100mA"; VariantName = "[No Variations]"
Add component (AddParameter): Name = "Forward Voltage"; Value = "2V"; VariantName = "[No Variations]"
Add component (AddParameter): Name = "Height"; Value = "700µm"; VariantName = "[No Variations]"
Add component (AddParameter): Name = "Length"; Value = "2mm"; VariantName = "[No Variations]"
Add component (AddParameter): Name = "Lens Style"; Value = "Clear, Rectangular"; VariantName = "[No Variations]"
Add component (AddParameter): Name = "Luminous Intensity"; Value = "150mcd"; VariantName = "[No Variations]"
Add component (AddParameter): Name = "Max Junction Temperature (Tj)"; Value = "95°C"; VariantName = "[No Variations]"
Add component (AddParameter): Name = "Max Operating Temperature"; Value = "85°C"; VariantName = "[No Variations]"
Add component (AddParameter): Name = "Max Reverse Voltage (DC)"; Value = "5V"; VariantName = "[No Variations]"
Add component (AddParameter): Name = "Min Operating Temperature"; Value = "-40°C"; VariantName = "[No Variations]"
Add component (AddParameter): Name = "Mount"; Value = "Surface Mount"; VariantName = "[No Variations]"
Add component (AddParameter): Name = "Packaging"; Value = "Tape and Reel"; VariantName = "[No Variations]"
Add component (AddParameter): Name = "Peak Wavelength"; Value = "630nm"; VariantName = "[No Variations]"
Add component (AddParameter): Name = "Power Dissipation"; Value = "72mW"; VariantName = "[No Variations]"
Add component (AddParameter): Name = "REACH SVHC"; Value = "Unknown"; VariantName = "[No Variations]"
Add component (AddParameter): Name = "RoHS"; Value = "Compliant"; VariantName = "[No Variations]"
Add component (AddParameter): Name = "Test Current"; Value = "20mA"; VariantName = "[No Variations]"
Add component (AddParameter): Name = "Viewing Angle"; Value = "140°"; VariantName = "[No Variations]"
Add component (AddParameter): Name = "Wavelength"; Value = "625nm"; VariantName = "[No Variations]"
Add component (AddParameter): Name = "Width"; Value = "1.25mm"; VariantName = "[No Variations]"
Added Component: Designator=D6(WL-SMCW_0805_150080xx75000)
Add component (AddParameter): Name = "Case Code (Imperial)"; Value = "0805"; VariantName = "[No Variations]"
Add component (AddParameter): Name = "Case Code (Metric)"; Value = "2012"; VariantName = "[No Variations]"
Add component (AddParameter): Name = "Case/Package"; Value = "0805"; VariantName = "[No Variations]"
Add component (AddParameter): Name = "Color"; Value = "Green"; VariantName = "[No Variations]"
Add component (AddParameter): Name = "Dominant Wavelength"; Value = "525nm"; VariantName = "[No Variations]"
Add component (AddParameter): Name = "Forward Current"; Value = "100mA"; VariantName = "[No Variations]"
Add component (AddParameter): Name = "Forward Voltage"; Value = "3.2V"; VariantName = "[No Variations]"
Add component (AddParameter): Name = "Height"; Value = "700µm"; VariantName = "[No Variations]"
Add component (AddParameter): Name = "Length"; Value = "2mm"; VariantName = "[No Variations]"
Add component (AddParameter): Name = "Lens Style"; Value = "Clear, Rectangular"; VariantName = "[No Variations]"
Add component (AddParameter): Name = "Luminous Intensity"; Value = "450mcd"; VariantName = "[No Variations]"
Add component (AddParameter): Name = "Max Junction Temperature (Tj)"; Value = "95°C"; VariantName = "[No Variations]"
Add component (AddParameter): Name = "Max Operating Temperature"; Value = "85°C"; VariantName = "[No Variations]"
Add component (AddParameter): Name = "Max Reverse Voltage (DC)"; Value = "5V"; VariantName = "[No Variations]"
Add component (AddParameter): Name = "Min Operating Temperature"; Value = "-40°C"; VariantName = "[No Variations]"
Add component (AddParameter): Name = "Mount"; Value = "Surface Mount"; VariantName = "[No Variations]"
Add component (AddParameter): Name = "Packaging"; Value = "Tape and Reel"; VariantName = "[No Variations]"
Add component (AddParameter): Name = "Peak Wavelength"; Value = "515nm"; VariantName = "[No Variations]"
Add component (AddParameter): Name = "Power Dissipation"; Value = "105mW"; VariantName = "[No Variations]"
Add component (AddParameter): Name = "REACH SVHC"; Value = "Unknown"; VariantName = "[No Variations]"
Add component (AddParameter): Name = "Reverse Voltage"; Value = "5V"; VariantName = "[No Variations]"
Add component (AddParameter): Name = "RoHS"; Value = "Compliant"; VariantName = "[No Variations]"
Add component (AddParameter): Name = "Test Current"; Value = "20mA"; VariantName = "[No Variations]"
Add component (AddParameter): Name = "Viewing Angle"; Value = "140°"; VariantName = "[No Variations]"
Add component (AddParameter): Name = "Wavelength"; Value = "525nm"; VariantName = "[No Variations]"
Add component (AddParameter): Name = "Width"; Value = "1.25mm"; VariantName = "[No Variations]"
Added Component: Designator=J1(FP-FTSH-107-01-L-DV-K-A-MFG)
Add component (AddParameter): Name = "Contact Material"; Value = "Bronze"; VariantName = "[No Variations]"
Add component (AddParameter): Name = "Contact Plating"; Value = "Gold"; VariantName = "[No Variations]"
Add component (AddParameter): Name = "Gender"; Value = "Male"; VariantName = "[No Variations]"
Add component (AddParameter): Name = "Lead Free"; Value = "Lead Free"; VariantName = "[No Variations]"
Add component (AddParameter): Name = "Number of Contacts"; Value = "14"; VariantName = "[No Variations]"
Add component (AddParameter): Name = "Number of Rows"; Value = "2"; VariantName = "[No Variations]"
Add component (AddParameter): Name = "Pitch"; Value = "1.27mm"; VariantName = "[No Variations]"
Add component (AddParameter): Name = "RoHS Compliant"; Value = "Yes"; VariantName = "[No Variations]"
Add component (AddParameter): Name = "Termination"; Value = "Solder"; VariantName = "[No Variations]"
Added Component: Designator=J2(FP-1757242-MFG)
Add component (AddParameter): Name = "Approvals"; Value = "UL"; VariantName = "[No Variations]"
Add component (AddParameter): Name = "Color"; Value = "Grey"; VariantName = "[No Variations]"
Add component (AddParameter): Name = "Connector Type"; Value = "Plug"; VariantName = "[No Variations]"
Add component (AddParameter): Name = "Contact Material"; Value = "Tin"; VariantName = "[No Variations]"
Add component (AddParameter): Name = "Contact Plating"; Value = "Tin"; VariantName = "[No Variations]"
Add component (AddParameter): Name = "Current"; Value = "15A"; VariantName = "[No Variations]"
Add component (AddParameter): Name = "Current Rating"; Value = "12A"; VariantName = "[No Variations]"
Add component (AddParameter): Name = "Depth"; Value = "12mm"; VariantName = "[No Variations]"
Add component (AddParameter): Name = "Flammability Rating"; Value = "UL94 V-0"; VariantName = "[No Variations]"
Add component (AddParameter): Name = "Gender"; Value = "Male"; VariantName = "[No Variations]"
Add component (AddParameter): Name = "Height"; Value = "12.08mm"; VariantName = "[No Variations]"
Add component (AddParameter): Name = "Housing Color"; Value = "Green"; VariantName = "[No Variations]"
Add component (AddParameter): Name = "Housing Material"; Value = "PBT"; VariantName = "[No Variations]"
Add component (AddParameter): Name = "Lead Free"; Value = "Lead Free"; VariantName = "[No Variations]"
Add component (AddParameter): Name = "Length"; Value = "12.16mm"; VariantName = "[No Variations]"
Add component (AddParameter): Name = "Max Current Rating"; Value = "12A"; VariantName = "[No Variations]"
Add component (AddParameter): Name = "Mount"; Value = "Through Hole"; VariantName = "[No Variations]"
Add component (AddParameter): Name = "Number of Contacts"; Value = "2"; VariantName = "[No Variations]"
Add component (AddParameter): Name = "Number of Levels"; Value = "1"; VariantName = "[No Variations]"
Add component (AddParameter): Name = "Number of Poles"; Value = "2"; VariantName = "[No Variations]"
Add component (AddParameter): Name = "Number of Positions"; Value = "2"; VariantName = "[No Variations]"
Add component (AddParameter): Name = "Number of Positions Per Level"; Value = "2"; VariantName = "[No Variations]"
Add component (AddParameter): Name = "Number of Rows"; Value = "1"; VariantName = "[No Variations]"
Add component (AddParameter): Name = "Orientation"; Value = "Right Angle"; VariantName = "[No Variations]"
Add component (AddParameter): Name = "Package Quantity"; Value = "50"; VariantName = "[No Variations]"
Add component (AddParameter): Name = "Packaging"; Value = "Bulk"; VariantName = "[No Variations]"
Add component (AddParameter): Name = "Pitch"; Value = "5.08mm"; VariantName = "[No Variations]"
Add component (AddParameter): Name = "REACH SVHC"; Value = "No SVHC"; VariantName = "[No Variations]"
Add component (AddParameter): Name = "RoHS Compliant"; Value = "Yes"; VariantName = "[No Variations]"
Add component (AddParameter): Name = "Series"; Value = "MSTBA"; VariantName = "[No Variations]"
Add component (AddParameter): Name = "Termination"; Value = "Solder"; VariantName = "[No Variations]"
Add component (AddParameter): Name = "Voltage"; Value = "300V"; VariantName = "[No Variations]"
Add component (AddParameter): Name = "Voltage Rating"; Value = "250V"; VariantName = "[No Variations]"
Add component (AddParameter): Name = "Voltage Rating (DC)"; Value = "320V"; VariantName = "[No Variations]"
Add component (AddParameter): Name = "Weight"; Value = "5.396916oz"; VariantName = "[No Variations]"
Add component (AddParameter): Name = "Width"; Value = "12.1mm"; VariantName = "[No Variations]"
Added Component: Designator=J3(FP-1757242-MFG)
Add component (AddParameter): Name = "Approvals"; Value = "UL"; VariantName = "[No Variations]"
Add component (AddParameter): Name = "Color"; Value = "Grey"; VariantName = "[No Variations]"
Add component (AddParameter): Name = "Connector Type"; Value = "Plug"; VariantName = "[No Variations]"
Add component (AddParameter): Name = "Contact Material"; Value = "Tin"; VariantName = "[No Variations]"
Add component (AddParameter): Name = "Contact Plating"; Value = "Tin"; VariantName = "[No Variations]"
Add component (AddParameter): Name = "Current"; Value = "15A"; VariantName = "[No Variations]"
Add component (AddParameter): Name = "Current Rating"; Value = "12A"; VariantName = "[No Variations]"
Add component (AddParameter): Name = "Depth"; Value = "12mm"; VariantName = "[No Variations]"
Add component (AddParameter): Name = "Flammability Rating"; Value = "UL94 V-0"; VariantName = "[No Variations]"
Add component (AddParameter): Name = "Gender"; Value = "Male"; VariantName = "[No Variations]"
Add component (AddParameter): Name = "Height"; Value = "12.08mm"; VariantName = "[No Variations]"
Add component (AddParameter): Name = "Housing Color"; Value = "Green"; VariantName = "[No Variations]"
Add component (AddParameter): Name = "Housing Material"; Value = "PBT"; VariantName = "[No Variations]"
Add component (AddParameter): Name = "Lead Free"; Value = "Lead Free"; VariantName = "[No Variations]"
Add component (AddParameter): Name = "Length"; Value = "12.16mm"; VariantName = "[No Variations]"
Add component (AddParameter): Name = "Max Current Rating"; Value = "12A"; VariantName = "[No Variations]"
Add component (AddParameter): Name = "Mount"; Value = "Through Hole"; VariantName = "[No Variations]"
Add component (AddParameter): Name = "Number of Contacts"; Value = "2"; VariantName = "[No Variations]"
Add component (AddParameter): Name = "Number of Levels"; Value = "1"; VariantName = "[No Variations]"
Add component (AddParameter): Name = "Number of Poles"; Value = "2"; VariantName = "[No Variations]"
Add component (AddParameter): Name = "Number of Positions"; Value = "2"; VariantName = "[No Variations]"
Add component (AddParameter): Name = "Number of Positions Per Level"; Value = "2"; VariantName = "[No Variations]"
Add component (AddParameter): Name = "Number of Rows"; Value = "1"; VariantName = "[No Variations]"
Add component (AddParameter): Name = "Orientation"; Value = "Right Angle"; VariantName = "[No Variations]"
Add component (AddParameter): Name = "Package Quantity"; Value = "50"; VariantName = "[No Variations]"
Add component (AddParameter): Name = "Packaging"; Value = "Bulk"; VariantName = "[No Variations]"
Add component (AddParameter): Name = "Pitch"; Value = "5.08mm"; VariantName = "[No Variations]"
Add component (AddParameter): Name = "REACH SVHC"; Value = "No SVHC"; VariantName = "[No Variations]"
Add component (AddParameter): Name = "RoHS Compliant"; Value = "Yes"; VariantName = "[No Variations]"
Add component (AddParameter): Name = "Series"; Value = "MSTBA"; VariantName = "[No Variations]"
Add component (AddParameter): Name = "Termination"; Value = "Solder"; VariantName = "[No Variations]"
Add component (AddParameter): Name = "Voltage"; Value = "300V"; VariantName = "[No Variations]"
Add component (AddParameter): Name = "Voltage Rating"; Value = "250V"; VariantName = "[No Variations]"
Add component (AddParameter): Name = "Voltage Rating (DC)"; Value = "320V"; VariantName = "[No Variations]"
Add component (AddParameter): Name = "Weight"; Value = "5.396916oz"; VariantName = "[No Variations]"
Add component (AddParameter): Name = "Width"; Value = "12.1mm"; VariantName = "[No Variations]"
Added Component: Designator=J4(FP-1757242-MFG)
Add component (AddParameter): Name = "Approvals"; Value = "UL"; VariantName = "[No Variations]"
Add component (AddParameter): Name = "Color"; Value = "Grey"; VariantName = "[No Variations]"
Add component (AddParameter): Name = "Connector Type"; Value = "Plug"; VariantName = "[No Variations]"
Add component (AddParameter): Name = "Contact Material"; Value = "Tin"; VariantName = "[No Variations]"
Add component (AddParameter): Name = "Contact Plating"; Value = "Tin"; VariantName = "[No Variations]"
Add component (AddParameter): Name = "Current"; Value = "15A"; VariantName = "[No Variations]"
Add component (AddParameter): Name = "Current Rating"; Value = "12A"; VariantName = "[No Variations]"
Add component (AddParameter): Name = "Depth"; Value = "12mm"; VariantName = "[No Variations]"
Add component (AddParameter): Name = "Flammability Rating"; Value = "UL94 V-0"; VariantName = "[No Variations]"
Add component (AddParameter): Name = "Gender"; Value = "Male"; VariantName = "[No Variations]"
Add component (AddParameter): Name = "Height"; Value = "12.08mm"; VariantName = "[No Variations]"
Add component (AddParameter): Name = "Housing Color"; Value = "Green"; VariantName = "[No Variations]"
Add component (AddParameter): Name = "Housing Material"; Value = "PBT"; VariantName = "[No Variations]"
Add component (AddParameter): Name = "Lead Free"; Value = "Lead Free"; VariantName = "[No Variations]"
Add component (AddParameter): Name = "Length"; Value = "12.16mm"; VariantName = "[No Variations]"
Add component (AddParameter): Name = "Max Current Rating"; Value = "12A"; VariantName = "[No Variations]"
Add component (AddParameter): Name = "Mount"; Value = "Through Hole"; VariantName = "[No Variations]"
Add component (AddParameter): Name = "Number of Contacts"; Value = "2"; VariantName = "[No Variations]"
Add component (AddParameter): Name = "Number of Levels"; Value = "1"; VariantName = "[No Variations]"
Add component (AddParameter): Name = "Number of Poles"; Value = "2"; VariantName = "[No Variations]"
Add component (AddParameter): Name = "Number of Positions"; Value = "2"; VariantName = "[No Variations]"
Add component (AddParameter): Name = "Number of Positions Per Level"; Value = "2"; VariantName = "[No Variations]"
Add component (AddParameter): Name = "Number of Rows"; Value = "1"; VariantName = "[No Variations]"
Add component (AddParameter): Name = "Orientation"; Value = "Right Angle"; VariantName = "[No Variations]"
Add component (AddParameter): Name = "Package Quantity"; Value = "50"; VariantName = "[No Variations]"
Add component (AddParameter): Name = "Packaging"; Value = "Bulk"; VariantName = "[No Variations]"
Add component (AddParameter): Name = "Pitch"; Value = "5.08mm"; VariantName = "[No Variations]"
Add component (AddParameter): Name = "REACH SVHC"; Value = "No SVHC"; VariantName = "[No Variations]"
Add component (AddParameter): Name = "RoHS Compliant"; Value = "Yes"; VariantName = "[No Variations]"
Add component (AddParameter): Name = "Series"; Value = "MSTBA"; VariantName = "[No Variations]"
Add component (AddParameter): Name = "Termination"; Value = "Solder"; VariantName = "[No Variations]"
Add component (AddParameter): Name = "Voltage"; Value = "300V"; VariantName = "[No Variations]"
Add component (AddParameter): Name = "Voltage Rating"; Value = "250V"; VariantName = "[No Variations]"
Add component (AddParameter): Name = "Voltage Rating (DC)"; Value = "320V"; VariantName = "[No Variations]"
Add component (AddParameter): Name = "Weight"; Value = "5.396916oz"; VariantName = "[No Variations]"
Add component (AddParameter): Name = "Width"; Value = "12.1mm"; VariantName = "[No Variations]"
Added Component: Designator=L1(FP-IHLP-2525CZ-FP_2_413x3-MFG)
Add component (AddParameter): Name = "Case Code (Imperial)"; Value = "2525"; VariantName = "[No Variations]"
Add component (AddParameter): Name = "Case/Package"; Value = "2525"; VariantName = "[No Variations]"
Add component (AddParameter): Name = "Contact Plating"; Value = "Tin"; VariantName = "[No Variations]"
Add component (AddParameter): Name = "Core Material"; Value = "Metal"; VariantName = "[No Variations]"
Add component (AddParameter): Name = "Current Rating"; Value = "9A"; VariantName = "[No Variations]"
Add component (AddParameter): Name = "DC Resistance (DCR)"; Value = "15mR"; VariantName = "[No Variations]"
Add component (AddParameter): Name = "Depth"; Value = "6.72mm"; VariantName = "[No Variations]"
Add component (AddParameter): Name = "Height"; Value = "3mm"; VariantName = "[No Variations]"
Add component (AddParameter): Name = "Height - Seated (Max)"; Value = "0.118inch"; VariantName = "[No Variations]"
Add component (AddParameter): Name = "Inductance"; Value = "1.5uH"; VariantName = "[No Variations]"
Add component (AddParameter): Name = "Inductance Tolerance"; Value = "20%"; VariantName = "[No Variations]"
Add component (AddParameter): Name = "Lead Free"; Value = "Lead Free"; VariantName = "[No Variations]"
Add component (AddParameter): Name = "Length"; Value = "7.24mm"; VariantName = "[No Variations]"
Add component (AddParameter): Name = "Max DC Current"; Value = "18A"; VariantName = "[No Variations]"
Add component (AddParameter): Name = "Max Operating Temperature"; Value = "125°C"; VariantName = "[No Variations]"
Add component (AddParameter): Name = "Military Standard"; Value = "Not"; VariantName = "[No Variations]"
Add component (AddParameter): Name = "Min Operating Temperature"; Value = "-55°C"; VariantName = "[No Variations]"
Add component (AddParameter): Name = "Mount"; Value = "Surface Mount"; VariantName = "[No Variations]"
Add component (AddParameter): Name = "Number of Pins"; Value = "2"; VariantName = "[No Variations]"
Add component (AddParameter): Name = "Package Quantity"; Value = "2000"; VariantName = "[No Variations]"
Add component (AddParameter): Name = "Packaging"; Value = "Tape and Reel"; VariantName = "[No Variations]"
Add component (AddParameter): Name = "Radiation Hardening"; Value = "No"; VariantName = "[No Variations]"
Add component (AddParameter): Name = "RMS Current (Irms)"; Value = "9A"; VariantName = "[No Variations]"
Add component (AddParameter): Name = "Saturation Current"; Value = "18A"; VariantName = "[No Variations]"
Add component (AddParameter): Name = "Self Resonant Frequency"; Value = "5MHz"; VariantName = "[No Variations]"
Add component (AddParameter): Name = "Shielding"; Value = "Shielded"; VariantName = "[No Variations]"
Add component (AddParameter): Name = "Termination"; Value = "SMD/SMT"; VariantName = "[No Variations]"
Add component (AddParameter): Name = "Test Frequency"; Value = "100kHz"; VariantName = "[No Variations]"
Add component (AddParameter): Name = "Tolerance"; Value = "20%"; VariantName = "[No Variations]"
Add component (AddParameter): Name = "Width"; Value = "6.47mm"; VariantName = "[No Variations]"
Added Component: Designator=P1(653104124022)
Add component (AddParameter): Name = "Color"; Value = "Beige, White"; VariantName = "[No Variations]"
Add component (AddParameter): Name = "Connector Type"; Value = "Male Pin"; VariantName = "[No Variations]"
Add component (AddParameter): Name = "Contact Gender"; Value = "Male"; VariantName = "[No Variations]"
Add component (AddParameter): Name = "Contact Material"; Value = "Copper"; VariantName = "[No Variations]"
Add component (AddParameter): Name = "Contact Mating Length"; Value = "2.159mm"; VariantName = "[No Variations]"
Add component (AddParameter): Name = "Contact Plating"; Value = "Tin"; VariantName = "[No Variations]"
Add component (AddParameter): Name = "Contact Resistance"; Value = "20mO"; VariantName = "[No Variations]"
Add component (AddParameter): Name = "Current Rating"; Value = "1A"; VariantName = "[No Variations]"
Add component (AddParameter): Name = "Flammability Rating"; Value = "UL94 V-0"; VariantName = "[No Variations]"
Add component (AddParameter): Name = "Gender"; Value = "Male"; VariantName = "[No Variations]"
Add component (AddParameter): Name = "Height"; Value = "4.75mm"; VariantName = "[No Variations]"
Add component (AddParameter): Name = "Housing Material"; Value = "Nylon"; VariantName = "[No Variations]"
Add component (AddParameter): Name = "Insulation"; Value = "Insulated"; VariantName = "[No Variations]"
Add component (AddParameter): Name = "Insulation Resistance"; Value = "100MO"; VariantName = "[No Variations]"
Add component (AddParameter): Name = "Lead Pitch"; Value = "1.25mm"; VariantName = "[No Variations]"
Add component (AddParameter): Name = "Length"; Value = "9.75mm"; VariantName = "[No Variations]"
Add component (AddParameter): Name = "Max Operating Temperature"; Value = "85°C"; VariantName = "[No Variations]"
Add component (AddParameter): Name = "Min Operating Temperature"; Value = "-40°C"; VariantName = "[No Variations]"
Add component (AddParameter): Name = "Mount"; Value = "Surface Mount"; VariantName = "[No Variations]"
Add component (AddParameter): Name = "NexarPartId"; Value = "18818277"; VariantName = "[No Variations]"
Add component (AddParameter): Name = "Number of Contacts"; Value = "4"; VariantName = "[No Variations]"
Add component (AddParameter): Name = "Number of Pins"; Value = "4"; VariantName = "[No Variations]"
Add component (AddParameter): Name = "Number of Positions"; Value = "4"; VariantName = "[No Variations]"
Add component (AddParameter): Name = "Number of Rows"; Value = "1"; VariantName = "[No Variations]"
Add component (AddParameter): Name = "Operating Supply Voltage"; Value = "125V"; VariantName = "[No Variations]"
Add component (AddParameter): Name = "Orientation"; Value = "Vertical"; VariantName = "[No Variations]"
Add component (AddParameter): Name = "Packaging"; Value = "Tape and Reel"; VariantName = "[No Variations]"
Add component (AddParameter): Name = "Pitch"; Value = "1.25mm"; VariantName = "[No Variations]"
Add component (AddParameter): Name = "REACH SVHC"; Value = "Unknown"; VariantName = "[No Variations]"
Add component (AddParameter): Name = "RoHS"; Value = "Compliant"; VariantName = "[No Variations]"
Add component (AddParameter): Name = "Termination"; Value = "SMD/SMT"; VariantName = "[No Variations]"
Add component (AddParameter): Name = "Voltage Rating"; Value = "125V"; VariantName = "[No Variations]"
Add component (AddParameter): Name = "Width"; Value = "9.75mm"; VariantName = "[No Variations]"
Added Component: Designator=P2(653104124022)
Add component (AddParameter): Name = "Color"; Value = "Beige, White"; VariantName = "[No Variations]"
Add component (AddParameter): Name = "Connector Type"; Value = "Male Pin"; VariantName = "[No Variations]"
Add component (AddParameter): Name = "Contact Gender"; Value = "Male"; VariantName = "[No Variations]"
Add component (AddParameter): Name = "Contact Material"; Value = "Copper"; VariantName = "[No Variations]"
Add component (AddParameter): Name = "Contact Mating Length"; Value = "2.159mm"; VariantName = "[No Variations]"
Add component (AddParameter): Name = "Contact Plating"; Value = "Tin"; VariantName = "[No Variations]"
Add component (AddParameter): Name = "Contact Resistance"; Value = "20mO"; VariantName = "[No Variations]"
Add component (AddParameter): Name = "Current Rating"; Value = "1A"; VariantName = "[No Variations]"
Add component (AddParameter): Name = "Flammability Rating"; Value = "UL94 V-0"; VariantName = "[No Variations]"
Add component (AddParameter): Name = "Gender"; Value = "Male"; VariantName = "[No Variations]"
Add component (AddParameter): Name = "Height"; Value = "4.75mm"; VariantName = "[No Variations]"
Add component (AddParameter): Name = "Housing Material"; Value = "Nylon"; VariantName = "[No Variations]"
Add component (AddParameter): Name = "Insulation"; Value = "Insulated"; VariantName = "[No Variations]"
Add component (AddParameter): Name = "Insulation Resistance"; Value = "100MO"; VariantName = "[No Variations]"
Add component (AddParameter): Name = "Lead Pitch"; Value = "1.25mm"; VariantName = "[No Variations]"
Add component (AddParameter): Name = "Length"; Value = "9.75mm"; VariantName = "[No Variations]"
Add component (AddParameter): Name = "Max Operating Temperature"; Value = "85°C"; VariantName = "[No Variations]"
Add component (AddParameter): Name = "Min Operating Temperature"; Value = "-40°C"; VariantName = "[No Variations]"
Add component (AddParameter): Name = "Mount"; Value = "Surface Mount"; VariantName = "[No Variations]"
Add component (AddParameter): Name = "NexarPartId"; Value = "18818277"; VariantName = "[No Variations]"
Add component (AddParameter): Name = "Number of Contacts"; Value = "4"; VariantName = "[No Variations]"
Add component (AddParameter): Name = "Number of Pins"; Value = "4"; VariantName = "[No Variations]"
Add component (AddParameter): Name = "Number of Positions"; Value = "4"; VariantName = "[No Variations]"
Add component (AddParameter): Name = "Number of Rows"; Value = "1"; VariantName = "[No Variations]"
Add component (AddParameter): Name = "Operating Supply Voltage"; Value = "125V"; VariantName = "[No Variations]"
Add component (AddParameter): Name = "Orientation"; Value = "Vertical"; VariantName = "[No Variations]"
Add component (AddParameter): Name = "Packaging"; Value = "Tape and Reel"; VariantName = "[No Variations]"
Add component (AddParameter): Name = "Pitch"; Value = "1.25mm"; VariantName = "[No Variations]"
Add component (AddParameter): Name = "REACH SVHC"; Value = "Unknown"; VariantName = "[No Variations]"
Add component (AddParameter): Name = "RoHS"; Value = "Compliant"; VariantName = "[No Variations]"
Add component (AddParameter): Name = "Termination"; Value = "SMD/SMT"; VariantName = "[No Variations]"
Add component (AddParameter): Name = "Voltage Rating"; Value = "125V"; VariantName = "[No Variations]"
Add component (AddParameter): Name = "Width"; Value = "9.75mm"; VariantName = "[No Variations]"
Added Component: Designator=P3(653104124022)
Add component (AddParameter): Name = "Color"; Value = "Beige, White"; VariantName = "[No Variations]"
Add component (AddParameter): Name = "Connector Type"; Value = "Male Pin"; VariantName = "[No Variations]"
Add component (AddParameter): Name = "Contact Gender"; Value = "Male"; VariantName = "[No Variations]"
Add component (AddParameter): Name = "Contact Material"; Value = "Copper"; VariantName = "[No Variations]"
Add component (AddParameter): Name = "Contact Mating Length"; Value = "2.159mm"; VariantName = "[No Variations]"
Add component (AddParameter): Name = "Contact Plating"; Value = "Tin"; VariantName = "[No Variations]"
Add component (AddParameter): Name = "Contact Resistance"; Value = "20mO"; VariantName = "[No Variations]"
Add component (AddParameter): Name = "Current Rating"; Value = "1A"; VariantName = "[No Variations]"
Add component (AddParameter): Name = "Flammability Rating"; Value = "UL94 V-0"; VariantName = "[No Variations]"
Add component (AddParameter): Name = "Gender"; Value = "Male"; VariantName = "[No Variations]"
Add component (AddParameter): Name = "Height"; Value = "4.75mm"; VariantName = "[No Variations]"
Add component (AddParameter): Name = "Housing Material"; Value = "Nylon"; VariantName = "[No Variations]"
Add component (AddParameter): Name = "Insulation"; Value = "Insulated"; VariantName = "[No Variations]"
Add component (AddParameter): Name = "Insulation Resistance"; Value = "100MO"; VariantName = "[No Variations]"
Add component (AddParameter): Name = "Lead Pitch"; Value = "1.25mm"; VariantName = "[No Variations]"
Add component (AddParameter): Name = "Length"; Value = "9.75mm"; VariantName = "[No Variations]"
Add component (AddParameter): Name = "Max Operating Temperature"; Value = "85°C"; VariantName = "[No Variations]"
Add component (AddParameter): Name = "Min Operating Temperature"; Value = "-40°C"; VariantName = "[No Variations]"
Add component (AddParameter): Name = "Mount"; Value = "Surface Mount"; VariantName = "[No Variations]"
Add component (AddParameter): Name = "NexarPartId"; Value = "18818277"; VariantName = "[No Variations]"
Add component (AddParameter): Name = "Number of Contacts"; Value = "4"; VariantName = "[No Variations]"
Add component (AddParameter): Name = "Number of Pins"; Value = "4"; VariantName = "[No Variations]"
Add component (AddParameter): Name = "Number of Positions"; Value = "4"; VariantName = "[No Variations]"
Add component (AddParameter): Name = "Number of Rows"; Value = "1"; VariantName = "[No Variations]"
Add component (AddParameter): Name = "Operating Supply Voltage"; Value = "125V"; VariantName = "[No Variations]"
Add component (AddParameter): Name = "Orientation"; Value = "Vertical"; VariantName = "[No Variations]"
Add component (AddParameter): Name = "Packaging"; Value = "Tape and Reel"; VariantName = "[No Variations]"
Add component (AddParameter): Name = "Pitch"; Value = "1.25mm"; VariantName = "[No Variations]"
Add component (AddParameter): Name = "REACH SVHC"; Value = "Unknown"; VariantName = "[No Variations]"
Add component (AddParameter): Name = "RoHS"; Value = "Compliant"; VariantName = "[No Variations]"
Add component (AddParameter): Name = "Termination"; Value = "SMD/SMT"; VariantName = "[No Variations]"
Add component (AddParameter): Name = "Voltage Rating"; Value = "125V"; VariantName = "[No Variations]"
Add component (AddParameter): Name = "Width"; Value = "9.75mm"; VariantName = "[No Variations]"
Added Component: Designator=Q1(FP-PG-TO252-3-MFG)
Add component (AddParameter): Name = "Automotive"; Value = "No"; VariantName = "[No Variations]"
Add component (AddParameter): Name = "Category"; Value = "Trans"; VariantName = "[No Variations]"
Add component (AddParameter): Name = "ComponentLink2Description"; Value = "Datasheet"; VariantName = "[No Variations]"
Add component (AddParameter): Name = "ComponentLink2URL"; Value = "https://www.infineon.com/dgdl/irlr7843pbf.pdf?fileId=5546d462533600a40153566de53526d8"; VariantName = "[No Variations]"
Add component (AddParameter): Name = "Continuous Drain Current"; Value = "161A"; VariantName = "[No Variations]"
Add component (AddParameter): Name = "Depletion Mode"; Value = "False"; VariantName = "[No Variations]"
Add component (AddParameter): Name = "Device Class L1"; Value = "Discrete Semiconductors"; VariantName = "[No Variations]"
Add component (AddParameter): Name = "Device Class L2"; Value = "Transistors"; VariantName = "[No Variations]"
Add component (AddParameter): Name = "Device Class L3"; Value = "MOSFETs"; VariantName = "[No Variations]"
Add component (AddParameter): Name = "Digikey Description"; Value = "MOSFET N-CH 30V 161A DPAK"; VariantName = "[No Variations]"
Add component (AddParameter): Name = "Drain To Source Breakdown Voltage"; Value = "30V"; VariantName = "[No Variations]"
Add component (AddParameter): Name = "Drain To Source Resistance"; Value = "3.2mO"; VariantName = "[No Variations]"
Add component (AddParameter): Name = "Drain To Source Voltage"; Value = "30V"; VariantName = "[No Variations]"
Add component (AddParameter): Name = "Footprint Url"; Value = "https://www.infineon.com/cms/en/product/packages/PG-TO252/PG-TO252-3-901/"; VariantName = "[No Variations]"
Add component (AddParameter): Name = "Gate Charge At Vgs"; Value = "34nC @ 4.5V"; VariantName = "[No Variations]"
Add component (AddParameter): Name = "Gate To Source Voltage"; Value = "20V"; VariantName = "[No Variations]"
Add component (AddParameter): Name = "Height"; Value = "2.52mm"; VariantName = "[No Variations]"
Add component (AddParameter): Name = "Input Capacitace At Vds"; Value = "4380pF @ 15V"; VariantName = "[No Variations]"
Add component (AddParameter): Name = "Lead Free"; Value = "Yes"; VariantName = "[No Variations]"
Add component (AddParameter): Name = "Manufacturer"; Value = "Infineon"; VariantName = "[No Variations]"
Add component (AddParameter): Name = "Manufacturer Part Number"; Value = "IRLR7843TRPBF"; VariantName = "[No Variations]"
Add component (AddParameter): Name = "Max Forward Diode Voltage"; Value = "1V"; VariantName = "[No Variations]"
Add component (AddParameter): Name = "Max Junction Temp"; Value = "+175°C"; VariantName = "[No Variations]"
Add component (AddParameter): Name = "Number Of Channels"; Value = "1"; VariantName = "[No Variations]"
Add component (AddParameter): Name = "Number Of N Channels"; Value = "1"; VariantName = "[No Variations]"
Add component (AddParameter): Name = "Octopart"; Value = "https://octopart.com/irlr7843trpbf-infineon-65875062"; VariantName = "[No Variations]"
Add component (AddParameter): Name = "Package"; Value = "PG-TO252-3"; VariantName = "[No Variations]"
Add component (AddParameter): Name = "Power Dissipation"; Value = "140W"; VariantName = "[No Variations]"
Add component (AddParameter): Name = "Pulse Drain Current"; Value = "620A"; VariantName = "[No Variations]"
Add component (AddParameter): Name = "Reverse Recovery Charge"; Value = "36nC"; VariantName = "[No Variations]"
Add component (AddParameter): Name = "Reverse Recovery Time"; Value = "39ns"; VariantName = "[No Variations]"
Add component (AddParameter): Name = "RoHS"; Value = "TRUE"; VariantName = "[No Variations]"
Add component (AddParameter): Name = "Rthja Max"; Value = "50°C/W"; VariantName = "[No Variations]"
Add component (AddParameter): Name = "Temperature"; Value = "-55°C to +175°C"; VariantName = "[No Variations]"
Add component (AddParameter): Name = "Temperature Range High"; Value = "+175°C"; VariantName = "[No Variations]"
Add component (AddParameter): Name = "Temperature Range Low"; Value = "-55°C"; VariantName = "[No Variations]"
Add component (AddParameter): Name = "Threshold Vgs Max"; Value = "2.3V"; VariantName = "[No Variations]"
Add component (AddParameter): Name = "Threshold Vgs Min"; Value = "1.4V"; VariantName = "[No Variations]"
Add component (AddParameter): Name = "Turn Off Delay Time"; Value = "34ns"; VariantName = "[No Variations]"
Add component (AddParameter): Name = "Turn On Delay Time"; Value = "25ns"; VariantName = "[No Variations]"
Added Component: Designator=Q2(FP-PG-TO252-3-MFG)
Add component (AddParameter): Name = "Automotive"; Value = "No"; VariantName = "[No Variations]"
Add component (AddParameter): Name = "Category"; Value = "Trans"; VariantName = "[No Variations]"
Add component (AddParameter): Name = "ComponentLink2Description"; Value = "Datasheet"; VariantName = "[No Variations]"
Add component (AddParameter): Name = "ComponentLink2URL"; Value = "https://www.infineon.com/dgdl/irlr7843pbf.pdf?fileId=5546d462533600a40153566de53526d8"; VariantName = "[No Variations]"
Add component (AddParameter): Name = "Continuous Drain Current"; Value = "161A"; VariantName = "[No Variations]"
Add component (AddParameter): Name = "Depletion Mode"; Value = "False"; VariantName = "[No Variations]"
Add component (AddParameter): Name = "Device Class L1"; Value = "Discrete Semiconductors"; VariantName = "[No Variations]"
Add component (AddParameter): Name = "Device Class L2"; Value = "Transistors"; VariantName = "[No Variations]"
Add component (AddParameter): Name = "Device Class L3"; Value = "MOSFETs"; VariantName = "[No Variations]"
Add component (AddParameter): Name = "Digikey Description"; Value = "MOSFET N-CH 30V 161A DPAK"; VariantName = "[No Variations]"
Add component (AddParameter): Name = "Drain To Source Breakdown Voltage"; Value = "30V"; VariantName = "[No Variations]"
Add component (AddParameter): Name = "Drain To Source Resistance"; Value = "3.2mO"; VariantName = "[No Variations]"
Add component (AddParameter): Name = "Drain To Source Voltage"; Value = "30V"; VariantName = "[No Variations]"
Add component (AddParameter): Name = "Footprint Url"; Value = "https://www.infineon.com/cms/en/product/packages/PG-TO252/PG-TO252-3-901/"; VariantName = "[No Variations]"
Add component (AddParameter): Name = "Gate Charge At Vgs"; Value = "34nC @ 4.5V"; VariantName = "[No Variations]"
Add component (AddParameter): Name = "Gate To Source Voltage"; Value = "20V"; VariantName = "[No Variations]"
Add component (AddParameter): Name = "Height"; Value = "2.52mm"; VariantName = "[No Variations]"
Add component (AddParameter): Name = "Input Capacitace At Vds"; Value = "4380pF @ 15V"; VariantName = "[No Variations]"
Add component (AddParameter): Name = "Lead Free"; Value = "Yes"; VariantName = "[No Variations]"
Add component (AddParameter): Name = "Manufacturer"; Value = "Infineon"; VariantName = "[No Variations]"
Add component (AddParameter): Name = "Manufacturer Part Number"; Value = "IRLR7843TRPBF"; VariantName = "[No Variations]"
Add component (AddParameter): Name = "Max Forward Diode Voltage"; Value = "1V"; VariantName = "[No Variations]"
Add component (AddParameter): Name = "Max Junction Temp"; Value = "+175°C"; VariantName = "[No Variations]"
Add component (AddParameter): Name = "Number Of Channels"; Value = "1"; VariantName = "[No Variations]"
Add component (AddParameter): Name = "Number Of N Channels"; Value = "1"; VariantName = "[No Variations]"
Add component (AddParameter): Name = "Octopart"; Value = "https://octopart.com/irlr7843trpbf-infineon-65875062"; VariantName = "[No Variations]"
Add component (AddParameter): Name = "Package"; Value = "PG-TO252-3"; VariantName = "[No Variations]"
Add component (AddParameter): Name = "Power Dissipation"; Value = "140W"; VariantName = "[No Variations]"
Add component (AddParameter): Name = "Pulse Drain Current"; Value = "620A"; VariantName = "[No Variations]"
Add component (AddParameter): Name = "Reverse Recovery Charge"; Value = "36nC"; VariantName = "[No Variations]"
Add component (AddParameter): Name = "Reverse Recovery Time"; Value = "39ns"; VariantName = "[No Variations]"
Add component (AddParameter): Name = "RoHS"; Value = "TRUE"; VariantName = "[No Variations]"
Add component (AddParameter): Name = "Rthja Max"; Value = "50°C/W"; VariantName = "[No Variations]"
Add component (AddParameter): Name = "Temperature"; Value = "-55°C to +175°C"; VariantName = "[No Variations]"
Add component (AddParameter): Name = "Temperature Range High"; Value = "+175°C"; VariantName = "[No Variations]"
Add component (AddParameter): Name = "Temperature Range Low"; Value = "-55°C"; VariantName = "[No Variations]"
Add component (AddParameter): Name = "Threshold Vgs Max"; Value = "2.3V"; VariantName = "[No Variations]"
Add component (AddParameter): Name = "Threshold Vgs Min"; Value = "1.4V"; VariantName = "[No Variations]"
Add component (AddParameter): Name = "Turn Off Delay Time"; Value = "34ns"; VariantName = "[No Variations]"
Add component (AddParameter): Name = "Turn On Delay Time"; Value = "25ns"; VariantName = "[No Variations]"
Added Component: Designator=Q3(INF-PG-TO252-3-11_A_L)
Add component (AddParameter): Name = "ComponentLink1Description"; Value = "Manufacturer URL"; VariantName = "[No Variations]"
Add component (AddParameter): Name = "ComponentLink1URL"; Value = "http://www.infineon.com/"; VariantName = "[No Variations]"
Add component (AddParameter): Name = "ComponentLink2Description"; Value = "Datasheet"; VariantName = "[No Variations]"
Add component (AddParameter): Name = "ComponentLink2URL"; Value = "http://www.infineon.com/dgdl/IPD035N06L3_Rev2.3.pdf?folderId=db3a304313b8b5a60113cee8763b02d7&fileId=db3a30431b3e89eb011b4558ed7f7d14"; VariantName = "[No Variations]"
Add component (AddParameter): Name = "ComponentLink3Description"; Value = "Package Specification"; VariantName = "[No Variations]"
Add component (AddParameter): Name = "ComponentLink3URL"; Value = "http://www.infineon.com/dgdl/IPD160N04L_rev1.0.pdf?folderId=db3a3043163797a6011643468e7505a4&fileId=db3a3043163797a60116436401cf05cf"; VariantName = "[No Variations]"
Add component (AddParameter): Name = "DatasheetVersion"; Value = "Rev. 2.3"; VariantName = "[No Variations]"
Add component (AddParameter): Name = "Green"; Value = "TRUE"; VariantName = "[No Variations]"
Add component (AddParameter): Name = "Halogen-free"; Value = "TRUE"; VariantName = "[No Variations]"
Add component (AddParameter): Name = "ID (max)"; Value = "90Â A"; VariantName = "[No Variations]"
Add component (AddParameter): Name = "IDpuls (max)"; Value = "360Â A"; VariantName = "[No Variations]"
Add component (AddParameter): Name = "Manufacturer"; Value = "Infineon"; VariantName = "[No Variations]"
Add component (AddParameter): Name = "Mounting Technology"; Value = "Surface Mount"; VariantName = "[No Variations]"
Add component (AddParameter): Name = "PackageDescription"; Value = "3-Pin Plastic (Green) Transistor Single Outline Package, 6.57 x 6.1 mm Body, 2.29 mm Pitch"; VariantName = "[No Variations]"
Add component (AddParameter): Name = "PackageReference"; Value = "PG-TO252-3-11"; VariantName = "[No Variations]"
Add component (AddParameter): Name = "PackageVersion"; Value = "Rev. 02, 03/2007"; VariantName = "[No Variations]"
Add component (AddParameter): Name = "Packing"; Value = "Reel"; VariantName = "[No Variations]"
Add component (AddParameter): Name = "PartNumber"; Value = "IPD035N06L3 G"; VariantName = "[No Variations]"
Add component (AddParameter): Name = "Polarity"; Value = "N"; VariantName = "[No Variations]"
Add component (AddParameter): Name = "Ptot (max)"; Value = "167Â W"; VariantName = "[No Variations]"
Add component (AddParameter): Name = "QG"; Value = "59Â nC"; VariantName = "[No Variations]"
Add component (AddParameter): Name = "RDS (on) (max)"; Value = "3.5Â mOhm"; VariantName = "[No Variations]"
Add component (AddParameter): Name = "RDS (on) (max) (@4.5V)"; Value = "5.5Â mOhm"; VariantName = "[No Variations]"
Add component (AddParameter): Name = "Rth"; Value = "0.9Â K/W"; VariantName = "[No Variations]"
Add component (AddParameter): Name = "RthJA (max)"; Value = "62 K/W"; VariantName = "[No Variations]"
Add component (AddParameter): Name = "RthJC (max)"; Value = "0.9Â K/W"; VariantName = "[No Variations]"
Add component (AddParameter): Name = "VDS (max)"; Value = "60Â V"; VariantName = "[No Variations]"
Add component (AddParameter): Name = "VGS(th) (max)"; Value = "2.2Â V"; VariantName = "[No Variations]"
Add component (AddParameter): Name = "VGS(th) (min)"; Value = "1.2Â V"; VariantName = "[No Variations]"
Added Component: Designator=Q4(INF-PG-TO252-3-11_A_L)
Add component (AddParameter): Name = "ComponentLink1Description"; Value = "Manufacturer URL"; VariantName = "[No Variations]"
Add component (AddParameter): Name = "ComponentLink1URL"; Value = "http://www.infineon.com/"; VariantName = "[No Variations]"
Add component (AddParameter): Name = "ComponentLink2Description"; Value = "Datasheet"; VariantName = "[No Variations]"
Add component (AddParameter): Name = "ComponentLink2URL"; Value = "http://www.infineon.com/dgdl/IPD035N06L3_Rev2.3.pdf?folderId=db3a304313b8b5a60113cee8763b02d7&fileId=db3a30431b3e89eb011b4558ed7f7d14"; VariantName = "[No Variations]"
Add component (AddParameter): Name = "ComponentLink3Description"; Value = "Package Specification"; VariantName = "[No Variations]"
Add component (AddParameter): Name = "ComponentLink3URL"; Value = "http://www.infineon.com/dgdl/IPD160N04L_rev1.0.pdf?folderId=db3a3043163797a6011643468e7505a4&fileId=db3a3043163797a60116436401cf05cf"; VariantName = "[No Variations]"
Add component (AddParameter): Name = "DatasheetVersion"; Value = "Rev. 2.3"; VariantName = "[No Variations]"
Add component (AddParameter): Name = "Green"; Value = "TRUE"; VariantName = "[No Variations]"
Add component (AddParameter): Name = "Halogen-free"; Value = "TRUE"; VariantName = "[No Variations]"
Add component (AddParameter): Name = "ID (max)"; Value = "90Â A"; VariantName = "[No Variations]"
Add component (AddParameter): Name = "IDpuls (max)"; Value = "360Â A"; VariantName = "[No Variations]"
Add component (AddParameter): Name = "Manufacturer"; Value = "Infineon"; VariantName = "[No Variations]"
Add component (AddParameter): Name = "Mounting Technology"; Value = "Surface Mount"; VariantName = "[No Variations]"
Add component (AddParameter): Name = "PackageDescription"; Value = "3-Pin Plastic (Green) Transistor Single Outline Package, 6.57 x 6.1 mm Body, 2.29 mm Pitch"; VariantName = "[No Variations]"
Add component (AddParameter): Name = "PackageReference"; Value = "PG-TO252-3-11"; VariantName = "[No Variations]"
Add component (AddParameter): Name = "PackageVersion"; Value = "Rev. 02, 03/2007"; VariantName = "[No Variations]"
Add component (AddParameter): Name = "Packing"; Value = "Reel"; VariantName = "[No Variations]"
Add component (AddParameter): Name = "PartNumber"; Value = "IPD035N06L3 G"; VariantName = "[No Variations]"
Add component (AddParameter): Name = "Polarity"; Value = "N"; VariantName = "[No Variations]"
Add component (AddParameter): Name = "Ptot (max)"; Value = "167Â W"; VariantName = "[No Variations]"
Add component (AddParameter): Name = "QG"; Value = "59Â nC"; VariantName = "[No Variations]"
Add component (AddParameter): Name = "RDS (on) (max)"; Value = "3.5Â mOhm"; VariantName = "[No Variations]"
Add component (AddParameter): Name = "RDS (on) (max) (@4.5V)"; Value = "5.5Â mOhm"; VariantName = "[No Variations]"
Add component (AddParameter): Name = "Rth"; Value = "0.9Â K/W"; VariantName = "[No Variations]"
Add component (AddParameter): Name = "RthJA (max)"; Value = "62 K/W"; VariantName = "[No Variations]"
Add component (AddParameter): Name = "RthJC (max)"; Value = "0.9Â K/W"; VariantName = "[No Variations]"
Add component (AddParameter): Name = "VALUE"; Value = ""; VariantName = "[No Variations]"
Add component (AddParameter): Name = "VDS (max)"; Value = "60Â V"; VariantName = "[No Variations]"
Add component (AddParameter): Name = "VGS(th) (max)"; Value = "2.2Â V"; VariantName = "[No Variations]"
Add component (AddParameter): Name = "VGS(th) (min)"; Value = "1.2Â V"; VariantName = "[No Variations]"
Added Component: Designator=R1(RESC1609X50X30LL10T20)
Add component (AddParameter): Name = "Manufacturer"; Value = "Vishay Dale"; VariantName = "[No Variations]"
Add component (AddParameter): Name = "Part Number"; Value = "CRCW060347R0FKEA"; VariantName = "[No Variations]"
Add component (AddParameter): Name = "VALUE"; Value = "47"; VariantName = "[No Variations]"
Added Component: Designator=R2(RESC1609X50X30LL10T20)
Add component (AddParameter): Name = "Manufacturer"; Value = "Vishay Dale"; VariantName = "[No Variations]"
Add component (AddParameter): Name = "Part Number"; Value = "CRCW060347R0FKEA"; VariantName = "[No Variations]"
Add component (AddParameter): Name = "VALUE"; Value = "47"; VariantName = "[No Variations]"
Added Component: Designator=R3(RESC1005X40X25NL05T10)
Add component (AddParameter): Name = "Manufacturer"; Value = "Yageo"; VariantName = "[No Variations]"
Add component (AddParameter): Name = "Part Number"; Value = "RC0402JR-100RL"; VariantName = "[No Variations]"
Added Component: Designator=R4(FP-AC0402-MFG)
Add component (AddParameter): Name = "RoHS Compliant"; Value = "Yes"; VariantName = "[No Variations]"
Added Component: Designator=R5(RESC1005X37X25LL05T10)
Add component (AddParameter): Name = "Manufacturer"; Value = "Yageo"; VariantName = "[No Variations]"
Add component (AddParameter): Name = "Part Number"; Value = "RE0402FRE0710KL"; VariantName = "[No Variations]"
Added Component: Designator=R6(RESC1005X37X25LL05T10)
Add component (AddParameter): Name = "Manufacturer"; Value = "Yageo"; VariantName = "[No Variations]"
Add component (AddParameter): Name = "Part Number"; Value = "RE0402FRE0710KL"; VariantName = "[No Variations]"
Added Component: Designator=R7(RESC1005X37X25LL05T10)
Add component (AddParameter): Name = "Manufacturer"; Value = "Yageo"; VariantName = "[No Variations]"
Add component (AddParameter): Name = "Part Number"; Value = "RE0402FRE0710KL"; VariantName = "[No Variations]"
Added Component: Designator=R8(FP-AC0402-MFG)
Add component (AddParameter): Name = "RoHS Compliant"; Value = "Yes"; VariantName = "[No Variations]"
Added Component: Designator=R9(RESC1005X37X25LL05T10)
Add component (AddParameter): Name = "Manufacturer"; Value = "Yageo"; VariantName = "[No Variations]"
Add component (AddParameter): Name = "Part Number"; Value = "RE0402FRE0710KL"; VariantName = "[No Variations]"
Added Component: Designator=R10(RESC1005X37X25LL05T10)
Add component (AddParameter): Name = "Manufacturer"; Value = "Yageo"; VariantName = "[No Variations]"
Add component (AddParameter): Name = "Part Number"; Value = "RE0402FRE0710KL"; VariantName = "[No Variations]"
Added Component: Designator=R11(RESC1005X40X25NL05T10)
Add component (AddParameter): Name = "Manufacturer"; Value = "Yageo"; VariantName = "[No Variations]"
Add component (AddParameter): Name = "Part Number"; Value = "RC0402JR-100RL"; VariantName = "[No Variations]"
Added Component: Designator=R12(FP-AC0402-MFG)
Add component (AddParameter): Name = "RoHS Compliant"; Value = "Yes"; VariantName = "[No Variations]"
Added Component: Designator=R13(RESC1005X37X25LL05T10)
Add component (AddParameter): Name = "Manufacturer"; Value = "Yageo"; VariantName = "[No Variations]"
Add component (AddParameter): Name = "Part Number"; Value = "RE0402FRE0710KL"; VariantName = "[No Variations]"
Added Component: Designator=R14(RESC1005X37X25LL05T10)
Add component (AddParameter): Name = "Manufacturer"; Value = "Yageo"; VariantName = "[No Variations]"
Add component (AddParameter): Name = "Part Number"; Value = "RE0402FRE0710KL"; VariantName = "[No Variations]"
Added Component: Designator=R15(FP-AC0402-MFG)
Add component (AddParameter): Name = "RoHS Compliant"; Value = "Yes"; VariantName = "[No Variations]"
Added Component: Designator=R16(RESC1608X55X25ML10T15)
Add component (AddParameter): Name = "ComponentLink1Description"; Value = "Manufacturer URL"; VariantName = "[No Variations]"
Add component (AddParameter): Name = "ComponentLink1URL"; Value = "http://www.yageo.com/"; VariantName = "[No Variations]"
Add component (AddParameter): Name = "ComponentLink2Description"; Value = "Datasheet"; VariantName = "[No Variations]"
Add component (AddParameter): Name = "ComponentLink2URL"; Value = "http://www.yageo.com/documents/recent/PYu-RC_Group_51_RoHS_L_04.pdf"; VariantName = "[No Variations]"
Add component (AddParameter): Name = "DatasheetVersion"; Value = "Rev. 4, 02/2016"; VariantName = "[No Variations]"
Add component (AddParameter): Name = "PackageDescription"; Value = "2-Pin Surface Mount Device, Body 1.6 x 0.8 mm"; VariantName = "[No Variations]"
Add component (AddParameter): Name = "PackageReference"; Value = "0603"; VariantName = "[No Variations]"
Add component (AddParameter): Name = "Value"; Value = "470k"; VariantName = "[No Variations]"
Added Component: Designator=R17(RESC1608X55X30LL15T15)
Add component (AddParameter): Name = "Manufacturer"; Value = "Panasonic"; VariantName = "[No Variations]"
Add component (AddParameter): Name = "Part Number"; Value = "ERJ-3EKF1243V"; VariantName = "[No Variations]"
Add component (AddParameter): Name = "Value"; Value = "124k"; VariantName = "[No Variations]"
Added Component: Designator=R18(RESC1608X55X25LL10T15)
Add component (AddParameter): Name = "Brand"; Value = "Yageo"; VariantName = "[No Variations]"
Add component (AddParameter): Name = "Case Code - in"; Value = "0603"; VariantName = "[No Variations]"
Add component (AddParameter): Name = "Case Code - mm"; Value = "1608"; VariantName = "[No Variations]"
Add component (AddParameter): Name = "Datasheet URL"; Value = "http://www.yageo.com/documents/recent/PYu-RC_Group_51_RoHS_L_7.pdf"; VariantName = "[No Variations]"
Add component (AddParameter): Name = "Datasheet Version"; Value = "Rev. 7, 05/2017"; VariantName = "[No Variations]"
Add component (AddParameter): Name = "Height"; Value = "0.45mm"; VariantName = "[No Variations]"
Add component (AddParameter): Name = "Length"; Value = "1.6mm"; VariantName = "[No Variations]"
Add component (AddParameter): Name = "Manufacturer"; Value = "Yageo"; VariantName = "[No Variations]"
Add component (AddParameter): Name = "Manufacturer URL"; Value = "http://www.yageo.com/"; VariantName = "[No Variations]"
Add component (AddParameter): Name = "Mounting Technology"; Value = "SurfaceMount"; VariantName = "[No Variations]"
Add component (AddParameter): Name = "Operating Temperature Range"; Value = "-55Cto+155C"; VariantName = "[No Variations]"
Add component (AddParameter): Name = "Package / Case"; Value = "0603(1608metric)"; VariantName = "[No Variations]"
Add component (AddParameter): Name = "Package Description"; Value = "2-Pin Surface Mount Device, Body 1.6 x 0.8 mm"; VariantName = "[No Variations]"
Add component (AddParameter): Name = "Package Reference"; Value = "0603"; VariantName = "[No Variations]"
Add component (AddParameter): Name = "Packaging"; Value = "Reel"; VariantName = "[No Variations]"
Add component (AddParameter): Name = "Power Rating"; Value = "100mW"; VariantName = "[No Variations]"
Add component (AddParameter): Name = "Product"; Value = "ThickFilmResistorsGeneralPurpose"; VariantName = "[No Variations]"
Add component (AddParameter): Name = "Product Category"; Value = "ThickFilmResistors"; VariantName = "[No Variations]"
Add component (AddParameter): Name = "Resistance"; Value = "56k"; VariantName = "[No Variations]"
Add component (AddParameter): Name = "RoHS"; Value = "True"; VariantName = "[No Variations]"
Add component (AddParameter): Name = "Series"; Value = "RC"; VariantName = "[No Variations]"
Add component (AddParameter): Name = "Temperature Coefficient"; Value = "100PPM/C"; VariantName = "[No Variations]"
Add component (AddParameter): Name = "Termination Style"; Value = "SMD/SMT"; VariantName = "[No Variations]"
Add component (AddParameter): Name = "Tolerance"; Value = "1%"; VariantName = "[No Variations]"
Add component (AddParameter): Name = "Type"; Value = "GeneralPurposeChipResistorSurfaceMount"; VariantName = "[No Variations]"
Add component (AddParameter): Name = "Unit Weight"; Value = "0.000071oz"; VariantName = "[No Variations]"
Add component (AddParameter): Name = "Value"; Value = ""; VariantName = "[No Variations]"
Add component (AddParameter): Name = "Voltage Rating"; Value = "75V"; VariantName = "[No Variations]"
Add component (AddParameter): Name = "Width"; Value = "0.8mm"; VariantName = "[No Variations]"
Added Component: Designator=R19(FP-RC0603-0_55-IPC_C)
Add component (AddParameter): Name = "Case Code (Imperial)"; Value = "0603"; VariantName = "[No Variations]"
Add component (AddParameter): Name = "Case Code (Metric)"; Value = "1608"; VariantName = "[No Variations]"
Add component (AddParameter): Name = "Case/Package"; Value = "0603"; VariantName = "[No Variations]"
Add component (AddParameter): Name = "Construction"; Value = "Rectangular"; VariantName = "[No Variations]"
Add component (AddParameter): Name = "Contact Plating"; Value = "Tin"; VariantName = "[No Variations]"
Add component (AddParameter): Name = "Depth"; Value = "0.8mm"; VariantName = "[No Variations]"
Add component (AddParameter): Name = "Features"; Value = "Moisture Resistant"; VariantName = "[No Variations]"
Add component (AddParameter): Name = "Height"; Value = "0.45mm"; VariantName = "[No Variations]"
Add component (AddParameter): Name = "Lead Free"; Value = "Lead Free"; VariantName = "[No Variations]"
Add component (AddParameter): Name = "Length"; Value = "1.6mm"; VariantName = "[No Variations]"
Add component (AddParameter): Name = "Max Operating Temperature"; Value = "155°C"; VariantName = "[No Variations]"
Add component (AddParameter): Name = "Max Power Dissipation"; Value = "100mW"; VariantName = "[No Variations]"
Add component (AddParameter): Name = "Military Standard"; Value = "Not"; VariantName = "[No Variations]"
Add component (AddParameter): Name = "Min Operating Temperature"; Value = "-55°C"; VariantName = "[No Variations]"
Add component (AddParameter): Name = "Number of Terminations"; Value = "2"; VariantName = "[No Variations]"
Add component (AddParameter): Name = "Packaging"; Value = "Tape and Reel"; VariantName = "[No Variations]"
Add component (AddParameter): Name = "Power Rating"; Value = "100mW"; VariantName = "[No Variations]"
Add component (AddParameter): Name = "Radiation Hardening"; Value = "No"; VariantName = "[No Variations]"
Add component (AddParameter): Name = "REACH SVHC"; Value = "No SVHC"; VariantName = "[No Variations]"
Add component (AddParameter): Name = "Resistance"; Value = "1kR"; VariantName = "[No Variations]"
Add component (AddParameter): Name = "Resistance Tolerance"; Value = "1%"; VariantName = "[No Variations]"
Add component (AddParameter): Name = "Resistor Type"; Value = "Thick Film"; VariantName = "[No Variations]"
Add component (AddParameter): Name = "RoHS Compliant"; Value = "Yes"; VariantName = "[No Variations]"
Add component (AddParameter): Name = "Series"; Value = "RC"; VariantName = "[No Variations]"
Add component (AddParameter): Name = "Size Code"; Value = "0603"; VariantName = "[No Variations]"
Add component (AddParameter): Name = "Technology"; Value = "THICK FILM"; VariantName = "[No Variations]"
Add component (AddParameter): Name = "Temperature Coefficient"; Value = "100ppm/°C"; VariantName = "[No Variations]"
Add component (AddParameter): Name = "Termination"; Value = "SMD/SMT"; VariantName = "[No Variations]"
Add component (AddParameter): Name = "Tolerance"; Value = "1%"; VariantName = "[No Variations]"
Add component (AddParameter): Name = "Value"; Value = "1k"; VariantName = "[No Variations]"
Add component (AddParameter): Name = "Voltage Rating"; Value = "50V"; VariantName = "[No Variations]"
Added Component: Designator=R20(RESC1608X55X25NL10T15)
Add component (AddParameter): Name = "Capacitance"; Value = "22 pF"; VariantName = "[No Variations]"
Add component (AddParameter): Name = "Case\Package"; Value = "Radial"; VariantName = "[No Variations]"
Add component (AddParameter): Name = "ComponentLink1Description"; Value = "Manufacturer URL"; VariantName = "[No Variations]"
Add component (AddParameter): Name = "ComponentLink1URL"; Value = "http://www.yageo.com/"; VariantName = "[No Variations]"
Add component (AddParameter): Name = "ComponentLink2Description"; Value = "Datasheet"; VariantName = "[No Variations]"
Add component (AddParameter): Name = "ComponentLink2URL"; Value = "http://www.yageo.com/documents/recent/PYu-RC_Group_51_RoHS_L_04.pdf"; VariantName = "[No Variations]"
Add component (AddParameter): Name = "DatasheetVersion"; Value = "Rev. 4, 02/2016"; VariantName = "[No Variations]"
Add component (AddParameter): Name = "Height"; Value = "2.54 mm"; VariantName = "[No Variations]"
Add component (AddParameter): Name = "Lead Pitch"; Value = "2.54 mm"; VariantName = "[No Variations]"
Add component (AddParameter): Name = "Length"; Value = "5.33 mm"; VariantName = "[No Variations]"
Add component (AddParameter): Name = "Max Operating Temperature"; Value = "125 degC"; VariantName = "[No Variations]"
Add component (AddParameter): Name = "Min Operating Temperature"; Value = "-55 degC"; VariantName = "[No Variations]"
Add component (AddParameter): Name = "Mount"; Value = "Through Hole"; VariantName = "[No Variations]"
Add component (AddParameter): Name = "Package Quantity"; Value = "500"; VariantName = "[No Variations]"
Add component (AddParameter): Name = "PackageDescription"; Value = "2-Pin Surface Mount Device, Body 1.6 x 0.8 mm"; VariantName = "[No Variations]"
Add component (AddParameter): Name = "PackageReference"; Value = "0603"; VariantName = "[No Variations]"
Add component (AddParameter): Name = "Packaging"; Value = "Bulk"; VariantName = "[No Variations]"
Add component (AddParameter): Name = "Radiation Hardening"; Value = "No"; VariantName = "[No Variations]"
Add component (AddParameter): Name = "RoHSCompliant"; Value = "true"; VariantName = "[No Variations]"
Add component (AddParameter): Name = "Tolerance"; Value = "10%"; VariantName = "[No Variations]"
Add component (AddParameter): Name = "Type (Capacitors)"; Value = "C0G"; VariantName = "[No Variations]"
Add component (AddParameter): Name = "Value"; Value = "120k"; VariantName = "[No Variations]"
Add component (AddParameter): Name = "Voltage Rating"; Value = "100 V"; VariantName = "[No Variations]"
Add component (AddParameter): Name = "Voltage Rating (DC)"; Value = "100 V"; VariantName = "[No Variations]"
Add component (AddParameter): Name = "Width"; Value = "3.81 mm"; VariantName = "[No Variations]"
Added Component: Designator=R21(FP-CRA2512-MFG)
Add component (AddParameter): Name = "Value"; Value = "20m"; VariantName = "[No Variations]"
Added Component: Designator=R22(FP-RC0603-0_55-IPC_C)
Add component (AddParameter): Name = "Case Code (Imperial)"; Value = "0603"; VariantName = "[No Variations]"
Add component (AddParameter): Name = "Case Code (Metric)"; Value = "1608"; VariantName = "[No Variations]"
Add component (AddParameter): Name = "Case/Package"; Value = "0603"; VariantName = "[No Variations]"
Add component (AddParameter): Name = "Construction"; Value = "Rectangular"; VariantName = "[No Variations]"
Add component (AddParameter): Name = "Depth"; Value = "0.8mm"; VariantName = "[No Variations]"
Add component (AddParameter): Name = "Features"; Value = "Moisture Resistant"; VariantName = "[No Variations]"
Add component (AddParameter): Name = "Height"; Value = "0.45mm"; VariantName = "[No Variations]"
Add component (AddParameter): Name = "Lead Free"; Value = "Lead Free"; VariantName = "[No Variations]"
Add component (AddParameter): Name = "Lead Pitch"; Value = "0.3mm"; VariantName = "[No Variations]"
Add component (AddParameter): Name = "Length"; Value = "1.6mm"; VariantName = "[No Variations]"
Add component (AddParameter): Name = "Max Operating Temperature"; Value = "155°C"; VariantName = "[No Variations]"
Add component (AddParameter): Name = "Max Power Dissipation"; Value = "100mW"; VariantName = "[No Variations]"
Add component (AddParameter): Name = "Military Standard"; Value = "Not"; VariantName = "[No Variations]"
Add component (AddParameter): Name = "Min Operating Temperature"; Value = "-55°C"; VariantName = "[No Variations]"
Add component (AddParameter): Name = "Number of Pins"; Value = "2"; VariantName = "[No Variations]"
Add component (AddParameter): Name = "Number of Terminations"; Value = "2"; VariantName = "[No Variations]"
Add component (AddParameter): Name = "Packaging"; Value = "Tape and Reel"; VariantName = "[No Variations]"
Add component (AddParameter): Name = "Power Rating"; Value = "100mW"; VariantName = "[No Variations]"
Add component (AddParameter): Name = "Resistance"; Value = "10k"; VariantName = "[No Variations]"
Add component (AddParameter): Name = "Resistance Tolerance"; Value = "1%"; VariantName = "[No Variations]"
Add component (AddParameter): Name = "Resistor Type"; Value = "Thick Film"; VariantName = "[No Variations]"
Add component (AddParameter): Name = "RoHS Compliant"; Value = "Yes"; VariantName = "[No Variations]"
Add component (AddParameter): Name = "Series"; Value = "RC"; VariantName = "[No Variations]"
Add component (AddParameter): Name = "Size Code"; Value = "0603"; VariantName = "[No Variations]"
Add component (AddParameter): Name = "Temperature Coefficient"; Value = "100ppm/°C"; VariantName = "[No Variations]"
Add component (AddParameter): Name = "Termination"; Value = "SMD/SMT"; VariantName = "[No Variations]"
Add component (AddParameter): Name = "Tolerance"; Value = "1%"; VariantName = "[No Variations]"
Add component (AddParameter): Name = "Voltage Rating"; Value = "75V"; VariantName = "[No Variations]"
Add component (AddParameter): Name = "Voltage Rating (DC)"; Value = "50V"; VariantName = "[No Variations]"
Add component (AddParameter): Name = "Weight"; Value = "7.1E-05oz"; VariantName = "[No Variations]"
Add component (AddParameter): Name = "Width"; Value = "0.8mm"; VariantName = "[No Variations]"
Added Component: Designator=R23(RESC1608X55X25ML10T15)
Add component (AddParameter): Name = "ComponentLink1Description"; Value = "Manufacturer URL"; VariantName = "[No Variations]"
Add component (AddParameter): Name = "ComponentLink1URL"; Value = "http://www.yageo.com/"; VariantName = "[No Variations]"
Add component (AddParameter): Name = "ComponentLink2Description"; Value = "Datasheet"; VariantName = "[No Variations]"
Add component (AddParameter): Name = "ComponentLink2URL"; Value = "http://www.yageo.com/documents/recent/PYu-RC_Group_51_RoHS_L_04.pdf"; VariantName = "[No Variations]"
Add component (AddParameter): Name = "DatasheetVersion"; Value = "Rev. 4, 02/2016"; VariantName = "[No Variations]"
Add component (AddParameter): Name = "PackageDescription"; Value = "2-Pin Surface Mount Device, Body 1.6 x 0.8 mm"; VariantName = "[No Variations]"
Add component (AddParameter): Name = "PackageReference"; Value = "0603"; VariantName = "[No Variations]"
Add component (AddParameter): Name = "Value"; Value = "470k"; VariantName = "[No Variations]"
Added Component: Designator=R24(RESC1608X55X30LL15T15)
Add component (AddParameter): Name = "Manufacturer"; Value = "Panasonic"; VariantName = "[No Variations]"
Add component (AddParameter): Name = "Part Number"; Value = "ERJ-3EKF1243V"; VariantName = "[No Variations]"
Add component (AddParameter): Name = "Value"; Value = "124k"; VariantName = "[No Variations]"
Added Component: Designator=R25(RESC1608X55X25LL10T15)
Add component (AddParameter): Name = "Brand"; Value = "Yageo"; VariantName = "[No Variations]"
Add component (AddParameter): Name = "Case Code - in"; Value = "0603"; VariantName = "[No Variations]"
Add component (AddParameter): Name = "Case Code - mm"; Value = "1608"; VariantName = "[No Variations]"
Add component (AddParameter): Name = "Datasheet URL"; Value = "http://www.yageo.com/documents/recent/PYu-RC_Group_51_RoHS_L_7.pdf"; VariantName = "[No Variations]"
Add component (AddParameter): Name = "Datasheet Version"; Value = "Rev. 7, 05/2017"; VariantName = "[No Variations]"
Add component (AddParameter): Name = "Height"; Value = "0.45mm"; VariantName = "[No Variations]"
Add component (AddParameter): Name = "Length"; Value = "1.6mm"; VariantName = "[No Variations]"
Add component (AddParameter): Name = "Manufacturer"; Value = "Yageo"; VariantName = "[No Variations]"
Add component (AddParameter): Name = "Manufacturer URL"; Value = "http://www.yageo.com/"; VariantName = "[No Variations]"
Add component (AddParameter): Name = "Mounting Technology"; Value = "SurfaceMount"; VariantName = "[No Variations]"
Add component (AddParameter): Name = "Operating Temperature Range"; Value = "-55Cto+155C"; VariantName = "[No Variations]"
Add component (AddParameter): Name = "Package / Case"; Value = "0603(1608metric)"; VariantName = "[No Variations]"
Add component (AddParameter): Name = "Package Description"; Value = "2-Pin Surface Mount Device, Body 1.6 x 0.8 mm"; VariantName = "[No Variations]"
Add component (AddParameter): Name = "Package Reference"; Value = "0603"; VariantName = "[No Variations]"
Add component (AddParameter): Name = "Packaging"; Value = "Reel"; VariantName = "[No Variations]"
Add component (AddParameter): Name = "Power Rating"; Value = "100mW"; VariantName = "[No Variations]"
Add component (AddParameter): Name = "Product"; Value = "ThickFilmResistorsGeneralPurpose"; VariantName = "[No Variations]"
Add component (AddParameter): Name = "Product Category"; Value = "ThickFilmResistors"; VariantName = "[No Variations]"
Add component (AddParameter): Name = "Resistance"; Value = "56kOhms"; VariantName = "[No Variations]"
Add component (AddParameter): Name = "RoHS"; Value = "True"; VariantName = "[No Variations]"
Add component (AddParameter): Name = "Series"; Value = "RC"; VariantName = "[No Variations]"
Add component (AddParameter): Name = "Temperature Coefficient"; Value = "100PPM/C"; VariantName = "[No Variations]"
Add component (AddParameter): Name = "Termination Style"; Value = "SMD/SMT"; VariantName = "[No Variations]"
Add component (AddParameter): Name = "Tolerance"; Value = "1%"; VariantName = "[No Variations]"
Add component (AddParameter): Name = "Type"; Value = "GeneralPurposeChipResistorSurfaceMount"; VariantName = "[No Variations]"
Add component (AddParameter): Name = "Unit Weight"; Value = "0.000071oz"; VariantName = "[No Variations]"
Add component (AddParameter): Name = "Value"; Value = "56k"; VariantName = "[No Variations]"
Add component (AddParameter): Name = "Voltage Rating"; Value = "75V"; VariantName = "[No Variations]"
Add component (AddParameter): Name = "Width"; Value = "0.8mm"; VariantName = "[No Variations]"
Added Component: Designator=R26(FP-RC0603-0_55-IPC_C)
Add component (AddParameter): Name = "Case Code (Imperial)"; Value = "0603"; VariantName = "[No Variations]"
Add component (AddParameter): Name = "Case Code (Metric)"; Value = "1608"; VariantName = "[No Variations]"
Add component (AddParameter): Name = "Case/Package"; Value = "0603"; VariantName = "[No Variations]"
Add component (AddParameter): Name = "Construction"; Value = "Rectangular"; VariantName = "[No Variations]"
Add component (AddParameter): Name = "Contact Plating"; Value = "Tin"; VariantName = "[No Variations]"
Add component (AddParameter): Name = "Depth"; Value = "0.8mm"; VariantName = "[No Variations]"
Add component (AddParameter): Name = "Features"; Value = "Moisture Resistant"; VariantName = "[No Variations]"
Add component (AddParameter): Name = "Height"; Value = "0.45mm"; VariantName = "[No Variations]"
Add component (AddParameter): Name = "Lead Free"; Value = "Lead Free"; VariantName = "[No Variations]"
Add component (AddParameter): Name = "Length"; Value = "1.6mm"; VariantName = "[No Variations]"
Add component (AddParameter): Name = "Max Operating Temperature"; Value = "155°C"; VariantName = "[No Variations]"
Add component (AddParameter): Name = "Max Power Dissipation"; Value = "100mW"; VariantName = "[No Variations]"
Add component (AddParameter): Name = "Military Standard"; Value = "Not"; VariantName = "[No Variations]"
Add component (AddParameter): Name = "Min Operating Temperature"; Value = "-55°C"; VariantName = "[No Variations]"
Add component (AddParameter): Name = "Number of Terminations"; Value = "2"; VariantName = "[No Variations]"
Add component (AddParameter): Name = "Packaging"; Value = "Tape and Reel"; VariantName = "[No Variations]"
Add component (AddParameter): Name = "Power Rating"; Value = "100mW"; VariantName = "[No Variations]"
Add component (AddParameter): Name = "Radiation Hardening"; Value = "No"; VariantName = "[No Variations]"
Add component (AddParameter): Name = "REACH SVHC"; Value = "No SVHC"; VariantName = "[No Variations]"
Add component (AddParameter): Name = "Resistance"; Value = "1kR"; VariantName = "[No Variations]"
Add component (AddParameter): Name = "Resistance Tolerance"; Value = "1%"; VariantName = "[No Variations]"
Add component (AddParameter): Name = "Resistor Type"; Value = "Thick Film"; VariantName = "[No Variations]"
Add component (AddParameter): Name = "RoHS Compliant"; Value = "Yes"; VariantName = "[No Variations]"
Add component (AddParameter): Name = "Series"; Value = "RC"; VariantName = "[No Variations]"
Add component (AddParameter): Name = "Size Code"; Value = "0603"; VariantName = "[No Variations]"
Add component (AddParameter): Name = "Technology"; Value = "THICK FILM"; VariantName = "[No Variations]"
Add component (AddParameter): Name = "Temperature Coefficient"; Value = "100ppm/°C"; VariantName = "[No Variations]"
Add component (AddParameter): Name = "Termination"; Value = "SMD/SMT"; VariantName = "[No Variations]"
Add component (AddParameter): Name = "Tolerance"; Value = "1%"; VariantName = "[No Variations]"
Add component (AddParameter): Name = "Value"; Value = "1k"; VariantName = "[No Variations]"
Add component (AddParameter): Name = "Voltage Rating"; Value = "50V"; VariantName = "[No Variations]"
Added Component: Designator=R27(RESC1608X55X25NL10T15)
Add component (AddParameter): Name = "Capacitance"; Value = "22 pF"; VariantName = "[No Variations]"
Add component (AddParameter): Name = "Case\Package"; Value = "Radial"; VariantName = "[No Variations]"
Add component (AddParameter): Name = "ComponentLink1Description"; Value = "Manufacturer URL"; VariantName = "[No Variations]"
Add component (AddParameter): Name = "ComponentLink1URL"; Value = "http://www.yageo.com/"; VariantName = "[No Variations]"
Add component (AddParameter): Name = "ComponentLink2Description"; Value = "Datasheet"; VariantName = "[No Variations]"
Add component (AddParameter): Name = "ComponentLink2URL"; Value = "http://www.yageo.com/documents/recent/PYu-RC_Group_51_RoHS_L_04.pdf"; VariantName = "[No Variations]"
Add component (AddParameter): Name = "DatasheetVersion"; Value = "Rev. 4, 02/2016"; VariantName = "[No Variations]"
Add component (AddParameter): Name = "Height"; Value = "2.54 mm"; VariantName = "[No Variations]"
Add component (AddParameter): Name = "Lead Pitch"; Value = "2.54 mm"; VariantName = "[No Variations]"
Add component (AddParameter): Name = "Length"; Value = "5.33 mm"; VariantName = "[No Variations]"
Add component (AddParameter): Name = "Max Operating Temperature"; Value = "125 degC"; VariantName = "[No Variations]"
Add component (AddParameter): Name = "Min Operating Temperature"; Value = "-55 degC"; VariantName = "[No Variations]"
Add component (AddParameter): Name = "Mount"; Value = "Through Hole"; VariantName = "[No Variations]"
Add component (AddParameter): Name = "Package Quantity"; Value = "500"; VariantName = "[No Variations]"
Add component (AddParameter): Name = "PackageDescription"; Value = "2-Pin Surface Mount Device, Body 1.6 x 0.8 mm"; VariantName = "[No Variations]"
Add component (AddParameter): Name = "PackageReference"; Value = "0603"; VariantName = "[No Variations]"
Add component (AddParameter): Name = "Packaging"; Value = "Bulk"; VariantName = "[No Variations]"
Add component (AddParameter): Name = "Radiation Hardening"; Value = "No"; VariantName = "[No Variations]"
Add component (AddParameter): Name = "RoHSCompliant"; Value = "true"; VariantName = "[No Variations]"
Add component (AddParameter): Name = "Tolerance"; Value = "10%"; VariantName = "[No Variations]"
Add component (AddParameter): Name = "Type (Capacitors)"; Value = "C0G"; VariantName = "[No Variations]"
Add component (AddParameter): Name = "Value"; Value = "120k"; VariantName = "[No Variations]"
Add component (AddParameter): Name = "Voltage Rating"; Value = "100 V"; VariantName = "[No Variations]"
Add component (AddParameter): Name = "Voltage Rating (DC)"; Value = "100 V"; VariantName = "[No Variations]"
Add component (AddParameter): Name = "Width"; Value = "3.81 mm"; VariantName = "[No Variations]"
Added Component: Designator=R28(FP-CRA2512-MFG)
Add component (AddParameter): Name = "Value"; Value = "20m"; VariantName = "[No Variations]"
Added Component: Designator=R29(FP-RC0603-0_55-IPC_C)
Add component (AddParameter): Name = "Case Code (Imperial)"; Value = "0603"; VariantName = "[No Variations]"
Add component (AddParameter): Name = "Case Code (Metric)"; Value = "1608"; VariantName = "[No Variations]"
Add component (AddParameter): Name = "Case/Package"; Value = "0603"; VariantName = "[No Variations]"
Add component (AddParameter): Name = "Construction"; Value = "Rectangular"; VariantName = "[No Variations]"
Add component (AddParameter): Name = "Depth"; Value = "0.8mm"; VariantName = "[No Variations]"
Add component (AddParameter): Name = "Features"; Value = "Moisture Resistant"; VariantName = "[No Variations]"
Add component (AddParameter): Name = "Height"; Value = "0.45mm"; VariantName = "[No Variations]"
Add component (AddParameter): Name = "Lead Free"; Value = "Lead Free"; VariantName = "[No Variations]"
Add component (AddParameter): Name = "Lead Pitch"; Value = "0.3mm"; VariantName = "[No Variations]"
Add component (AddParameter): Name = "Length"; Value = "1.6mm"; VariantName = "[No Variations]"
Add component (AddParameter): Name = "Max Operating Temperature"; Value = "155°C"; VariantName = "[No Variations]"
Add component (AddParameter): Name = "Max Power Dissipation"; Value = "100mW"; VariantName = "[No Variations]"
Add component (AddParameter): Name = "Military Standard"; Value = "Not"; VariantName = "[No Variations]"
Add component (AddParameter): Name = "Min Operating Temperature"; Value = "-55°C"; VariantName = "[No Variations]"
Add component (AddParameter): Name = "Number of Pins"; Value = "2"; VariantName = "[No Variations]"
Add component (AddParameter): Name = "Number of Terminations"; Value = "2"; VariantName = "[No Variations]"
Add component (AddParameter): Name = "Packaging"; Value = "Tape and Reel"; VariantName = "[No Variations]"
Add component (AddParameter): Name = "Power Rating"; Value = "100mW"; VariantName = "[No Variations]"
Add component (AddParameter): Name = "Resistance"; Value = "10k"; VariantName = "[No Variations]"
Add component (AddParameter): Name = "Resistance Tolerance"; Value = "1%"; VariantName = "[No Variations]"
Add component (AddParameter): Name = "Resistor Type"; Value = "Thick Film"; VariantName = "[No Variations]"
Add component (AddParameter): Name = "RoHS Compliant"; Value = "Yes"; VariantName = "[No Variations]"
Add component (AddParameter): Name = "Series"; Value = "RC"; VariantName = "[No Variations]"
Add component (AddParameter): Name = "Size Code"; Value = "0603"; VariantName = "[No Variations]"
Add component (AddParameter): Name = "Temperature Coefficient"; Value = "100ppm/°C"; VariantName = "[No Variations]"
Add component (AddParameter): Name = "Termination"; Value = "SMD/SMT"; VariantName = "[No Variations]"
Add component (AddParameter): Name = "Tolerance"; Value = "1%"; VariantName = "[No Variations]"
Add component (AddParameter): Name = "Voltage Rating"; Value = "75V"; VariantName = "[No Variations]"
Add component (AddParameter): Name = "Voltage Rating (DC)"; Value = "50V"; VariantName = "[No Variations]"
Add component (AddParameter): Name = "Weight"; Value = "7.1E-05oz"; VariantName = "[No Variations]"
Add component (AddParameter): Name = "Width"; Value = "0.8mm"; VariantName = "[No Variations]"
Added Component: Designator=R30(FP-CRCW0402-e3-IPC_A)
Add component (AddParameter): Name = "Case Code (Imperial)"; Value = "0402"; VariantName = "[No Variations]"
Add component (AddParameter): Name = "Case Code (Metric)"; Value = "1005"; VariantName = "[No Variations]"
Add component (AddParameter): Name = "Case/Package"; Value = "0402"; VariantName = "[No Variations]"
Add component (AddParameter): Name = "Height"; Value = "0.35mm"; VariantName = "[No Variations]"
Add component (AddParameter): Name = "Lead Free"; Value = "Lead Free"; VariantName = "[No Variations]"
Add component (AddParameter): Name = "Length"; Value = "1mm"; VariantName = "[No Variations]"
Add component (AddParameter): Name = "Max Operating Temperature"; Value = "155°C"; VariantName = "[No Variations]"
Add component (AddParameter): Name = "Min Operating Temperature"; Value = "-55°C"; VariantName = "[No Variations]"
Add component (AddParameter): Name = "Package Quantity"; Value = "10000"; VariantName = "[No Variations]"
Add component (AddParameter): Name = "Packaging"; Value = "Tape and Reel"; VariantName = "[No Variations]"
Add component (AddParameter): Name = "Power Rating"; Value = "63mW"; VariantName = "[No Variations]"
Add component (AddParameter): Name = "Resistance"; Value = "50kR"; VariantName = "[No Variations]"
Add component (AddParameter): Name = "Termination"; Value = "SMD/SMT"; VariantName = "[No Variations]"
Add component (AddParameter): Name = "Tolerance"; Value = "1%"; VariantName = "[No Variations]"
Add component (AddParameter): Name = "Voltage Rating"; Value = "50V"; VariantName = "[No Variations]"
Add component (AddParameter): Name = "Weight"; Value = "2.3E-05oz"; VariantName = "[No Variations]"
Add component (AddParameter): Name = "Width"; Value = "0.5mm"; VariantName = "[No Variations]"
Added Component: Designator=R31(FP-CRCW0402-e3-IPC_A)
Add component (AddParameter): Name = "Case Code (Imperial)"; Value = "0402"; VariantName = "[No Variations]"
Add component (AddParameter): Name = "Case Code (Metric)"; Value = "1005"; VariantName = "[No Variations]"
Add component (AddParameter): Name = "Case/Package"; Value = "0402"; VariantName = "[No Variations]"
Add component (AddParameter): Name = "Composition"; Value = "Thick Film"; VariantName = "[No Variations]"
Add component (AddParameter): Name = "Contact Plating"; Value = "Tin"; VariantName = "[No Variations]"
Add component (AddParameter): Name = "Depth"; Value = "0.5mm"; VariantName = "[No Variations]"
Add component (AddParameter): Name = "Features"; Value = "Automotive AEC-Q200"; VariantName = "[No Variations]"
Add component (AddParameter): Name = "Height"; Value = "0.35mm"; VariantName = "[No Variations]"
Add component (AddParameter): Name = "Lead Free"; Value = "Lead Free"; VariantName = "[No Variations]"
Add component (AddParameter): Name = "Length"; Value = "1mm"; VariantName = "[No Variations]"
Add component (AddParameter): Name = "Max Operating Temperature"; Value = "155°C"; VariantName = "[No Variations]"
Add component (AddParameter): Name = "Max Power Dissipation"; Value = "63mW"; VariantName = "[No Variations]"
Add component (AddParameter): Name = "Military Standard"; Value = "Not"; VariantName = "[No Variations]"
Add component (AddParameter): Name = "Min Operating Temperature"; Value = "-55°C"; VariantName = "[No Variations]"
Add component (AddParameter): Name = "Mount"; Value = "Surface Mount"; VariantName = "[No Variations]"
Add component (AddParameter): Name = "Number of Pins"; Value = "2"; VariantName = "[No Variations]"
Add component (AddParameter): Name = "Number of Terminations"; Value = "2"; VariantName = "[No Variations]"
Add component (AddParameter): Name = "Package Quantity"; Value = "10"; VariantName = "[No Variations]"
Add component (AddParameter): Name = "Packaging"; Value = "Tape and Reel"; VariantName = "[No Variations]"
Add component (AddParameter): Name = "Power Rating"; Value = "63mW"; VariantName = "[No Variations]"
Add component (AddParameter): Name = "Radiation Hardening"; Value = "No"; VariantName = "[No Variations]"
Add component (AddParameter): Name = "Resistance"; Value = "365kR"; VariantName = "[No Variations]"
Add component (AddParameter): Name = "Temperature Coefficient"; Value = "100ppm/°C"; VariantName = "[No Variations]"
Add component (AddParameter): Name = "Termination"; Value = "SMD/SMT"; VariantName = "[No Variations]"
Add component (AddParameter): Name = "Tolerance"; Value = "1%"; VariantName = "[No Variations]"
Add component (AddParameter): Name = "Voltage Rating"; Value = "50V"; VariantName = "[No Variations]"
Add component (AddParameter): Name = "Voltage Rating (DC)"; Value = "50V"; VariantName = "[No Variations]"
Add component (AddParameter): Name = "Weight"; Value = "2.3E-05oz"; VariantName = "[No Variations]"
Add component (AddParameter): Name = "Width"; Value = "0.02inch"; VariantName = "[No Variations]"
Added Component: Designator=R32(FP-AF0402-IPC_A)
Add component (AddParameter): Name = "Case/Package"; Value = "0402"; VariantName = "[No Variations]"
Add component (AddParameter): Name = "Features"; Value = "Moisture Resistant"; VariantName = "[No Variations]"
Add component (AddParameter): Name = "Height"; Value = "0.015inch"; VariantName = "[No Variations]"
Add component (AddParameter): Name = "Length"; Value = "0.039inch"; VariantName = "[No Variations]"
Add component (AddParameter): Name = "Max Operating Temperature"; Value = "155°C"; VariantName = "[No Variations]"
Add component (AddParameter): Name = "Max Power Dissipation"; Value = "63mW"; VariantName = "[No Variations]"
Add component (AddParameter): Name = "Min Operating Temperature"; Value = "-55°C"; VariantName = "[No Variations]"
Add component (AddParameter): Name = "Number of Terminations"; Value = "2"; VariantName = "[No Variations]"
Add component (AddParameter): Name = "Packaging"; Value = "Tape and Reel"; VariantName = "[No Variations]"
Add component (AddParameter): Name = "Resistance"; Value = "200R"; VariantName = "[No Variations]"
Add component (AddParameter): Name = "Resistor Type"; Value = "Thick Film"; VariantName = "[No Variations]"
Add component (AddParameter): Name = "RoHS Compliant"; Value = "Yes"; VariantName = "[No Variations]"
Add component (AddParameter): Name = "Series"; Value = "AF"; VariantName = "[No Variations]"
Add component (AddParameter): Name = "Temperature Coefficient"; Value = "100ppm/°C"; VariantName = "[No Variations]"
Add component (AddParameter): Name = "Tolerance"; Value = "1%"; VariantName = "[No Variations]"
Add component (AddParameter): Name = "Width"; Value = "0.02inch"; VariantName = "[No Variations]"
Added Component: Designator=R33(RESC1005X37X25LL05T10)
Add component (AddParameter): Name = "Manufacturer"; Value = "Yageo"; VariantName = "[No Variations]"
Add component (AddParameter): Name = "Part Number"; Value = "RE0402FRE0710KL"; VariantName = "[No Variations]"
Added Component: Designator=R34(RESC1005X37X25LL05T10)
Add component (AddParameter): Name = "Manufacturer"; Value = "Yageo"; VariantName = "[No Variations]"
Add component (AddParameter): Name = "Part Number"; Value = "RE0402FRE0710KL"; VariantName = "[No Variations]"
Added Component: Designator=R35(RESC1005X37X20NL05T10)
Add component (AddParameter): Name = "Manufacturer"; Value = "Vishay BCcomponents"; VariantName = "[No Variations]"
Add component (AddParameter): Name = "Part Number"; Value = "MCS04020D5600BE100"; VariantName = "[No Variations]"
Added Component: Designator=R36(RESC1005X37X20NL05T10)
Add component (AddParameter): Name = "Manufacturer"; Value = "Vishay BCcomponents"; VariantName = "[No Variations]"
Add component (AddParameter): Name = "Part Number"; Value = "MCS04020D5600BE100"; VariantName = "[No Variations]"
Added Component: Designator=R37(RESC1005X40X25NL05T10)
Add component (AddParameter): Name = "Manufacturer"; Value = "Yageo"; VariantName = "[No Variations]"
Add component (AddParameter): Name = "Part Number"; Value = "RC0402JR-100RL"; VariantName = "[No Variations]"
Added Component: Designator=R38(RESC1005X40X25NL05T10)
Add component (AddParameter): Name = "Manufacturer"; Value = "Yageo"; VariantName = "[No Variations]"
Add component (AddParameter): Name = "Part Number"; Value = "RC0402JR-100RL"; VariantName = "[No Variations]"
Added Component: Designator=R39(RESC2512(6432)_L)
Add component (AddParameter): Name = "Case-EIA"; Value = "2512"; VariantName = "[No Variations]"
Add component (AddParameter): Name = "Case-Metric"; Value = "6432"; VariantName = "[No Variations]"
Add component (AddParameter): Name = "Power"; Value = "None"; VariantName = "[No Variations]"
Add component (AddParameter): Name = "Technology"; Value = "SMT"; VariantName = "[No Variations]"
Add component (AddParameter): Name = "Tolerance"; Value = "None"; VariantName = "[No Variations]"
Add component (AddParameter): Name = "Value"; Value = "0.00 Ohm"; VariantName = "[No Variations]"
Added Component: Designator=T1(74080)
Add component (AddParameter): Name = "Arrow Part Number"; Value = ""; VariantName = "[No Variations]"
Add component (AddParameter): Name = "Arrow Price/Stock"; Value = ""; VariantName = "[No Variations]"
Add component (AddParameter): Name = "Datasheet Link"; Value = "https://www.tme.com/Document/74b1c6fdfa5c80edd28be424718b4d1b/74080.pdf"; VariantName = "[No Variations]"
Add component (AddParameter): Name = "Height"; Value = "18mm"; VariantName = "[No Variations]"
Add component (AddParameter): Name = "Manufacturer_Name"; Value = "MYRRA"; VariantName = "[No Variations]"
Add component (AddParameter): Name = "Manufacturer_Part_Number"; Value = "74080"; VariantName = "[No Variations]"
Add component (AddParameter): Name = "Mouser Part Number"; Value = ""; VariantName = "[No Variations]"
Add component (AddParameter): Name = "Mouser Price/Stock"; Value = ""; VariantName = "[No Variations]"
Added Component: Designator=T2(74080)
Add component (AddParameter): Name = "Arrow Part Number"; Value = ""; VariantName = "[No Variations]"
Add component (AddParameter): Name = "Arrow Price/Stock"; Value = ""; VariantName = "[No Variations]"
Add component (AddParameter): Name = "Datasheet Link"; Value = "https://www.tme.com/Document/74b1c6fdfa5c80edd28be424718b4d1b/74080.pdf"; VariantName = "[No Variations]"
Add component (AddParameter): Name = "Height"; Value = "18mm"; VariantName = "[No Variations]"
Add component (AddParameter): Name = "Manufacturer_Name"; Value = "MYRRA"; VariantName = "[No Variations]"
Add component (AddParameter): Name = "Manufacturer_Part_Number"; Value = "74080"; VariantName = "[No Variations]"
Add component (AddParameter): Name = "Mouser Part Number"; Value = ""; VariantName = "[No Variations]"
Add component (AddParameter): Name = "Mouser Price/Stock"; Value = ""; VariantName = "[No Variations]"
Added Component: Designator=U1(FP-RH-8-1-IPC_C)
Add component (AddParameter): Name = "Case/Package"; Value = "MSOP"; VariantName = "[No Variations]"
Add component (AddParameter): Name = "Channel Type"; Value = "Independent"; VariantName = "[No Variations]"
Add component (AddParameter): Name = "Fall Time"; Value = "25ns"; VariantName = "[No Variations]"
Add component (AddParameter): Name = "Lead Free"; Value = "Contains Lead"; VariantName = "[No Variations]"
Add component (AddParameter): Name = "Max Input Voltage"; Value = "18V"; VariantName = "[No Variations]"
Add component (AddParameter): Name = "Max Operating Temperature"; Value = "125°C"; VariantName = "[No Variations]"
Add component (AddParameter): Name = "Max Output Current"; Value = "4A"; VariantName = "[No Variations]"
Add component (AddParameter): Name = "Max Supply Current"; Value = "3mA"; VariantName = "[No Variations]"
Add component (AddParameter): Name = "Max Supply Voltage"; Value = "18V"; VariantName = "[No Variations]"
Add component (AddParameter): Name = "Min Input Voltage"; Value = "4.5V"; VariantName = "[No Variations]"
Add component (AddParameter): Name = "Min Operating Temperature"; Value = "-40°C"; VariantName = "[No Variations]"
Add component (AddParameter): Name = "Min Supply Voltage"; Value = "4.5V"; VariantName = "[No Variations]"
Add component (AddParameter): Name = "Mount"; Value = "Surface Mount"; VariantName = "[No Variations]"
Add component (AddParameter): Name = "Nominal Supply Current"; Value = "3mA"; VariantName = "[No Variations]"
Add component (AddParameter): Name = "Number of Drivers"; Value = "2"; VariantName = "[No Variations]"
Add component (AddParameter): Name = "Number of Outputs"; Value = "2"; VariantName = "[No Variations]"
Add component (AddParameter): Name = "Number of Pins"; Value = "8"; VariantName = "[No Variations]"
Add component (AddParameter): Name = "Output Current"; Value = "4A"; VariantName = "[No Variations]"
Add component (AddParameter): Name = "Package Quantity"; Value = "3000"; VariantName = "[No Variations]"
Add component (AddParameter): Name = "Packaging"; Value = "Tape and Reel"; VariantName = "[No Variations]"
Add component (AddParameter): Name = "Propagation Delay"; Value = "35ns"; VariantName = "[No Variations]"
Add component (AddParameter): Name = "Rise Time"; Value = "14ns"; VariantName = "[No Variations]"
Add component (AddParameter): Name = "RoHS Compliant"; Value = "Yes"; VariantName = "[No Variations]"
Add component (AddParameter): Name = "Series"; Value = "-"; VariantName = "[No Variations]"
Add component (AddParameter): Name = "Supply Current"; Value = "3mA"; VariantName = "[No Variations]"
Add component (AddParameter): Name = "Turn-On Delay Time"; Value = "35ns"; VariantName = "[No Variations]"
Added Component: Designator=U2(D0008A_M)
Add component (AddParameter): Name = "Code_IPC"; Value = "SOIC127P600-8"; VariantName = "[No Variations]"
Add component (AddParameter): Name = "Code_JEDEC"; Value = "MS-012-AA"; VariantName = "[No Variations]"
Add component (AddParameter): Name = "Code_JEITA"; Value = ""; VariantName = "[No Variations]"
Add component (AddParameter): Name = "ComponentLink1Description"; Value = "Datasheet URL"; VariantName = "[No Variations]"
Add component (AddParameter): Name = "ComponentLink1URL"; Value = "http://www.ti.com/general/docs/lit/getliterature.tsp?genericPartNumber=LM358-N&fileType=pdf"; VariantName = "[No Variations]"
Add component (AddParameter): Name = "CompType"; Value = "Amplifiers"; VariantName = "[No Variations]"
Add component (AddParameter): Name = "High-Reliability"; Value = ""; VariantName = "[No Variations]"
Add component (AddParameter): Name = "Manufacturer"; Value = "Texas Instruments"; VariantName = "[No Variations]"
Add component (AddParameter): Name = "Package Reference"; Value = "D0008A"; VariantName = "[No Variations]"
Add component (AddParameter): Name = "PackageDescription"; Value = "SOIC Narrow, 4.9 x 3.9 x 1.45mm, 8 Lead, 1.27mm Pitch"; VariantName = "[No Variations]"
Add component (AddParameter): Name = "PackageTopMarking"; Value = "NSZXTT*LM*358M"; VariantName = "[No Variations]"
Add component (AddParameter): Name = "PartNumber"; Value = ""; VariantName = "[No Variations]"
Add component (AddParameter): Name = "PinCount"; Value = "8"; VariantName = "[No Variations]"
Add component (AddParameter): Name = "PowerWise"; Value = "N"; VariantName = "[No Variations]"
Add component (AddParameter): Name = "RoHS"; Value = "N"; VariantName = "[No Variations]"
Added Component: Designator=U3(P5_064A_MFG)
Add component (AddParameter): Name = "Bandwidth"; Value = "3.5MHz"; VariantName = "[No Variations]"
Add component (AddParameter): Name = "Case/Package"; Value = "SOT-23"; VariantName = "[No Variations]"
Add component (AddParameter): Name = "Common Mode Rejection Ratio"; Value = "135dB"; VariantName = "[No Variations]"
Add component (AddParameter): Name = "ComponentLink1Description"; Value = "Manufacturer's Website"; VariantName = "[No Variations]"
Add component (AddParameter): Name = "ComponentLink1URL"; Value = "http://www.renesas.com"; VariantName = "[No Variations]"
Add component (AddParameter): Name = "ComponentLink2Description"; Value = "Datasheet URL"; VariantName = "[No Variations]"
Add component (AddParameter): Name = "ComponentLink2URL"; Value = "https://octopart.com/cad-content/api/get-model-datasheet/15189/88252605"; VariantName = "[No Variations]"
Add component (AddParameter): Name = "ComponentLink3Description"; Value = "Manufacturer's Package Drawing"; VariantName = "[No Variations]"
Add component (AddParameter): Name = "ComponentLink3URL"; Value = "https://www.renesas.com/en/document/psc/package-drawing-sot23-5pin-p5064a"; VariantName = "[No Variations]"
Add component (AddParameter): Name = "Contact Plating"; Value = "Tin"; VariantName = "[No Variations]"
Add component (AddParameter): Name = "Export Control Classification Number (ECCN) Code"; Value = "EAR99"; VariantName = "[No Variations]"
Add component (AddParameter): Name = "Gain Bandwidth Product"; Value = "3.5MHz"; VariantName = "[No Variations]"
Add component (AddParameter): Name = "Height"; Value = "0m"; VariantName = "[No Variations]"
Add component (AddParameter): Name = "HelpURL"; Value = "https://octopart.com/cad-content/api/get-model-datasheet/15189/88252605"; VariantName = "[No Variations]"
Add component (AddParameter): Name = "Input Bias Current"; Value = "120pA"; VariantName = "[No Variations]"
Add component (AddParameter): Name = "Input Offset Voltage (Vos)"; Value = "-200nV"; VariantName = "[No Variations]"
Add component (AddParameter): Name = "Lead Free"; Value = "Lead Free"; VariantName = "[No Variations]"
Add component (AddParameter): Name = "Length"; Value = "2.9mm"; VariantName = "[No Variations]"
Add component (AddParameter): Name = "Lifecycle Status"; Value = "Production"; VariantName = "[No Variations]"
Add component (AddParameter): Name = "Manufacturer Lifecycle Status"; Value = "ACTIVE"; VariantName = "[No Variations]"
Add component (AddParameter): Name = "Max Dual Supply Voltage"; Value = "3V"; VariantName = "[No Variations]"
Add component (AddParameter): Name = "Max Operating Temperature"; Value = "125°C"; VariantName = "[No Variations]"
Add component (AddParameter): Name = "Max Supply Voltage"; Value = "6V"; VariantName = "[No Variations]"
Add component (AddParameter): Name = "Min Dual Supply Voltage"; Value = "1.125V"; VariantName = "[No Variations]"
Add component (AddParameter): Name = "Min Operating Temperature"; Value = "-40°C"; VariantName = "[No Variations]"
Add component (AddParameter): Name = "Min Supply Voltage"; Value = "2.25V"; VariantName = "[No Variations]"
Add component (AddParameter): Name = "Mount"; Value = "Surface Mount"; VariantName = "[No Variations]"
Add component (AddParameter): Name = "Nominal Supply Current"; Value = "675µA"; VariantName = "[No Variations]"
Add component (AddParameter): Name = "Number of Channels"; Value = "1"; VariantName = "[No Variations]"
Add component (AddParameter): Name = "Number of Circuits"; Value = "1"; VariantName = "[No Variations]"
Add component (AddParameter): Name = "Number of Pins"; Value = "5"; VariantName = "[No Variations]"
Add component (AddParameter): Name = "Operating Supply Current"; Value = "675µA"; VariantName = "[No Variations]"
Add component (AddParameter): Name = "Output Current"; Value = "65mA"; VariantName = "[No Variations]"
Add component (AddParameter): Name = "Output Current per Channel"; Value = "65mA"; VariantName = "[No Variations]"
Add component (AddParameter): Name = "Pitch"; Value = "1mm"; VariantName = "[No Variations]"
Add component (AddParameter): Name = "Power Supply Rejection Ratio (PSRR)"; Value = "135dB"; VariantName = "[No Variations]"
Add component (AddParameter): Name = "Radiation Hardening"; Value = "No"; VariantName = "[No Variations]"
Add component (AddParameter): Name = "RAM Size"; Value = "384kB"; VariantName = "[No Variations]"
Add component (AddParameter): Name = "RoHS"; Value = "Compliant"; VariantName = "[No Variations]"
Add component (AddParameter): Name = "Slew Rate"; Value = "1.5V/µs"; VariantName = "[No Variations]"
Add component (AddParameter): Name = "Supply Type"; Value = "Dual, Single"; VariantName = "[No Variations]"
Add component (AddParameter): Name = "Voltage Gain"; Value = "174dB"; VariantName = "[No Variations]"
Add component (AddParameter): Name = "Width"; Value = "1.6mm"; VariantName = "[No Variations]"
Added Component: Designator=U4(FP-DD-10-05-08-1699-IPC_B)
Add component (AddParameter): Name = "Case/Package"; Value = "DFN"; VariantName = "[No Variations]"
Add component (AddParameter): Name = "Height"; Value = "0.7mm"; VariantName = "[No Variations]"
Add component (AddParameter): Name = "Length"; Value = "3mm"; VariantName = "[No Variations]"
Add component (AddParameter): Name = "Max Frequency"; Value = "1MHz"; VariantName = "[No Variations]"
Add component (AddParameter): Name = "Max Input Voltage"; Value = "100V"; VariantName = "[No Variations]"
Add component (AddParameter): Name = "Max Operating Temperature"; Value = "125°C"; VariantName = "[No Variations]"
Add component (AddParameter): Name = "Max Output Current"; Value = "1.2A"; VariantName = "[No Variations]"
Add component (AddParameter): Name = "Max Output Voltage"; Value = "12V"; VariantName = "[No Variations]"
Add component (AddParameter): Name = "Max Supply Voltage"; Value = "100V"; VariantName = "[No Variations]"
Add component (AddParameter): Name = "Min Input Voltage"; Value = "5.5V"; VariantName = "[No Variations]"
Add component (AddParameter): Name = "Min Operating Temperature"; Value = "-40°C"; VariantName = "[No Variations]"
Add component (AddParameter): Name = "Min Supply Voltage"; Value = "5.5V"; VariantName = "[No Variations]"
Add component (AddParameter): Name = "Mount"; Value = "Surface Mount"; VariantName = "[No Variations]"
Add component (AddParameter): Name = "Number of Outputs"; Value = "1"; VariantName = "[No Variations]"
Add component (AddParameter): Name = "Number of Pins"; Value = "10"; VariantName = "[No Variations]"
Add component (AddParameter): Name = "Output Voltage"; Value = "100V"; VariantName = "[No Variations]"
Add component (AddParameter): Name = "Package Quantity"; Value = "121"; VariantName = "[No Variations]"
Add component (AddParameter): Name = "Packaging"; Value = "Rail/Tube"; VariantName = "[No Variations]"
Add component (AddParameter): Name = "REACH SVHC"; Value = "No SVHC"; VariantName = "[No Variations]"
Add component (AddParameter): Name = "RoHS Compliant"; Value = "Yes"; VariantName = "[No Variations]"
Add component (AddParameter): Name = "Series"; Value = "-"; VariantName = "[No Variations]"
Add component (AddParameter): Name = "Switching Frequency"; Value = "1MHz"; VariantName = "[No Variations]"
Add component (AddParameter): Name = "Topology"; Value = "Boost"; VariantName = "[No Variations]"
Add component (AddParameter): Name = "Width"; Value = "3mm"; VariantName = "[No Variations]"
Added Component: Designator=U5(FP-DD-10-05-08-1699-IPC_B)
Add component (AddParameter): Name = "Case/Package"; Value = "DFN"; VariantName = "[No Variations]"
Add component (AddParameter): Name = "Height"; Value = "0.7mm"; VariantName = "[No Variations]"
Add component (AddParameter): Name = "Length"; Value = "3mm"; VariantName = "[No Variations]"
Add component (AddParameter): Name = "Max Frequency"; Value = "1MHz"; VariantName = "[No Variations]"
Add component (AddParameter): Name = "Max Input Voltage"; Value = "100V"; VariantName = "[No Variations]"
Add component (AddParameter): Name = "Max Operating Temperature"; Value = "125°C"; VariantName = "[No Variations]"
Add component (AddParameter): Name = "Max Output Current"; Value = "1.2A"; VariantName = "[No Variations]"
Add component (AddParameter): Name = "Max Output Voltage"; Value = "12V"; VariantName = "[No Variations]"
Add component (AddParameter): Name = "Max Supply Voltage"; Value = "100V"; VariantName = "[No Variations]"
Add component (AddParameter): Name = "Min Input Voltage"; Value = "5.5V"; VariantName = "[No Variations]"
Add component (AddParameter): Name = "Min Operating Temperature"; Value = "-40°C"; VariantName = "[No Variations]"
Add component (AddParameter): Name = "Min Supply Voltage"; Value = "5.5V"; VariantName = "[No Variations]"
Add component (AddParameter): Name = "Mount"; Value = "Surface Mount"; VariantName = "[No Variations]"
Add component (AddParameter): Name = "Number of Outputs"; Value = "1"; VariantName = "[No Variations]"
Add component (AddParameter): Name = "Number of Pins"; Value = "10"; VariantName = "[No Variations]"
Add component (AddParameter): Name = "Output Voltage"; Value = "100V"; VariantName = "[No Variations]"
Add component (AddParameter): Name = "Package Quantity"; Value = "121"; VariantName = "[No Variations]"
Add component (AddParameter): Name = "Packaging"; Value = "Rail/Tube"; VariantName = "[No Variations]"
Add component (AddParameter): Name = "REACH SVHC"; Value = "No SVHC"; VariantName = "[No Variations]"
Add component (AddParameter): Name = "RoHS Compliant"; Value = "Yes"; VariantName = "[No Variations]"
Add component (AddParameter): Name = "Series"; Value = "-"; VariantName = "[No Variations]"
Add component (AddParameter): Name = "Switching Frequency"; Value = "1MHz"; VariantName = "[No Variations]"
Add component (AddParameter): Name = "Topology"; Value = "Boost"; VariantName = "[No Variations]"
Add component (AddParameter): Name = "Width"; Value = "3mm"; VariantName = "[No Variations]"
Added Component: Designator=U6(L15_3_5x3_5_MFG)
Add component (AddParameter): Name = "Case/Package"; Value = "QFN"; VariantName = "[No Variations]"
Add component (AddParameter): Name = "ComponentLink1Description"; Value = "Manufacturer's Website"; VariantName = "[No Variations]"
Add component (AddParameter): Name = "ComponentLink1URL"; Value = "http://www.renesas.com"; VariantName = "[No Variations]"
Add component (AddParameter): Name = "ComponentLink2Description"; Value = "Datasheet URL"; VariantName = "[No Variations]"
Add component (AddParameter): Name = "ComponentLink2URL"; Value = "https://octopart.com/cad-content/api/get-model-datasheet/15189/88255822"; VariantName = "[No Variations]"
Add component (AddParameter): Name = "ComponentLink3Description"; Value = "Manufacturer's Package Drawing"; VariantName = "[No Variations]"
Add component (AddParameter): Name = "ComponentLink3URL"; Value = "https://www.renesas.com/en/document/psc/l1535x35-128-lead-thin-plastic-quad-flatpack-exposed-pad-package-ep-lqfp"; VariantName = "[No Variations]"
Add component (AddParameter): Name = "Export Control Classification Number (ECCN) Code"; Value = "EAR99"; VariantName = "[No Variations]"
Add component (AddParameter): Name = "Harmonized Tariff Schedule (HTS) Code"; Value = "8540000000"; VariantName = "[No Variations]"
Add component (AddParameter): Name = "Height"; Value = "750µm"; VariantName = "[No Variations]"
Add component (AddParameter): Name = "HelpURL"; Value = "https://octopart.com/cad-content/api/get-model-datasheet/15189/88255822"; VariantName = "[No Variations]"
Add component (AddParameter): Name = "Length"; Value = "3.5mm"; VariantName = "[No Variations]"
Add component (AddParameter): Name = "Lifecycle Status"; Value = "Production"; VariantName = "[No Variations]"
Add component (AddParameter): Name = "Manufacturer Lifecycle Status"; Value = "ACTIVE"; VariantName = "[No Variations]"
Add component (AddParameter): Name = "Max Junction Temperature (Tj)"; Value = "125°C"; VariantName = "[No Variations]"
Add component (AddParameter): Name = "Max Operating Temperature"; Value = "125°C"; VariantName = "[No Variations]"
Add component (AddParameter): Name = "Max Output Current"; Value = "9A"; VariantName = "[No Variations]"
Add component (AddParameter): Name = "Max Output Voltage"; Value = "5V"; VariantName = "[No Variations]"
Add component (AddParameter): Name = "Max Supply Voltage"; Value = "4.5V"; VariantName = "[No Variations]"
Add component (AddParameter): Name = "Min Operating Temperature"; Value = "-40°C"; VariantName = "[No Variations]"
Add component (AddParameter): Name = "Min Output Voltage"; Value = "300mV"; VariantName = "[No Variations]"
Add component (AddParameter): Name = "Min Supply Voltage"; Value = "4.5V"; VariantName = "[No Variations]"
Add component (AddParameter): Name = "Mount"; Value = "Surface Mount"; VariantName = "[No Variations]"
Add component (AddParameter): Name = "MSL"; Value = "3"; VariantName = "[No Variations]"
Add component (AddParameter): Name = "Number of Output Phases"; Value = "1"; VariantName = "[No Variations]"
Add component (AddParameter): Name = "Number of Pins"; Value = "15"; VariantName = "[No Variations]"
Add component (AddParameter): Name = "Output Type"; Value = "PWM"; VariantName = "[No Variations]"
Add component (AddParameter): Name = "Part Family"; Value = "ISL85009"; VariantName = "[No Variations]"
Add component (AddParameter): Name = "Pitch"; Value = "500µm"; VariantName = "[No Variations]"
Add component (AddParameter): Name = "Quiescent Current"; Value = "3mA"; VariantName = "[No Variations]"
Add component (AddParameter): Name = "RAM Size"; Value = "8kB"; VariantName = "[No Variations]"
Add component (AddParameter): Name = "RoHS"; Value = "Compliant"; VariantName = "[No Variations]"
Add component (AddParameter): Name = "Switching Frequency"; Value = "600kHz"; VariantName = "[No Variations]"
Add component (AddParameter): Name = "Sync/Async"; Value = "Synchronous"; VariantName = "[No Variations]"
Add component (AddParameter): Name = "Topology"; Value = "Buck"; VariantName = "[No Variations]"
Add component (AddParameter): Name = "Width"; Value = "3.5mm"; VariantName = "[No Variations]"
Added Component: Designator=U7(FP-AMS1117-IPC_C)
Add component (AddParameter): Name = "Automotive"; Value = "No"; VariantName = "[No Variations]"
Add component (AddParameter): Name = "Category"; Value = "IC"; VariantName = "[No Variations]"
Add component (AddParameter): Name = "ComponentLink2Description"; Value = "Datasheet"; VariantName = "[No Variations]"
Add component (AddParameter): Name = "ComponentLink2URL"; Value = "http://www.advanced-monolithic.com/pdf/ds1117.pdf"; VariantName = "[No Variations]"
Add component (AddParameter): Name = "Device Class L1"; Value = "Integrated Circuits (ICs)"; VariantName = "[No Variations]"
Add component (AddParameter): Name = "Device Class L2"; Value = "Power Management ICs"; VariantName = "[No Variations]"
Add component (AddParameter): Name = "Device Class L3"; Value = "Voltage Regulators - Linear"; VariantName = "[No Variations]"
Add component (AddParameter): Name = "Dropout Voltage"; Value = "1.1V"; VariantName = "[No Variations]"
Add component (AddParameter): Name = "Height"; Value = "1.8mm"; VariantName = "[No Variations]"
Add component (AddParameter): Name = "Ipc Land Pattern Name"; Value = "SOT229P700X180-4"; VariantName = "[No Variations]"
Add component (AddParameter): Name = "Lead Free"; Value = "Yes"; VariantName = "[No Variations]"
Add component (AddParameter): Name = "Manufacturer"; Value = "Advanced Monolithic Systems"; VariantName = "[No Variations]"
Add component (AddParameter): Name = "Manufacturer Part Number"; Value = "AMS1117-3.3"; VariantName = "[No Variations]"
Add component (AddParameter): Name = "Max Junction Temp"; Value = "+125°C"; VariantName = "[No Variations]"
Add component (AddParameter): Name = "Max Power Dissipation"; Value = "1.2W"; VariantName = "[No Variations]"
Add component (AddParameter): Name = "Max Supply Voltage"; Value = "15V"; VariantName = "[No Variations]"
Add component (AddParameter): Name = "Nominal Supply Current"; Value = "5mA"; VariantName = "[No Variations]"
Add component (AddParameter): Name = "Number Of Outputs"; Value = "1"; VariantName = "[No Variations]"
Add component (AddParameter): Name = "Octopart"; Value = "https://octopart.com/ams1117-3.3-advanced+monolithic+systems-25899300"; VariantName = "[No Variations]"
Add component (AddParameter): Name = "Output Current"; Value = "1A"; VariantName = "[No Variations]"
Add component (AddParameter): Name = "Output Type"; Value = "Fixed"; VariantName = "[No Variations]"
Add component (AddParameter): Name = "Output Voltage"; Value = "3.3V"; VariantName = "[No Variations]"
Add component (AddParameter): Name = "Package"; Value = "AMS1117"; VariantName = "[No Variations]"
Add component (AddParameter): Name = "RoHS"; Value = "TRUE"; VariantName = "[No Variations]"
Add component (AddParameter): Name = "Standoff Height"; Value = "0.64mm"; VariantName = "[No Variations]"
Add component (AddParameter): Name = "Temperature"; Value = "-40°C to +125°C"; VariantName = "[No Variations]"
Add component (AddParameter): Name = "Temperature Range High"; Value = "+125°C"; VariantName = "[No Variations]"
Add component (AddParameter): Name = "Temperature Range Low"; Value = "-40°C"; VariantName = "[No Variations]"
Added Component: Designator=U8(STM-UFQFPN48_L)
Add component (AddParameter): Name = "ComponentLink1Description"; Value = "Manufacturer URL"; VariantName = "[No Variations]"
Add component (AddParameter): Name = "ComponentLink1URL"; Value = "http://www.st.com/"; VariantName = "[No Variations]"
Add component (AddParameter): Name = "ComponentLink2Description"; Value = "Datasheet"; VariantName = "[No Variations]"
Add component (AddParameter): Name = "ComponentLink2URL"; Value = "http://www.st.com/st-web-ui/static/active/en/resource/technical/document/datasheet/DM00115249.pdf"; VariantName = "[No Variations]"
Add component (AddParameter): Name = "Core"; Value = "ARM Cortex-M4"; VariantName = "[No Variations]"
Add component (AddParameter): Name = "D/A Converter"; Value = ""; VariantName = "[No Variations]"
Add component (AddParameter): Name = "DatasheetVersion"; Value = "Rev. 6"; VariantName = "[No Variations]"
Add component (AddParameter): Name = "FLASH Size (Prog) (kB)"; Value = "512"; VariantName = "[No Variations]"
Add component (AddParameter): Name = "I/Os (High Current)"; Value = "36"; VariantName = "[No Variations]"
Add component (AddParameter): Name = "Internal RAM Size (kB)"; Value = "128"; VariantName = "[No Variations]"
Add component (AddParameter): Name = "Mounting Technology"; Value = "Surface Mount"; VariantName = "[No Variations]"
Add component (AddParameter): Name = "Operating Frequency(F) (Processor speed) (MHz)"; Value = "100"; VariantName = "[No Variations]"
Add component (AddParameter): Name = "Package Description"; Value = "UFQFPN48"; VariantName = "[No Variations]"
Add component (AddParameter): Name = "Package Reference"; Value = "48-Pin Ultra Thin Fine Pitch Quad Flat No-Lead, 7 x 7 x 0.6 mm Body, 0.5 mm Pitch, Exposed Pad"; VariantName = "[No Variations]"
Add component (AddParameter): Name = "Packing"; Value = "Tray"; VariantName = "[No Variations]"
Add component (AddParameter): Name = "Supply Voltage(Vcc) min (V)"; Value = "1.7"; VariantName = "[No Variations]"
Added Pin To Net: NetName=1V65 Pin=C5-1
Added Pin To Net: NetName=1V65 Pin=R3-1
Added Pin To Net: NetName=1V65 Pin=R10-1
Added Pin To Net: NetName=1V65 Pin=R11-1
Added Pin To Net: NetName=1V65 Pin=U3-1
Added Net: Name=1V65
Added Pin To Net: NetName=3V3 Pin=C6-1
Added Pin To Net: NetName=3V3 Pin=C7-1
Added Pin To Net: NetName=3V3 Pin=C8-1
Added Pin To Net: NetName=3V3 Pin=C9-1
Added Pin To Net: NetName=3V3 Pin=C10-1
Added Pin To Net: NetName=3V3 Pin=C11-1
Added Pin To Net: NetName=3V3 Pin=C25-2
Added Pin To Net: NetName=3V3 Pin=C38-2
Added Pin To Net: NetName=3V3 Pin=C39-2
Added Pin To Net: NetName=3V3 Pin=C40-2
Added Pin To Net: NetName=3V3 Pin=C41-2
Added Pin To Net: NetName=3V3 Pin=C42-2
Added Pin To Net: NetName=3V3 Pin=C43-2
Added Pin To Net: NetName=3V3 Pin=C44-2
Added Pin To Net: NetName=3V3 Pin=C45-2
Added Pin To Net: NetName=3V3 Pin=J1-3
Added Pin To Net: NetName=3V3 Pin=R6-2
Added Pin To Net: NetName=3V3 Pin=U2-8
Added Pin To Net: NetName=3V3 Pin=U3-5
Added Pin To Net: NetName=3V3 Pin=U7-2
Added Pin To Net: NetName=3V3 Pin=U7-4
Added Pin To Net: NetName=3V3 Pin=U8-9
Added Pin To Net: NetName=3V3 Pin=U8-24
Added Pin To Net: NetName=3V3 Pin=U8-36
Added Pin To Net: NetName=3V3 Pin=U8-48
Added Net: Name=3V3
Added Pin To Net: NetName=5V0_SMPS_FB Pin=R30-2
Added Pin To Net: NetName=5V0_SMPS_FB Pin=R31-2
Added Pin To Net: NetName=5V0_SMPS_FB Pin=U6-10
Added Net: Name=5V0_SMPS_FB
Added Pin To Net: NetName=5V0 Pin=C2-1
Added Pin To Net: NetName=5V0 Pin=C3-2
Added Pin To Net: NetName=5V0 Pin=C26-1
Added Pin To Net: NetName=5V0 Pin=C27-1
Added Pin To Net: NetName=5V0 Pin=C31-1
Added Pin To Net: NetName=5V0 Pin=C32-1
Added Pin To Net: NetName=5V0 Pin=C33-1
Added Pin To Net: NetName=5V0 Pin=C34-1
Added Pin To Net: NetName=5V0 Pin=L1-2
Added Pin To Net: NetName=5V0 Pin=R31-1
Added Pin To Net: NetName=5V0 Pin=U1-6
Added Pin To Net: NetName=5V0 Pin=U7-3
Added Net: Name=5V0
Added Pin To Net: NetName=ADC1_IN1 Pin=R37-2
Added Pin To Net: NetName=ADC1_IN1 Pin=U8-12
Added Net: Name=ADC1_IN1
Added Pin To Net: NetName=ADC1_IN2 Pin=R38-2
Added Pin To Net: NetName=ADC1_IN2 Pin=U8-14
Added Net: Name=ADC1_IN2
Added Pin To Net: NetName=AGND Pin=C5-2
Added Pin To Net: NetName=AGND Pin=C6-2
Added Pin To Net: NetName=AGND Pin=C7-2
Added Pin To Net: NetName=AGND Pin=C8-2
Added Pin To Net: NetName=AGND Pin=C9-2
Added Pin To Net: NetName=AGND Pin=C10-2
Added Pin To Net: NetName=AGND Pin=C11-2
Added Pin To Net: NetName=AGND Pin=C25-1
Added Pin To Net: NetName=AGND Pin=C26-2
Added Pin To Net: NetName=AGND Pin=C27-2
Added Pin To Net: NetName=AGND Pin=C44-1
Added Pin To Net: NetName=AGND Pin=C45-1
Added Pin To Net: NetName=AGND Pin=J4-1
Added Pin To Net: NetName=AGND Pin=J4-2
Added Pin To Net: NetName=AGND Pin=R7-1
Added Pin To Net: NetName=AGND Pin=R9-1
Added Pin To Net: NetName=AGND Pin=R14-1
Added Pin To Net: NetName=AGND Pin=R39-2
Added Pin To Net: NetName=AGND Pin=U2-4
Added Pin To Net: NetName=AGND Pin=U3-2
Added Pin To Net: NetName=AGND Pin=U8-8
Added Net: Name=AGND
Added Pin To Net: NetName=DGND Pin=C2-2
Added Pin To Net: NetName=DGND Pin=C3-1
Added Pin To Net: NetName=DGND Pin=C12-2
Added Pin To Net: NetName=DGND Pin=C13-1
Added Pin To Net: NetName=DGND Pin=C14-1
Added Pin To Net: NetName=DGND Pin=C15-2
Added Pin To Net: NetName=DGND Pin=C16-2
Added Pin To Net: NetName=DGND Pin=C17-2
Added Pin To Net: NetName=DGND Pin=C18-1
Added Pin To Net: NetName=DGND Pin=C19-1
Added Pin To Net: NetName=DGND Pin=C20-2
Added Pin To Net: NetName=DGND Pin=C21-2
Added Pin To Net: NetName=DGND Pin=C22-2
Added Pin To Net: NetName=DGND Pin=C23-2
Added Pin To Net: NetName=DGND Pin=C24-2
Added Pin To Net: NetName=DGND Pin=C29-2
Added Pin To Net: NetName=DGND Pin=C31-2
Added Pin To Net: NetName=DGND Pin=C32-2
Added Pin To Net: NetName=DGND Pin=C33-2
Added Pin To Net: NetName=DGND Pin=C34-2
Added Pin To Net: NetName=DGND Pin=C37-2
Added Pin To Net: NetName=DGND Pin=C38-1
Added Pin To Net: NetName=DGND Pin=C39-1
Added Pin To Net: NetName=DGND Pin=C40-1
Added Pin To Net: NetName=DGND Pin=C41-1
Added Pin To Net: NetName=DGND Pin=C42-1
Added Pin To Net: NetName=DGND Pin=C43-1
Added Pin To Net: NetName=DGND Pin=D5-1
Added Pin To Net: NetName=DGND Pin=D6-1
Added Pin To Net: NetName=DGND Pin=J1-2
Added Pin To Net: NetName=DGND Pin=J1-5
Added Pin To Net: NetName=DGND Pin=J1-7
Added Pin To Net: NetName=DGND Pin=Q1-3
Added Pin To Net: NetName=DGND Pin=Q2-3
Added Pin To Net: NetName=DGND Pin=R18-1
Added Pin To Net: NetName=DGND Pin=R19-1
Added Pin To Net: NetName=DGND Pin=R20-1
Added Pin To Net: NetName=DGND Pin=R21-1
Added Pin To Net: NetName=DGND Pin=R25-1
Added Pin To Net: NetName=DGND Pin=R26-1
Added Pin To Net: NetName=DGND Pin=R27-1
Added Pin To Net: NetName=DGND Pin=R28-1
Added Pin To Net: NetName=DGND Pin=R30-1
Added Pin To Net: NetName=DGND Pin=R32-1
Added Pin To Net: NetName=DGND Pin=R33-1
Added Pin To Net: NetName=DGND Pin=R34-1
Added Pin To Net: NetName=DGND Pin=R39-1
Added Pin To Net: NetName=DGND Pin=T1-4
Added Pin To Net: NetName=DGND Pin=T2-4
Added Pin To Net: NetName=DGND Pin=U1-3
Added Pin To Net: NetName=DGND Pin=U4-5
Added Pin To Net: NetName=DGND Pin=U4-11
Added Pin To Net: NetName=DGND Pin=U5-5
Added Pin To Net: NetName=DGND Pin=U6-7
Added Pin To Net: NetName=DGND Pin=U7-1
Added Pin To Net: NetName=DGND Pin=U8-23
Added Pin To Net: NetName=DGND Pin=U8-35
Added Pin To Net: NetName=DGND Pin=U8-47
Added Pin To Net: NetName=DGND Pin=U8-49
Added Net: Name=DGND
Added Pin To Net: NetName=GND Pin=U5-11
Added Net: Name=GND
Added Pin To Net: NetName=IGNT_TRIG_L Pin=R37-1
Added Pin To Net: NetName=IGNT_TRIG_L Pin=U1-2
Added Pin To Net: NetName=IGNT_TRIG_L Pin=U8-10
Added Net: Name=IGNT_TRIG_L
Added Pin To Net: NetName=IGNT_TRIG_R Pin=R38-1
Added Pin To Net: NetName=IGNT_TRIG_R Pin=U1-4
Added Pin To Net: NetName=IGNT_TRIG_R Pin=U8-29
Added Net: Name=IGNT_TRIG_R
Added Pin To Net: NetName=L_COIL Pin=C1-2
Added Net: Name=L_COIL
Added Pin To Net: NetName=LED1 Pin=R36-1
Added Pin To Net: NetName=LED1 Pin=U8-25
Added Net: Name=LED1
Added Pin To Net: NetName=LED2 Pin=R35-1
Added Pin To Net: NetName=LED2 Pin=U8-26
Added Net: Name=LED2
Added Pin To Net: NetName=NetC1_1 Pin=C1-1
Added Pin To Net: NetName=NetC1_1 Pin=C12-1
Added Pin To Net: NetName=NetC1_1 Pin=D3-1
Added Pin To Net: NetName=NetC1_1 Pin=Q1-4
Added Pin To Net: NetName=NetC1_1 Pin=R17-2
Added Net: Name=NetC1_1
Added Pin To Net: NetName=NetC4_1 Pin=C4-1
Added Pin To Net: NetName=NetC4_1 Pin=C17-1
Added Pin To Net: NetName=NetC4_1 Pin=D4-1
Added Pin To Net: NetName=NetC4_1 Pin=Q2-4
Added Pin To Net: NetName=NetC4_1 Pin=R24-2
Added Net: Name=NetC4_1
Added Pin To Net: NetName=NetC14_2 Pin=C14-2
Added Pin To Net: NetName=NetC14_2 Pin=U4-3
Added Net: Name=NetC14_2
Added Pin To Net: NetName=NetC15_1 Pin=C15-1
Added Pin To Net: NetName=NetC15_1 Pin=R22-2
Added Pin To Net: NetName=NetC15_1 Pin=U4-1
Added Net: Name=NetC15_1
Added Pin To Net: NetName=NetC16_1 Pin=C16-1
Added Pin To Net: NetName=NetC16_1 Pin=R22-1
Added Net: Name=NetC16_1
Added Pin To Net: NetName=NetC19_2 Pin=C19-2
Added Pin To Net: NetName=NetC19_2 Pin=U5-3
Added Net: Name=NetC19_2
Added Pin To Net: NetName=NetC20_1 Pin=C20-1
Added Pin To Net: NetName=NetC20_1 Pin=R29-2
Added Pin To Net: NetName=NetC20_1 Pin=U5-1
Added Net: Name=NetC20_1
Added Pin To Net: NetName=NetC21_1 Pin=C21-1
Added Pin To Net: NetName=NetC21_1 Pin=R29-1
Added Net: Name=NetC21_1
Added Pin To Net: NetName=NetC29_1 Pin=C29-1
Added Pin To Net: NetName=NetC29_1 Pin=U6-5
Added Net: Name=NetC29_1
Added Pin To Net: NetName=NetC30_1 Pin=C30-1
Added Pin To Net: NetName=NetC30_1 Pin=L1-1
Added Pin To Net: NetName=NetC30_1 Pin=U6-8
Added Net: Name=NetC30_1
Added Pin To Net: NetName=NetC30_2 Pin=C30-2
Added Pin To Net: NetName=NetC30_2 Pin=U6-6
Added Net: Name=NetC30_2
Added Pin To Net: NetName=NetC35_1 Pin=C35-1
Added Pin To Net: NetName=NetC35_1 Pin=R5-1
Added Pin To Net: NetName=NetC35_1 Pin=R8-1
Added Pin To Net: NetName=NetC35_1 Pin=U2-3
Added Net: Name=NetC35_1
Added Pin To Net: NetName=NetC35_2 Pin=C35-2
Added Pin To Net: NetName=NetC35_2 Pin=R8-2
Added Pin To Net: NetName=NetC35_2 Pin=U2-1
Added Pin To Net: NetName=NetC35_2 Pin=U8-18
Added Net: Name=NetC35_2
Added Pin To Net: NetName=NetC36_1 Pin=C36-1
Added Pin To Net: NetName=NetC36_1 Pin=R13-1
Added Pin To Net: NetName=NetC36_1 Pin=R15-1
Added Pin To Net: NetName=NetC36_1 Pin=U2-5
Added Net: Name=NetC36_1
Added Pin To Net: NetName=NetC36_2 Pin=C36-2
Added Pin To Net: NetName=NetC36_2 Pin=R15-2
Added Pin To Net: NetName=NetC36_2 Pin=U2-7
Added Pin To Net: NetName=NetC36_2 Pin=U8-20
Added Net: Name=NetC36_2
Added Pin To Net: NetName=NetC37_1 Pin=C37-1
Added Pin To Net: NetName=NetC37_1 Pin=U8-22
Added Net: Name=NetC37_1
Added Pin To Net: NetName=NetD1_1 Pin=D1-1
Added Pin To Net: NetName=NetD1_1 Pin=J3-1
Added Net: Name=NetD1_1
Added Pin To Net: NetName=NetD1_2 Pin=D1-2
Added Pin To Net: NetName=NetD1_2 Pin=R4-1
Added Net: Name=NetD1_2
Added Pin To Net: NetName=NetD2_1 Pin=D2-1
Added Pin To Net: NetName=NetD2_1 Pin=J3-2
Added Net: Name=NetD2_1
Added Pin To Net: NetName=NetD2_2 Pin=D2-2
Added Pin To Net: NetName=NetD2_2 Pin=R12-1
Added Net: Name=NetD2_2
Added Pin To Net: NetName=NetD3_2 Pin=D3-2
Added Pin To Net: NetName=NetD3_2 Pin=T1-5
Added Net: Name=NetD3_2
Added Pin To Net: NetName=NetD4_2 Pin=D4-2
Added Pin To Net: NetName=NetD4_2 Pin=T2-5
Added Net: Name=NetD4_2
Added Pin To Net: NetName=NetD5_2 Pin=D5-2
Added Pin To Net: NetName=NetD5_2 Pin=R35-2
Added Net: Name=NetD5_2
Added Pin To Net: NetName=NetD6_2 Pin=D6-2
Added Pin To Net: NetName=NetD6_2 Pin=R36-2
Added Net: Name=NetD6_2
Added Pin To Net: NetName=NetJ1_4 Pin=J1-4
Added Pin To Net: NetName=NetJ1_4 Pin=U8-34
Added Net: Name=NetJ1_4
Added Pin To Net: NetName=NetJ1_6 Pin=J1-6
Added Pin To Net: NetName=NetJ1_6 Pin=U8-37
Added Net: Name=NetJ1_6
Added Pin To Net: NetName=NetJ1_11 Pin=J1-11
Added Pin To Net: NetName=NetJ1_11 Pin=R33-2
Added Net: Name=NetJ1_11
Added Pin To Net: NetName=NetJ1_12 Pin=J1-12
Added Pin To Net: NetName=NetJ1_12 Pin=U8-7
Added Net: Name=NetJ1_12
Added Pin To Net: NetName=NetJ1_13 Pin=J1-13
Added Pin To Net: NetName=NetJ1_13 Pin=U8-31
Added Net: Name=NetJ1_13
Added Pin To Net: NetName=NetJ1_14 Pin=J1-14
Added Pin To Net: NetName=NetJ1_14 Pin=U8-30
Added Net: Name=NetJ1_14
Added Pin To Net: NetName=NetP1_2 Pin=P1-2
Added Pin To Net: NetName=NetP1_2 Pin=U8-42
Added Net: Name=NetP1_2
Added Pin To Net: NetName=NetP1_3 Pin=P1-3
Added Pin To Net: NetName=NetP1_3 Pin=U8-43
Added Net: Name=NetP1_3
Added Pin To Net: NetName=NetP2_2 Pin=P2-2
Added Pin To Net: NetName=NetP2_2 Pin=U8-21
Added Net: Name=NetP2_2
Added Pin To Net: NetName=NetP2_3 Pin=P2-3
Added Pin To Net: NetName=NetP2_3 Pin=U8-39
Added Net: Name=NetP2_3
Added Pin To Net: NetName=NetP3_1 Pin=P3-1
Added Pin To Net: NetName=NetP3_1 Pin=U8-15
Added Net: Name=NetP3_1
Added Pin To Net: NetName=NetP3_2 Pin=P3-2
Added Pin To Net: NetName=NetP3_2 Pin=U8-16
Added Net: Name=NetP3_2
Added Pin To Net: NetName=NetP3_3 Pin=P3-3
Added Pin To Net: NetName=NetP3_3 Pin=U8-17
Added Net: Name=NetP3_3
Added Pin To Net: NetName=NetP3_4 Pin=P3-4
Added Pin To Net: NetName=NetP3_4 Pin=U8-38
Added Net: Name=NetP3_4
Added Pin To Net: NetName=NetQ1_1 Pin=Q1-1
Added Pin To Net: NetName=NetQ1_1 Pin=R1-2
Added Net: Name=NetQ1_1
Added Pin To Net: NetName=NetQ2_1 Pin=Q2-1
Added Pin To Net: NetName=NetQ2_1 Pin=R2-2
Added Net: Name=NetQ2_1
Added Pin To Net: NetName=NetQ3_1 Pin=Q3-1
Added Pin To Net: NetName=NetQ3_1 Pin=U4-7
Added Net: Name=NetQ3_1
Added Pin To Net: NetName=NetQ3_2 Pin=Q3-2
Added Pin To Net: NetName=NetQ3_2 Pin=T1-6
Added Pin To Net: NetName=NetQ3_2 Pin=T1-9
Added Net: Name=NetQ3_2
Added Pin To Net: NetName=NetQ3_3 Pin=Q3-3
Added Pin To Net: NetName=NetQ3_3 Pin=R21-2
Added Pin To Net: NetName=NetQ3_3 Pin=U4-6
Added Net: Name=NetQ3_3
Added Pin To Net: NetName=NetQ4_1 Pin=Q4-1
Added Pin To Net: NetName=NetQ4_1 Pin=U5-7
Added Net: Name=NetQ4_1
Added Pin To Net: NetName=NetQ4_2 Pin=Q4-2
Added Pin To Net: NetName=NetQ4_2 Pin=T2-6
Added Pin To Net: NetName=NetQ4_2 Pin=T2-9
Added Net: Name=NetQ4_2
Added Pin To Net: NetName=NetQ4_3 Pin=Q4-3
Added Pin To Net: NetName=NetQ4_3 Pin=R28-2
Added Pin To Net: NetName=NetQ4_3 Pin=U5-6
Added Net: Name=NetQ4_3
Added Pin To Net: NetName=NetR1_1 Pin=R1-1
Added Pin To Net: NetName=NetR1_1 Pin=U1-7
Added Net: Name=NetR1_1
Added Pin To Net: NetName=NetR2_1 Pin=R2-1
Added Pin To Net: NetName=NetR2_1 Pin=U1-5
Added Net: Name=NetR2_1
Added Pin To Net: NetName=NetR3_2 Pin=R3-2
Added Pin To Net: NetName=NetR3_2 Pin=U2-2
Added Net: Name=NetR3_2
Added Pin To Net: NetName=NetR4_2 Pin=R4-2
Added Pin To Net: NetName=NetR4_2 Pin=R5-2
Added Pin To Net: NetName=NetR4_2 Pin=R7-2
Added Net: Name=NetR4_2
Added Pin To Net: NetName=NetR6_1 Pin=R6-1
Added Pin To Net: NetName=NetR6_1 Pin=R9-2
Added Pin To Net: NetName=NetR6_1 Pin=U3-3
Added Net: Name=NetR6_1
Added Pin To Net: NetName=NetR10_2 Pin=R10-2
Added Pin To Net: NetName=NetR10_2 Pin=U3-4
Added Net: Name=NetR10_2
Added Pin To Net: NetName=NetR11_2 Pin=R11-2
Added Pin To Net: NetName=NetR11_2 Pin=U2-6
Added Net: Name=NetR11_2
Added Pin To Net: NetName=NetR12_2 Pin=R12-2
Added Pin To Net: NetName=NetR12_2 Pin=R13-2
Added Pin To Net: NetName=NetR12_2 Pin=R14-2
Added Net: Name=NetR12_2
Added Pin To Net: NetName=NetR16_1 Pin=R16-1
Added Pin To Net: NetName=NetR16_1 Pin=R18-2
Added Pin To Net: NetName=NetR16_1 Pin=U4-9
Added Net: Name=NetR16_1
Added Pin To Net: NetName=NetR17_1 Pin=R17-1
Added Pin To Net: NetName=NetR17_1 Pin=R19-2
Added Pin To Net: NetName=NetR17_1 Pin=U4-2
Added Net: Name=NetR17_1
Added Pin To Net: NetName=NetR20_2 Pin=R20-2
Added Pin To Net: NetName=NetR20_2 Pin=U4-4
Added Net: Name=NetR20_2
Added Pin To Net: NetName=NetR23_1 Pin=R23-1
Added Pin To Net: NetName=NetR23_1 Pin=R25-2
Added Pin To Net: NetName=NetR23_1 Pin=U5-9
Added Net: Name=NetR23_1
Added Pin To Net: NetName=NetR24_1 Pin=R24-1
Added Pin To Net: NetName=NetR24_1 Pin=R26-2
Added Pin To Net: NetName=NetR24_1 Pin=U5-2
Added Net: Name=NetR24_1
Added Pin To Net: NetName=NetR27_2 Pin=R27-2
Added Pin To Net: NetName=NetR27_2 Pin=U5-4
Added Net: Name=NetR27_2
Added Pin To Net: NetName=NetR32_2 Pin=R32-2
Added Pin To Net: NetName=NetR32_2 Pin=U6-11
Added Net: Name=NetR32_2
Added Pin To Net: NetName=NetR34_2 Pin=R34-2
Added Pin To Net: NetName=NetR34_2 Pin=U8-44
Added Net: Name=NetR34_2
Added Pin To Net: NetName=R_COIL Pin=C4-2
Added Net: Name=R_COIL
Added Pin To Net: NetName=VBAT Pin=C13-2
Added Pin To Net: NetName=VBAT Pin=C18-2
Added Pin To Net: NetName=VBAT Pin=C22-1
Added Pin To Net: NetName=VBAT Pin=C23-1
Added Pin To Net: NetName=VBAT Pin=C24-1
Added Pin To Net: NetName=VBAT Pin=J2-1
Added Pin To Net: NetName=VBAT Pin=J2-2
Added Pin To Net: NetName=VBAT Pin=R16-2
Added Pin To Net: NetName=VBAT Pin=R23-2
Added Pin To Net: NetName=VBAT Pin=T1-7
Added Pin To Net: NetName=VBAT Pin=T1-10
Added Pin To Net: NetName=VBAT Pin=T2-7
Added Pin To Net: NetName=VBAT Pin=T2-10
Added Pin To Net: NetName=VBAT Pin=U4-8
Added Pin To Net: NetName=VBAT Pin=U4-10
Added Pin To Net: NetName=VBAT Pin=U5-8
Added Pin To Net: NetName=VBAT Pin=U5-10
Added Pin To Net: NetName=VBAT Pin=U6-9
Added Pin To Net: NetName=VBAT Pin=U6-14
Added Pin To Net: NetName=VBAT Pin=U6-15
Added Net: Name=VBAT
Added Class: Name=cd_switching
Added Class: Name=HV_power
Added Class: Name=input_output
Added Class: Name=input_signal_conditioning
Added Class: Name=logic
Added Class: Name=LV_power
Added Rule: Name=Schematic Supply Nets
Added Rule: Name=Schematic Supply Nets_1
Added Rule: Name=Schematic Supply Nets_2
Added Rule: Name=Schematic Supply Nets_3
Added Rule: Name=Schematic Supply Nets_4
Added Rule: Name=Schematic Supply Nets_5
