ISO-10303-21;
HEADER;
/* Generated by software containing ST-Developer
 * from STEP Tools, Inc. (www.steptools.com) 
 */

FILE_DESCRIPTION(
/* description */ ('Open CASCADE Model'),
/* implementation_level */ '2;1');

FILE_NAME(
/* name */ 'housing.step',
/* time_stamp */ '2026-09-17T22:02:34+02:00',
/* author */ (''),
/* organization */ (''),
/* preprocessor_version */ 'ST-DEVELOPER v20.2',
/* originating_system */ 'Autodesk Translation Framework v15.15.0.0',
/* authorisation */ '');

FILE_SCHEMA (('AUTOMOTIVE_DESIGN { 1 0 10303 214 3 1 1 }'));
ENDSEC;

DATA;
#10=MECHANICAL_DESIGN_GEOMETRIC_PRESENTATION_REPRESENTATION('',(#13),#2176);
#11=SHAPE_REPRESENTATION_RELATIONSHIP('SRR','None',#2182,#12);
#12=ADVANCED_BREP_SHAPE_REPRESENTATION('',(#14),#2175);
#13=STYLED_ITEM('',(#2191),#14);
#14=MANIFOLD_SOLID_BREP('Corpo46',#790);
#15=(
BOUNDED_SURFACE()
B_SPLINE_SURFACE(2,1,((#1502,#1503),(#1504,#1505),(#1506,#1507)),
 .UNSPECIFIED.,.F.,.F.,.F.)
B_SPLINE_SURFACE_WITH_KNOTS((3,3),(2,2),(-1.53726690174084,-0.438303178368661),
(0.,7.48),.UNSPECIFIED.)
GEOMETRIC_REPRESENTATION_ITEM()
RATIONAL_B_SPLINE_SURFACE(((1.,1.),(2.42976307123725,2.42976307123725),
(1.81530370260073,1.81530370260073)))
REPRESENTATION_ITEM('')
SURFACE()
);
#16=(
BOUNDED_SURFACE()
B_SPLINE_SURFACE(2,1,((#2137,#2138),(#2139,#2140),(#2141,#2142)),
 .UNSPECIFIED.,.F.,.F.,.F.)
B_SPLINE_SURFACE_WITH_KNOTS((3,3),(2,2),(-1.53858992565436,0.),(-5.5,5.5),
 .UNSPECIFIED.)
GEOMETRIC_REPRESENTATION_ITEM()
RATIONAL_B_SPLINE_SURFACE(((1.,1.),(3.,3.),(1.,1.)))
REPRESENTATION_ITEM('')
SURFACE()
);
#17=(
BOUNDED_SURFACE()
B_SPLINE_SURFACE(2,1,((#2145,#2146),(#2147,#2148),(#2149,#2150)),
 .UNSPECIFIED.,.F.,.F.,.F.)
B_SPLINE_SURFACE_WITH_KNOTS((3,3),(2,2),(-0.951707969708047,0.),(-5.5,5.5),
 .UNSPECIFIED.)
GEOMETRIC_REPRESENTATION_ITEM()
RATIONAL_B_SPLINE_SURFACE(((1.,1.),(1.08816220844035,1.08816220844035),
(1.,1.)))
REPRESENTATION_ITEM('')
SURFACE()
);
#18=(
BOUNDED_SURFACE()
B_SPLINE_SURFACE(2,1,((#2151,#2152),(#2153,#2154),(#2155,#2156)),
 .UNSPECIFIED.,.F.,.F.,.F.)
B_SPLINE_SURFACE_WITH_KNOTS((3,3),(2,2),(-0.951707969708047,0.),(-5.5,5.5),
 .UNSPECIFIED.)
GEOMETRIC_REPRESENTATION_ITEM()
RATIONAL_B_SPLINE_SURFACE(((1.,1.),(1.08816220844035,1.08816220844035),
(1.,1.)))
REPRESENTATION_ITEM('')
SURFACE()
);
#19=(
BOUNDED_SURFACE()
B_SPLINE_SURFACE(2,1,((#2158,#2159),(#2160,#2161),(#2162,#2163)),
 .UNSPECIFIED.,.F.,.F.,.F.)
B_SPLINE_SURFACE_WITH_KNOTS((3,3),(2,2),(-1.53858992565436,0.),(-5.5,5.5),
 .UNSPECIFIED.)
GEOMETRIC_REPRESENTATION_ITEM()
RATIONAL_B_SPLINE_SURFACE(((1.,1.),(3.,3.),(1.,1.)))
REPRESENTATION_ITEM('')
SURFACE()
);
#20=B_SPLINE_SURFACE_WITH_KNOTS('',3,1,((#1454,#1455),(#1456,#1457),(#1458,
#1459),(#1460,#1461),(#1462,#1463),(#1464,#1465)),.UNSPECIFIED.,.F.,.F.,
 .F.,(4,2,4),(2,2),(-1.07019357026314,-0.522889106608115,0.),(0.,7.48),
 .UNSPECIFIED.);
#21=B_SPLINE_SURFACE_WITH_KNOTS('',3,1,((#1483,#1484),(#1485,#1486),(#1487,
#1488),(#1489,#1490)),.UNSPECIFIED.,.F.,.F.,.F.,(4,4),(2,2),(-0.717314331283451,
0.),(0.,7.48),.UNSPECIFIED.);
#22=ELLIPSE('',#828,3.2846346613537,3.28462998053519);
#23=ELLIPSE('',#831,3.68317029696999,3.68316504821221);
#24=B_SPLINE_CURVE_WITH_KNOTS('',3,(#1146,#1147,#1148,#1149,#1150,#1151,
#1152,#1153,#1154,#1155,#1156,#1157,#1158,#1159,#1160,#1161,#1162,#1163,
#1164,#1165,#1166,#1167,#1168,#1169,#1170,#1171,#1172,#1173,#1174,#1175,
#1176,#1177,#1178,#1179,#1180,#1181,#1182,#1183,#1184,#1185,#1186,#1187,
#1188,#1189,#1190,#1191,#1192,#1193,#1194,#1195,#1196,#1197,#1198,#1199,
#1200,#1201,#1202,#1203,#1204,#1205,#1206,#1207,#1208,#1209,#1210,#1211,
#1212,#1213,#1214,#1215,#1216,#1217,#1218,#1219,#1220,#1221,#1222,#1223,
#1224,#1225,#1226,#1227,#1228,#1229,#1230,#1231,#1232,#1233,#1234,#1235,
#1236,#1237,#1238,#1239,#1240,#1241,#1242,#1243,#1244,#1245,#1246,#1247,
#1248,#1249,#1250,#1251,#1252,#1253,#1254,#1255,#1256,#1257,#1258,#1259,
#1260,#1261,#1262,#1263,#1264,#1265,#1266,#1267,#1268,#1269,#1270,#1271,
#1272,#1273,#1274,#1275,#1276,#1277,#1278,#1279,#1280,#1281,#1282,#1283,
#1284,#1285,#1286,#1287,#1288,#1289,#1290,#1291,#1292,#1293,#1294,#1295,
#1296,#1297,#1298,#1299,#1300,#1301,#1302,#1303,#1304,#1305,#1306,#1307,
#1308,#1309,#1310,#1311,#1312,#1313,#1314,#1315,#1316,#1317,#1318,#1319,
#1320,#1321,#1322,#1323,#1324,#1325,#1326,#1327,#1328,#1329,#1330,#1331,
#1332),.UNSPECIFIED.,.F.,.F.,(4,3,3,3,3,3,3,3,3,3,3,3,3,3,3,3,3,3,3,3,3,
3,3,3,3,3,3,3,3,3,3,3,3,3,3,3,3,3,3,3,3,3,3,3,3,3,3,3,3,3,3,3,3,3,3,3,3,
3,3,3,3,3,4),(0.,0.0230164561460557,0.0469829478573318,0.0724655956233615,
0.0990183911850353,0.126695509861107,0.155554362230007,0.185655821467667,
0.217064470578907,0.24984887212553,0.284081863663443,0.319840882934103,
0.357208328014615,0.396271959267001,0.437125352277599,0.481947355214022,
0.527796873820918,0.575806897711461,0.626103366173808,0.678822177964108,
0.734110669837871,0.792129580548494,0.853055746718522,0.917085929034665,
0.984442427139401,1.05731026356289,1.13418596885596,1.21547651373319,1.30171375001761,
1.39362661648733,1.492244934883,1.59891149754957,1.71649024383949,1.83076128426059,
1.93565014464744,2.0319950850289,2.12135169957058,2.20483939241782,2.28323283468435,
2.3570939550012,2.42685327818617,2.49285676222335,2.55539321788198,2.61471090675521,
2.67102796352817,2.72453918593194,2.77542062310299,2.82383279065101,2.86992300517963,
2.913827138785,2.95567098108524,2.99557132837826,3.03434160485705,3.06979567611034,
3.10377018995638,3.13633850940195,3.16756968383115,3.19752875489301,3.22563449714323,
3.25278692649967,3.27926023335415,3.3043014021593,3.30573354020864),
 .UNSPECIFIED.);
#25=B_SPLINE_CURVE_WITH_KNOTS('',3,(#1334,#1335,#1336,#1337,#1338,#1339,
#1340,#1341,#1342,#1343,#1344,#1345,#1346,#1347,#1348,#1349,#1350,#1351,
#1352,#1353,#1354,#1355,#1356,#1357,#1358,#1359,#1360,#1361,#1362,#1363,
#1364,#1365,#1366,#1367,#1368,#1369,#1370,#1371,#1372,#1373,#1374,#1375,
#1376,#1377,#1378,#1379,#1380,#1381,#1382),.UNSPECIFIED.,.F.,.F.,(4,3,3,
3,3,3,3,3,3,3,3,3,3,3,3,3,4),(0.,0.0549600235403116,0.112994793270883,0.17310014259933,
0.235272510174387,0.299404389785079,0.365207233659118,0.43213526553013,
0.499182678626826,0.565346789857797,0.630061976421232,0.69299055576503,
0.753432065831012,0.811586760789818,0.868098543226791,0.922367406054392,
0.934756596028957),.UNSPECIFIED.);
#26=B_SPLINE_CURVE_WITH_KNOTS('',3,(#1467,#1468,#1469,#1470,#1471,#1472,
#1473),.UNSPECIFIED.,.F.,.F.,(4,3,4),(0.,0.522889106608115,1.07019357026314),
 .UNSPECIFIED.);
#27=B_SPLINE_CURVE_WITH_KNOTS('',3,(#1476,#1477,#1478,#1479,#1480,#1481,
#1482),.UNSPECIFIED.,.F.,.F.,(4,3,4),(0.,0.47804104944476,0.934756596028955),
 .UNSPECIFIED.);
#28=B_SPLINE_CURVE_WITH_KNOTS('',3,(#1492,#1493,#1494,#1495),
 .UNSPECIFIED.,.F.,.F.,(4,4),(0.,0.71731433128345),.UNSPECIFIED.);
#29=B_SPLINE_CURVE_WITH_KNOTS('',3,(#1498,#1499,#1500,#1501),
 .UNSPECIFIED.,.F.,.F.,(4,4),(2.2405003855541,3.30573354020845),
 .UNSPECIFIED.);
#30=B_SPLINE_CURVE_WITH_KNOTS('',3,(#1509,#1510,#1511,#1512,#1513,#1514,
#1515,#1516,#1517,#1518,#1519,#1520,#1521,#1522,#1523,#1524,#1525,#1526,
#1527,#1528,#1529,#1530,#1531,#1532,#1533,#1534,#1535,#1536,#1537,#1538,
#1539,#1540,#1541,#1542,#1543,#1544,#1545,#1546,#1547,#1548,#1549,#1550,
#1551,#1552,#1553,#1554,#1555,#1556,#1557,#1558,#1559,#1560,#1561,#1562,
#1563,#1564,#1565,#1566,#1567,#1568,#1569,#1570,#1571,#1572,#1573,#1574,
#1575,#1576,#1577,#1578,#1579,#1580,#1581,#1582,#1583,#1584,#1585,#1586,
#1587,#1588,#1589,#1590,#1591,#1592,#1593,#1594,#1595,#1596,#1597,#1598,
#1599,#1600,#1601,#1602,#1603,#1604,#1605,#1606,#1607,#1608,#1609,#1610,
#1611,#1612,#1613,#1614,#1615,#1616,#1617,#1618,#1619,#1620,#1621,#1622,
#1623,#1624,#1625,#1626,#1627,#1628,#1629),.UNSPECIFIED.,.F.,.F.,(4,3,3,
3,3,3,3,3,3,3,3,3,3,3,3,3,3,3,3,3,3,3,3,3,3,3,3,3,3,3,3,3,3,3,3,3,3,3,3,
3,4),(0.,0.0223378772689222,0.0455923754189725,0.0698088315912124,0.0950352217804132,
0.121322339764637,0.148723990555355,0.17729719996192,0.207102442152233,
0.239508823952413,0.272720167530953,0.307397880338896,0.34362029756074,
0.381470801499983,0.421038244121362,0.462417428581197,0.505709666066705,
0.551023431245388,0.598475150236828,0.64819017139719,0.7015231783447,0.757441193479915,
0.816107891108084,0.877704878179383,0.942436592313833,1.01053766447169,
1.08228434296491,1.16015445549859,1.24255406701019,1.33010309621546,1.42366893630034,
1.52443252086786,1.63666738182837,1.74998261930801,1.85601888527035,1.95359212979582,
2.0407823590513,2.12331541146831,2.20221314441603,2.2755667255305,2.28111087736375),
 .UNSPECIFIED.);
#31=B_SPLINE_CURVE_WITH_KNOTS('',3,(#1632,#1633,#1634,#1635,#1636,#1637,
#1638,#1639,#1640,#1641,#1642,#1643,#1644,#1645,#1646,#1647,#1648,#1649,
#1650,#1651,#1652,#1653,#1654,#1655,#1656,#1657,#1658,#1659,#1660,#1661,
#1662,#1663,#1664,#1665,#1666,#1667,#1668,#1669,#1670,#1671,#1672,#1673,
#1674,#1675,#1676,#1677,#1678,#1679,#1680,#1681,#1682,#1683,#1684,#1685,
#1686,#1687,#1688,#1689,#1690,#1691,#1692,#1693,#1694,#1695,#1696,#1697,
#1698,#1699,#1700,#1701,#1702,#1703,#1704,#1705,#1706,#1707,#1708,#1709,
#1710,#1711,#1712,#1713,#1714,#1715,#1716,#1717,#1718,#1719,#1720,#1721,
#1722,#1723,#1724,#1725,#1726,#1727,#1728,#1729,#1730,#1731,#1732,#1733,
#1734,#1735,#1736,#1737,#1738,#1739,#1740,#1741,#1742,#1743,#1744,#1745,
#1746,#1747,#1748,#1749,#1750,#1751,#1752),.UNSPECIFIED.,.F.,.F.,(4,3,3,
3,3,3,3,3,3,3,3,3,3,3,3,3,3,3,3,3,3,3,3,3,3,3,3,3,3,3,3,3,3,3,3,3,3,3,3,
3,4),(0.,0.0219172202859521,0.0452225423293836,0.07010946303308,0.0968490395499207,
0.125815842699523,0.157351533215734,0.19021661250341,0.220763737334511,
0.248860679883236,0.27494607219901,0.299361052335536,0.322338750068948,
0.34404419978675,0.364600918337081,0.384106250688545,0.40264025983014,0.420271034399546,
0.437057971148485,0.453053878397487,0.4683063721052,0.482858835209644,0.496751099972072,
0.510019950033549,0.522699502118234,0.534821505331698,0.546415582571409,
0.557509430198711,0.568128986815554,0.578298578566174,0.588041046143042,
0.597559252119717,0.606315278244426,0.614739372770545,0.622846444565797,
0.63065061598784,0.63816527125323,0.645262781214339,0.652140287548311,0.658677571731465,
0.664186693956446),.UNSPECIFIED.);
#32=B_SPLINE_CURVE_WITH_KNOTS('',3,(#1760,#1761,#1762,#1763,#1764,#1765,
#1766,#1767,#1768,#1769,#1770,#1771,#1772,#1773,#1774,#1775,#1776,#1777,
#1778,#1779,#1780,#1781,#1782,#1783,#1784,#1785,#1786,#1787,#1788,#1789,
#1790,#1791,#1792,#1793,#1794,#1795,#1796,#1797,#1798,#1799,#1800,#1801,
#1802,#1803,#1804,#1805,#1806,#1807,#1808,#1809,#1810,#1811,#1812,#1813,
#1814,#1815,#1816,#1817,#1818,#1819,#1820,#1821,#1822,#1823,#1824,#1825,
#1826,#1827,#1828,#1829,#1830,#1831,#1832,#1833,#1834,#1835,#1836,#1837,
#1838,#1839,#1840,#1841,#1842,#1843,#1844,#1845,#1846,#1847,#1848,#1849,
#1850,#1851,#1852,#1853,#1854,#1855,#1856,#1857,#1858,#1859,#1860,#1861,
#1862,#1863,#1864,#1865,#1866,#1867,#1868,#1869,#1870,#1871,#1872,#1873,
#1874,#1875,#1876,#1877,#1878,#1879,#1880,#1881,#1882,#1883),
 .UNSPECIFIED.,.F.,.F.,(4,3,3,3,3,3,3,3,3,3,3,3,3,3,3,3,3,3,3,3,3,3,3,3,
3,3,3,3,3,3,3,3,3,3,3,3,3,3,3,3,3,4),(0.71731433128345,0.767262298164323,
0.820056311906765,0.876237817590865,0.936305919462945,1.00096229945798,
1.07113079867508,1.14918689019207,1.22532094578604,1.29549915033952,1.36022484243656,
1.42048558284866,1.47699270760561,1.53023658273968,1.58057105269845,1.62826583498823,
1.67353675870158,1.71656347219868,1.75750014909621,1.79648219231329,1.83363058245447,
1.86905479829553,1.90285484732334,1.93512272676052,1.9659435106955,1.9953961854636,
2.02355431115803,2.05048655991904,2.07625716458094,2.10092630036582,2.12455041525854,
2.14718252004356,2.16839268415973,2.18879233301026,2.20841818415532,2.22730499962956,
2.24548570783724,2.26302659874578,2.27960289387458,2.29566411885726,2.3110173346891,
2.31564927147138),.UNSPECIFIED.);
#33=B_SPLINE_CURVE_WITH_KNOTS('',3,(#1889,#1890,#1891,#1892,#1893,#1894),
 .UNSPECIFIED.,.F.,.F.,(4,2,4),(0.,1.59572253367135,2.2405003855541),
 .UNSPECIFIED.);
#34=B_SPLINE_CURVE_WITH_KNOTS('',3,(#1897,#1898,#1899,#1900,#1901,#1902,
#1903,#1904,#1905,#1906,#1907,#1908,#1909,#1910,#1911,#1912,#1913,#1914,
#1915,#1916,#1917,#1918,#1919,#1920,#1921,#1922,#1923,#1924,#1925,#1926,
#1927,#1928,#1929,#1930,#1931,#1932,#1933,#1934,#1935,#1936,#1937,#1938,
#1939,#1940,#1941,#1942,#1943,#1944,#1945),.UNSPECIFIED.,.F.,.F.,(4,3,3,
3,3,3,3,3,3,3,3,3,3,3,3,3,4),(0.,0.0619571145773042,0.12735897657206,0.195086329457819,
0.265169520875455,0.337554384674081,0.412028392828507,0.488125837524778,
0.565087294676407,0.641460775069509,0.716469125606614,0.789585081058663,
0.859737203359783,0.927412900528449,0.993163705615747,1.05627758363053,
1.07019357026314),.UNSPECIFIED.);
#35=B_SPLINE_CURVE_WITH_KNOTS('',3,(#1947,#1948,#1949,#1950,#1951,#1952,
#1953,#1954,#1955,#1956,#1957,#1958,#1959,#1960,#1961,#1962,#1963,#1964,
#1965,#1966,#1967,#1968,#1969,#1970,#1971,#1972,#1973,#1974,#1975,#1976,
#1977,#1978,#1979,#1980,#1981,#1982,#1983,#1984,#1985,#1986,#1987,#1988,
#1989,#1990,#1991,#1992,#1993,#1994,#1995,#1996,#1997,#1998,#1999,#2000,
#2001,#2002,#2003,#2004,#2005,#2006,#2007,#2008,#2009,#2010,#2011,#2012,
#2013,#2014,#2015,#2016,#2017,#2018,#2019,#2020,#2021,#2022,#2023,#2024,
#2025,#2026,#2027,#2028,#2029,#2030,#2031,#2032,#2033,#2034,#2035,#2036,
#2037,#2038,#2039,#2040,#2041,#2042,#2043,#2044,#2045,#2046,#2047,#2048,
#2049,#2050,#2051,#2052,#2053,#2054,#2055,#2056,#2057,#2058,#2059,#2060,
#2061,#2062,#2063,#2064,#2065,#2066,#2067,#2068,#2069,#2070,#2071,#2072,
#2073,#2074,#2075,#2076,#2077,#2078,#2079,#2080,#2081,#2082,#2083,#2084,
#2085,#2086,#2087,#2088,#2089,#2090,#2091,#2092,#2093,#2094,#2095,#2096,
#2097,#2098,#2099,#2100,#2101,#2102,#2103,#2104,#2105,#2106,#2107,#2108,
#2109,#2110,#2111,#2112,#2113,#2114,#2115,#2116,#2117,#2118,#2119,#2120,
#2121,#2122,#2123,#2124,#2125,#2126,#2127,#2128,#2129,#2130,#2131,#2132,
#2133),.UNSPECIFIED.,.F.,.F.,(4,3,3,3,3,3,3,3,3,3,3,3,3,3,3,3,3,3,3,3,3,
3,3,3,3,3,3,3,3,3,3,3,3,3,3,3,3,3,3,3,3,3,3,3,3,3,3,3,3,3,3,3,3,3,3,3,3,
3,3,3,3,3,4),(0.,0.0180910099333702,0.0368292662240403,0.0564176061766704,
0.0769025655734533,0.0983336970016355,0.120763803628339,0.144249196794708,
0.16884998142106,0.194630374415258,0.221659062993275,0.250009612317667,
0.27976093555231,0.311775528449827,0.345404709482354,0.380749718498011,
0.417920587785719,0.457037616958169,0.498233380922172,0.541655559582968,
0.587471066771893,0.635872286659902,0.688616852058198,0.744576738283871,
0.80414910177356,0.867876425983493,0.936521837730515,1.0110688594743,1.09350062900966,
1.17324906772796,1.24666293089033,1.31442889074026,1.3775675042013,1.43680356730879,
1.49263804482519,1.54543420635757,1.59547024762297,1.64296964896887,1.68811899779244,
1.7310787971082,1.77199025513234,1.81097970288408,1.8481615703387,1.88364046202908,
1.91751265501698,1.94986721678699,1.98078686665195,2.01034865961044,2.03862454408463,
2.06568182769209,2.09158357416968,2.11638894740428,2.14129648791267,2.16352941369721,
2.18491363515862,2.20548755399813,2.22528752954812,2.24434800579193,2.26231362600572,
2.27971932032815,2.29658439087531,2.31272693801354,2.31564927147138),
 .UNSPECIFIED.);
#36=CYLINDRICAL_SURFACE('',#810,4.00000005960464);
#37=CYLINDRICAL_SURFACE('',#813,4.68316504821221);
#38=CYLINDRICAL_SURFACE('',#816,3.00000005960464);
#39=CYLINDRICAL_SURFACE('',#819,3.2067658134736);
#40=CYLINDRICAL_SURFACE('',#826,3.28462998053519);
#41=CYLINDRICAL_SURFACE('',#829,3.28462998053519);
#42=CYLINDRICAL_SURFACE('',#830,3.68316504821221);
#43=CYLINDRICAL_SURFACE('',#835,4.2067658134736);
#44=CYLINDRICAL_SURFACE('',#839,3.68316504821221);
#45=CYLINDRICAL_SURFACE('',#846,4.28462998053519);
#46=CIRCLE('',#797,3.68316504821221);
#47=CIRCLE('',#798,3.28462998053519);
#48=CIRCLE('',#801,3.28462998053519);
#49=CIRCLE('',#802,3.2067658134736);
#50=CIRCLE('',#803,3.00000005960464);
#51=CIRCLE('',#804,3.68316504821221);
#52=CIRCLE('',#805,4.68316504821221);
#53=CIRCLE('',#806,4.00000005960464);
#54=CIRCLE('',#807,4.2067658134736);
#55=CIRCLE('',#808,4.28462998053519);
#56=CIRCLE('',#811,4.00000005960464);
#57=CIRCLE('',#814,4.68316504821221);
#58=CIRCLE('',#817,3.00000005960464);
#59=CIRCLE('',#820,3.2067658134736);
#60=CIRCLE('',#822,3.68316504821221);
#61=CIRCLE('',#823,3.28462998053519);
#62=CIRCLE('',#827,3.28462998053519);
#63=CIRCLE('',#832,3.68316504821221);
#64=CIRCLE('',#834,4.2067658134736);
#65=CIRCLE('',#847,4.28462998053519);
#66=FACE_OUTER_BOUND('',#109,.T.);
#67=FACE_OUTER_BOUND('',#110,.T.);
#68=FACE_OUTER_BOUND('',#111,.T.);
#69=FACE_OUTER_BOUND('',#112,.T.);
#70=FACE_OUTER_BOUND('',#113,.T.);
#71=FACE_OUTER_BOUND('',#114,.T.);
#72=FACE_OUTER_BOUND('',#115,.T.);
#73=FACE_OUTER_BOUND('',#116,.T.);
#74=FACE_OUTER_BOUND('',#117,.T.);
#75=FACE_OUTER_BOUND('',#118,.T.);
#76=FACE_OUTER_BOUND('',#119,.T.);
#77=FACE_OUTER_BOUND('',#120,.T.);
#78=FACE_OUTER_BOUND('',#121,.T.);
#79=FACE_OUTER_BOUND('',#122,.T.);
#80=FACE_OUTER_BOUND('',#123,.T.);
#81=FACE_OUTER_BOUND('',#124,.T.);
#82=FACE_OUTER_BOUND('',#125,.T.);
#83=FACE_OUTER_BOUND('',#126,.T.);
#84=FACE_OUTER_BOUND('',#127,.T.);
#85=FACE_OUTER_BOUND('',#128,.T.);
#86=FACE_OUTER_BOUND('',#129,.T.);
#87=FACE_OUTER_BOUND('',#130,.T.);
#88=FACE_OUTER_BOUND('',#131,.T.);
#89=FACE_OUTER_BOUND('',#132,.T.);
#90=FACE_OUTER_BOUND('',#133,.T.);
#91=FACE_OUTER_BOUND('',#134,.T.);
#92=FACE_OUTER_BOUND('',#135,.T.);
#93=FACE_OUTER_BOUND('',#136,.T.);
#94=FACE_OUTER_BOUND('',#137,.T.);
#95=FACE_OUTER_BOUND('',#138,.T.);
#96=FACE_OUTER_BOUND('',#139,.T.);
#97=FACE_OUTER_BOUND('',#140,.T.);
#98=FACE_OUTER_BOUND('',#141,.T.);
#99=FACE_OUTER_BOUND('',#142,.T.);
#100=FACE_OUTER_BOUND('',#143,.T.);
#101=FACE_OUTER_BOUND('',#144,.T.);
#102=FACE_OUTER_BOUND('',#145,.T.);
#103=FACE_OUTER_BOUND('',#146,.T.);
#104=FACE_OUTER_BOUND('',#147,.T.);
#105=FACE_OUTER_BOUND('',#148,.T.);
#106=FACE_OUTER_BOUND('',#149,.T.);
#107=FACE_OUTER_BOUND('',#150,.T.);
#108=FACE_OUTER_BOUND('',#151,.T.);
#109=EDGE_LOOP('',(#495,#496,#497,#498));
#110=EDGE_LOOP('',(#499,#500,#501,#502,#503,#504));
#111=EDGE_LOOP('',(#505,#506,#507,#508,#509,#510));
#112=EDGE_LOOP('',(#511,#512,#513,#514));
#113=EDGE_LOOP('',(#515,#516,#517,#518,#519,#520,#521,#522,#523,#524));
#114=EDGE_LOOP('',(#525,#526,#527,#528));
#115=EDGE_LOOP('',(#529,#530,#531,#532,#533,#534,#535,#536,#537,#538,#539,
#540,#541,#542,#543,#544,#545,#546,#547,#548));
#116=EDGE_LOOP('',(#549,#550,#551,#552));
#117=EDGE_LOOP('',(#553,#554,#555,#556));
#118=EDGE_LOOP('',(#557,#558,#559,#560,#561,#562,#563));
#119=EDGE_LOOP('',(#564,#565,#566,#567));
#120=EDGE_LOOP('',(#568,#569,#570,#571,#572,#573));
#121=EDGE_LOOP('',(#574,#575,#576,#577));
#122=EDGE_LOOP('',(#578,#579,#580,#581));
#123=EDGE_LOOP('',(#582,#583,#584,#585));
#124=EDGE_LOOP('',(#586,#587,#588,#589));
#125=EDGE_LOOP('',(#590,#591,#592,#593));
#126=EDGE_LOOP('',(#594,#595,#596,#597));
#127=EDGE_LOOP('',(#598,#599,#600,#601,#602));
#128=EDGE_LOOP('',(#603,#604,#605,#606));
#129=EDGE_LOOP('',(#607,#608,#609,#610,#611));
#130=EDGE_LOOP('',(#612,#613,#614,#615,#616,#617,#618,#619));
#131=EDGE_LOOP('',(#620,#621,#622,#623));
#132=EDGE_LOOP('',(#624,#625,#626,#627,#628,#629));
#133=EDGE_LOOP('',(#630,#631,#632,#633));
#134=EDGE_LOOP('',(#634,#635,#636,#637));
#135=EDGE_LOOP('',(#638,#639,#640,#641));
#136=EDGE_LOOP('',(#642,#643,#644,#645));
#137=EDGE_LOOP('',(#646,#647,#648,#649,#650,#651));
#138=EDGE_LOOP('',(#652,#653,#654,#655));
#139=EDGE_LOOP('',(#656,#657));
#140=EDGE_LOOP('',(#658,#659,#660));
#141=EDGE_LOOP('',(#661,#662,#663));
#142=EDGE_LOOP('',(#664,#665));
#143=EDGE_LOOP('',(#666,#667,#668,#669,#670,#671,#672));
#144=EDGE_LOOP('',(#673,#674,#675,#676,#677));
#145=EDGE_LOOP('',(#678,#679,#680,#681));
#146=EDGE_LOOP('',(#682,#683,#684,#685));
#147=EDGE_LOOP('',(#686,#687,#688,#689,#690));
#148=EDGE_LOOP('',(#691,#692,#693,#694,#695,#696));
#149=EDGE_LOOP('',(#697,#698,#699,#700));
#150=EDGE_LOOP('',(#701,#702,#703,#704,#705,#706,#707,#708));
#151=EDGE_LOOP('',(#709,#710,#711,#712,#713,#714,#715,#716,#717,#718,#719,
#720));
#152=LINE('',#1051,#231);
#153=LINE('',#1053,#232);
#154=LINE('',#1055,#233);
#155=LINE('',#1056,#234);
#156=LINE('',#1059,#235);
#157=LINE('',#1061,#236);
#158=LINE('',#1063,#237);
#159=LINE('',#1065,#238);
#160=LINE('',#1066,#239);
#161=LINE('',#1069,#240);
#162=LINE('',#1071,#241);
#163=LINE('',#1073,#242);
#164=LINE('',#1075,#243);
#165=LINE('',#1076,#244);
#166=LINE('',#1078,#245);
#167=LINE('',#1081,#246);
#168=LINE('',#1085,#247);
#169=LINE('',#1087,#248);
#170=LINE('',#1089,#249);
#171=LINE('',#1092,#250);
#172=LINE('',#1095,#251);
#173=LINE('',#1096,#252);
#174=LINE('',#1099,#253);
#175=LINE('',#1103,#254);
#176=LINE('',#1107,#255);
#177=LINE('',#1111,#256);
#178=LINE('',#1114,#257);
#179=LINE('',#1118,#258);
#180=LINE('',#1122,#259);
#181=LINE('',#1126,#260);
#182=LINE('',#1129,#261);
#183=LINE('',#1132,#262);
#184=LINE('',#1134,#263);
#185=LINE('',#1135,#264);
#186=LINE('',#1139,#265);
#187=LINE('',#1142,#266);
#188=LINE('',#1144,#267);
#189=LINE('',#1383,#268);
#190=LINE('',#1386,#269);
#191=LINE('',#1390,#270);
#192=LINE('',#1392,#271);
#193=LINE('',#1393,#272);
#194=LINE('',#1394,#273);
#195=LINE('',#1397,#274);
#196=LINE('',#1401,#275);
#197=LINE('',#1402,#276);
#198=LINE('',#1405,#277);
#199=LINE('',#1412,#278);
#200=LINE('',#1415,#279);
#201=LINE('',#1418,#280);
#202=LINE('',#1420,#281);
#203=LINE('',#1421,#282);
#204=LINE('',#1423,#283);
#205=LINE('',#1428,#284);
#206=LINE('',#1431,#285);
#207=LINE('',#1436,#286);
#208=LINE('',#1442,#287);
#209=LINE('',#1444,#288);
#210=LINE('',#1446,#289);
#211=LINE('',#1447,#290);
#212=LINE('',#1449,#291);
#213=LINE('',#1452,#292);
#214=LINE('',#1453,#293);
#215=LINE('',#1475,#294);
#216=LINE('',#1497,#295);
#217=LINE('',#1631,#296);
#218=LINE('',#1754,#297);
#219=LINE('',#1756,#298);
#220=LINE('',#1757,#299);
#221=LINE('',#1885,#300);
#222=LINE('',#1887,#301);
#223=LINE('',#2135,#302);
#224=LINE('',#2136,#303);
#225=LINE('',#2143,#304);
#226=LINE('',#2144,#305);
#227=LINE('',#2157,#306);
#228=LINE('',#2164,#307);
#229=LINE('',#2169,#308);
#230=LINE('',#2171,#309);
#231=VECTOR('',#854,10.);
#232=VECTOR('',#855,10.);
#233=VECTOR('',#856,10.);
#234=VECTOR('',#857,10.);
#235=VECTOR('',#860,10.);
#236=VECTOR('',#861,10.);
#237=VECTOR('',#862,10.);
#238=VECTOR('',#863,10.);
#239=VECTOR('',#864,10.);
#240=VECTOR('',#867,10.);
#241=VECTOR('',#868,10.);
#242=VECTOR('',#869,10.);
#243=VECTOR('',#870,10.);
#244=VECTOR('',#871,10.);
#245=VECTOR('',#874,10.);
#246=VECTOR('',#877,10.);
#247=VECTOR('',#880,10.);
#248=VECTOR('',#881,10.);
#249=VECTOR('',#882,10.);
#250=VECTOR('',#885,10.);
#251=VECTOR('',#888,10.);
#252=VECTOR('',#889,10.);
#253=VECTOR('',#892,10.);
#254=VECTOR('',#895,10.);
#255=VECTOR('',#898,10.);
#256=VECTOR('',#901,10.);
#257=VECTOR('',#904,10.);
#258=VECTOR('',#907,10.);
#259=VECTOR('',#910,10.);
#260=VECTOR('',#913,10.);
#261=VECTOR('',#916,10.);
#262=VECTOR('',#919,10.);
#263=VECTOR('',#920,10.);
#264=VECTOR('',#921,10.);
#265=VECTOR('',#926,10.);
#266=VECTOR('',#929,10.);
#267=VECTOR('',#930,10.);
#268=VECTOR('',#931,10.);
#269=VECTOR('',#934,10.);
#270=VECTOR('',#939,10.);
#271=VECTOR('',#940,10.);
#272=VECTOR('',#941,10.);
#273=VECTOR('',#942,10.);
#274=VECTOR('',#945,10.);
#275=VECTOR('',#950,10.);
#276=VECTOR('',#951,10.);
#277=VECTOR('',#954,10.);
#278=VECTOR('',#961,10.);
#279=VECTOR('',#964,10.);
#280=VECTOR('',#967,10.);
#281=VECTOR('',#968,10.);
#282=VECTOR('',#969,10.);
#283=VECTOR('',#972,10.);
#284=VECTOR('',#977,10.);
#285=VECTOR('',#982,10.);
#286=VECTOR('',#987,10.);
#287=VECTOR('',#994,10.);
#288=VECTOR('',#995,10.);
#289=VECTOR('',#996,10.);
#290=VECTOR('',#997,10.);
#291=VECTOR('',#1000,10.);
#292=VECTOR('',#1003,10.);
#293=VECTOR('',#1004,10.);
#294=VECTOR('',#1005,10.);
#295=VECTOR('',#1006,10.);
#296=VECTOR('',#1007,10.);
#297=VECTOR('',#1010,10.);
#298=VECTOR('',#1013,10.);
#299=VECTOR('',#1014,10.);
#300=VECTOR('',#1021,10.);
#301=VECTOR('',#1024,10.);
#302=VECTOR('',#1029,10.);
#303=VECTOR('',#1030,10.);
#304=VECTOR('',#1031,10.);
#305=VECTOR('',#1032,10.);
#306=VECTOR('',#1033,10.);
#307=VECTOR('',#1034,10.);
#308=VECTOR('',#1041,10.);
#309=VECTOR('',#1044,10.);
#310=VERTEX_POINT('',#1049);
#311=VERTEX_POINT('',#1050);
#312=VERTEX_POINT('',#1052);
#313=VERTEX_POINT('',#1054);
#314=VERTEX_POINT('',#1058);
#315=VERTEX_POINT('',#1060);
#316=VERTEX_POINT('',#1062);
#317=VERTEX_POINT('',#1064);
#318=VERTEX_POINT('',#1068);
#319=VERTEX_POINT('',#1070);
#320=VERTEX_POINT('',#1072);
#321=VERTEX_POINT('',#1074);
#322=VERTEX_POINT('',#1080);
#323=VERTEX_POINT('',#1082);
#324=VERTEX_POINT('',#1084);
#325=VERTEX_POINT('',#1086);
#326=VERTEX_POINT('',#1088);
#327=VERTEX_POINT('',#1090);
#328=VERTEX_POINT('',#1094);
#329=VERTEX_POINT('',#1098);
#330=VERTEX_POINT('',#1100);
#331=VERTEX_POINT('',#1102);
#332=VERTEX_POINT('',#1104);
#333=VERTEX_POINT('',#1106);
#334=VERTEX_POINT('',#1108);
#335=VERTEX_POINT('',#1110);
#336=VERTEX_POINT('',#1113);
#337=VERTEX_POINT('',#1115);
#338=VERTEX_POINT('',#1117);
#339=VERTEX_POINT('',#1119);
#340=VERTEX_POINT('',#1121);
#341=VERTEX_POINT('',#1123);
#342=VERTEX_POINT('',#1125);
#343=VERTEX_POINT('',#1127);
#344=VERTEX_POINT('',#1131);
#345=VERTEX_POINT('',#1133);
#346=VERTEX_POINT('',#1137);
#347=VERTEX_POINT('',#1141);
#348=VERTEX_POINT('',#1143);
#349=VERTEX_POINT('',#1145);
#350=VERTEX_POINT('',#1333);
#351=VERTEX_POINT('',#1385);
#352=VERTEX_POINT('',#1389);
#353=VERTEX_POINT('',#1391);
#354=VERTEX_POINT('',#1396);
#355=VERTEX_POINT('',#1400);
#356=VERTEX_POINT('',#1404);
#357=VERTEX_POINT('',#1408);
#358=VERTEX_POINT('',#1409);
#359=VERTEX_POINT('',#1411);
#360=VERTEX_POINT('',#1413);
#361=VERTEX_POINT('',#1417);
#362=VERTEX_POINT('',#1419);
#363=VERTEX_POINT('',#1425);
#364=VERTEX_POINT('',#1427);
#365=VERTEX_POINT('',#1433);
#366=VERTEX_POINT('',#1435);
#367=VERTEX_POINT('',#1439);
#368=VERTEX_POINT('',#1441);
#369=VERTEX_POINT('',#1443);
#370=VERTEX_POINT('',#1445);
#371=VERTEX_POINT('',#1451);
#372=VERTEX_POINT('',#1466);
#373=VERTEX_POINT('',#1474);
#374=VERTEX_POINT('',#1491);
#375=VERTEX_POINT('',#1496);
#376=VERTEX_POINT('',#1508);
#377=VERTEX_POINT('',#1630);
#378=VERTEX_POINT('',#1896);
#379=VERTEX_POINT('',#1946);
#380=VERTEX_POINT('',#2134);
#381=VERTEX_POINT('',#2167);
#382=EDGE_CURVE('',#310,#311,#152,.T.);
#383=EDGE_CURVE('',#310,#312,#153,.T.);
#384=EDGE_CURVE('',#312,#313,#154,.T.);
#385=EDGE_CURVE('',#311,#313,#155,.T.);
#386=EDGE_CURVE('',#311,#314,#156,.T.);
#387=EDGE_CURVE('',#313,#315,#157,.T.);
#388=EDGE_CURVE('',#316,#315,#158,.T.);
#389=EDGE_CURVE('',#317,#316,#159,.T.);
#390=EDGE_CURVE('',#314,#317,#160,.T.);
#391=EDGE_CURVE('',#318,#310,#161,.T.);
#392=EDGE_CURVE('',#319,#318,#162,.T.);
#393=EDGE_CURVE('',#320,#319,#163,.T.);
#394=EDGE_CURVE('',#321,#320,#164,.T.);
#395=EDGE_CURVE('',#321,#312,#165,.T.);
#396=EDGE_CURVE('',#315,#321,#166,.T.);
#397=EDGE_CURVE('',#322,#314,#167,.T.);
#398=EDGE_CURVE('',#323,#322,#46,.T.);
#399=EDGE_CURVE('',#324,#323,#168,.T.);
#400=EDGE_CURVE('',#325,#324,#169,.T.);
#401=EDGE_CURVE('',#326,#325,#170,.T.);
#402=EDGE_CURVE('',#327,#326,#47,.T.);
#403=EDGE_CURVE('',#318,#327,#171,.T.);
#404=EDGE_CURVE('',#328,#317,#172,.T.);
#405=EDGE_CURVE('',#328,#322,#173,.F.);
#406=EDGE_CURVE('',#319,#329,#174,.T.);
#407=EDGE_CURVE('',#329,#330,#48,.T.);
#408=EDGE_CURVE('',#330,#331,#175,.T.);
#409=EDGE_CURVE('',#331,#332,#49,.T.);
#410=EDGE_CURVE('',#332,#333,#176,.T.);
#411=EDGE_CURVE('',#333,#334,#50,.T.);
#412=EDGE_CURVE('',#334,#335,#177,.T.);
#413=EDGE_CURVE('',#335,#328,#51,.T.);
#414=EDGE_CURVE('',#316,#336,#178,.T.);
#415=EDGE_CURVE('',#336,#337,#52,.T.);
#416=EDGE_CURVE('',#337,#338,#179,.T.);
#417=EDGE_CURVE('',#338,#339,#53,.T.);
#418=EDGE_CURVE('',#339,#340,#180,.T.);
#419=EDGE_CURVE('',#340,#341,#54,.T.);
#420=EDGE_CURVE('',#341,#342,#181,.T.);
#421=EDGE_CURVE('',#342,#343,#55,.T.);
#422=EDGE_CURVE('',#343,#320,#182,.T.);
#423=EDGE_CURVE('',#339,#344,#183,.T.);
#424=EDGE_CURVE('',#344,#345,#184,.T.);
#425=EDGE_CURVE('',#340,#345,#185,.T.);
#426=EDGE_CURVE('',#346,#344,#56,.T.);
#427=EDGE_CURVE('',#338,#346,#186,.T.);
#428=EDGE_CURVE('',#347,#337,#187,.T.);
#429=EDGE_CURVE('',#348,#347,#188,.T.);
#430=EDGE_CURVE('',#348,#349,#24,.T.);
#431=EDGE_CURVE('',#349,#350,#25,.T.);
#432=EDGE_CURVE('',#350,#346,#189,.T.);
#433=EDGE_CURVE('',#336,#351,#190,.T.);
#434=EDGE_CURVE('',#347,#351,#57,.T.);
#435=EDGE_CURVE('',#334,#352,#191,.T.);
#436=EDGE_CURVE('',#352,#353,#192,.T.);
#437=EDGE_CURVE('',#353,#324,#193,.T.);
#438=EDGE_CURVE('',#323,#335,#194,.T.);
#439=EDGE_CURVE('',#333,#354,#195,.T.);
#440=EDGE_CURVE('',#354,#352,#58,.T.);
#441=EDGE_CURVE('',#332,#355,#196,.T.);
#442=EDGE_CURVE('',#355,#354,#197,.T.);
#443=EDGE_CURVE('',#331,#356,#198,.T.);
#444=EDGE_CURVE('',#356,#355,#59,.T.);
#445=EDGE_CURVE('',#357,#358,#60,.T.);
#446=EDGE_CURVE('',#359,#357,#199,.T.);
#447=EDGE_CURVE('',#360,#359,#61,.T.);
#448=EDGE_CURVE('',#360,#358,#200,.T.);
#449=EDGE_CURVE('',#357,#361,#201,.F.);
#450=EDGE_CURVE('',#362,#361,#202,.T.);
#451=EDGE_CURVE('',#359,#362,#203,.T.);
#452=EDGE_CURVE('',#329,#327,#204,.T.);
#453=EDGE_CURVE('',#363,#362,#62,.T.);
#454=EDGE_CURVE('',#364,#363,#205,.F.);
#455=EDGE_CURVE('',#364,#360,#22,.T.);
#456=EDGE_CURVE('',#330,#326,#206,.F.);
#457=EDGE_CURVE('',#358,#365,#23,.T.);
#458=EDGE_CURVE('',#366,#365,#207,.T.);
#459=EDGE_CURVE('',#361,#366,#63,.T.);
#460=EDGE_CURVE('',#345,#367,#64,.T.);
#461=EDGE_CURVE('',#350,#368,#208,.T.);
#462=EDGE_CURVE('',#369,#368,#209,.T.);
#463=EDGE_CURVE('',#369,#370,#210,.T.);
#464=EDGE_CURVE('',#370,#367,#211,.T.);
#465=EDGE_CURVE('',#341,#367,#212,.T.);
#466=EDGE_CURVE('',#371,#356,#213,.T.);
#467=EDGE_CURVE('',#371,#353,#214,.T.);
#468=EDGE_CURVE('',#368,#372,#26,.T.);
#469=EDGE_CURVE('',#373,#372,#215,.T.);
#470=EDGE_CURVE('',#373,#369,#27,.T.);
#471=EDGE_CURVE('',#372,#374,#28,.T.);
#472=EDGE_CURVE('',#375,#374,#216,.T.);
#473=EDGE_CURVE('',#375,#373,#29,.T.);
#474=EDGE_CURVE('',#376,#374,#30,.T.);
#475=EDGE_CURVE('',#377,#376,#217,.T.);
#476=EDGE_CURVE('',#375,#377,#31,.T.);
#477=EDGE_CURVE('',#325,#371,#218,.T.);
#478=EDGE_CURVE('',#377,#364,#219,.T.);
#479=EDGE_CURVE('',#365,#376,#220,.T.);
#480=EDGE_CURVE('',#374,#376,#32,.T.);
#481=EDGE_CURVE('',#366,#376,#221,.T.);
#482=EDGE_CURVE('',#377,#363,#222,.T.);
#483=EDGE_CURVE('',#377,#375,#33,.T.);
#484=EDGE_CURVE('',#370,#378,#34,.T.);
#485=EDGE_CURVE('',#378,#379,#35,.T.);
#486=EDGE_CURVE('',#380,#379,#223,.T.);
#487=EDGE_CURVE('',#342,#380,#224,.T.);
#488=EDGE_CURVE('',#349,#372,#225,.T.);
#489=EDGE_CURVE('',#376,#348,#226,.T.);
#490=EDGE_CURVE('',#373,#378,#227,.T.);
#491=EDGE_CURVE('',#379,#377,#228,.T.);
#492=EDGE_CURVE('',#381,#380,#65,.T.);
#493=EDGE_CURVE('',#343,#381,#229,.T.);
#494=EDGE_CURVE('',#351,#381,#230,.T.);
#495=ORIENTED_EDGE('',*,*,#382,.F.);
#496=ORIENTED_EDGE('',*,*,#383,.T.);
#497=ORIENTED_EDGE('',*,*,#384,.T.);
#498=ORIENTED_EDGE('',*,*,#385,.F.);
#499=ORIENTED_EDGE('',*,*,#386,.F.);
#500=ORIENTED_EDGE('',*,*,#385,.T.);
#501=ORIENTED_EDGE('',*,*,#387,.T.);
#502=ORIENTED_EDGE('',*,*,#388,.F.);
#503=ORIENTED_EDGE('',*,*,#389,.F.);
#504=ORIENTED_EDGE('',*,*,#390,.F.);
#505=ORIENTED_EDGE('',*,*,#391,.F.);
#506=ORIENTED_EDGE('',*,*,#392,.F.);
#507=ORIENTED_EDGE('',*,*,#393,.F.);
#508=ORIENTED_EDGE('',*,*,#394,.F.);
#509=ORIENTED_EDGE('',*,*,#395,.T.);
#510=ORIENTED_EDGE('',*,*,#383,.F.);
#511=ORIENTED_EDGE('',*,*,#396,.F.);
#512=ORIENTED_EDGE('',*,*,#387,.F.);
#513=ORIENTED_EDGE('',*,*,#384,.F.);
#514=ORIENTED_EDGE('',*,*,#395,.F.);
#515=ORIENTED_EDGE('',*,*,#391,.T.);
#516=ORIENTED_EDGE('',*,*,#382,.T.);
#517=ORIENTED_EDGE('',*,*,#386,.T.);
#518=ORIENTED_EDGE('',*,*,#397,.F.);
#519=ORIENTED_EDGE('',*,*,#398,.F.);
#520=ORIENTED_EDGE('',*,*,#399,.F.);
#521=ORIENTED_EDGE('',*,*,#400,.F.);
#522=ORIENTED_EDGE('',*,*,#401,.F.);
#523=ORIENTED_EDGE('',*,*,#402,.F.);
#524=ORIENTED_EDGE('',*,*,#403,.F.);
#525=ORIENTED_EDGE('',*,*,#390,.T.);
#526=ORIENTED_EDGE('',*,*,#404,.F.);
#527=ORIENTED_EDGE('',*,*,#405,.T.);
#528=ORIENTED_EDGE('',*,*,#397,.T.);
#529=ORIENTED_EDGE('',*,*,#393,.T.);
#530=ORIENTED_EDGE('',*,*,#406,.T.);
#531=ORIENTED_EDGE('',*,*,#407,.T.);
#532=ORIENTED_EDGE('',*,*,#408,.T.);
#533=ORIENTED_EDGE('',*,*,#409,.T.);
#534=ORIENTED_EDGE('',*,*,#410,.T.);
#535=ORIENTED_EDGE('',*,*,#411,.T.);
#536=ORIENTED_EDGE('',*,*,#412,.T.);
#537=ORIENTED_EDGE('',*,*,#413,.T.);
#538=ORIENTED_EDGE('',*,*,#404,.T.);
#539=ORIENTED_EDGE('',*,*,#389,.T.);
#540=ORIENTED_EDGE('',*,*,#414,.T.);
#541=ORIENTED_EDGE('',*,*,#415,.T.);
#542=ORIENTED_EDGE('',*,*,#416,.T.);
#543=ORIENTED_EDGE('',*,*,#417,.T.);
#544=ORIENTED_EDGE('',*,*,#418,.T.);
#545=ORIENTED_EDGE('',*,*,#419,.T.);
#546=ORIENTED_EDGE('',*,*,#420,.T.);
#547=ORIENTED_EDGE('',*,*,#421,.T.);
#548=ORIENTED_EDGE('',*,*,#422,.T.);
#549=ORIENTED_EDGE('',*,*,#418,.F.);
#550=ORIENTED_EDGE('',*,*,#423,.T.);
#551=ORIENTED_EDGE('',*,*,#424,.T.);
#552=ORIENTED_EDGE('',*,*,#425,.F.);
#553=ORIENTED_EDGE('',*,*,#426,.T.);
#554=ORIENTED_EDGE('',*,*,#423,.F.);
#555=ORIENTED_EDGE('',*,*,#417,.F.);
#556=ORIENTED_EDGE('',*,*,#427,.T.);
#557=ORIENTED_EDGE('',*,*,#416,.F.);
#558=ORIENTED_EDGE('',*,*,#428,.F.);
#559=ORIENTED_EDGE('',*,*,#429,.F.);
#560=ORIENTED_EDGE('',*,*,#430,.T.);
#561=ORIENTED_EDGE('',*,*,#431,.T.);
#562=ORIENTED_EDGE('',*,*,#432,.T.);
#563=ORIENTED_EDGE('',*,*,#427,.F.);
#564=ORIENTED_EDGE('',*,*,#415,.F.);
#565=ORIENTED_EDGE('',*,*,#433,.T.);
#566=ORIENTED_EDGE('',*,*,#434,.F.);
#567=ORIENTED_EDGE('',*,*,#428,.T.);
#568=ORIENTED_EDGE('',*,*,#412,.F.);
#569=ORIENTED_EDGE('',*,*,#435,.T.);
#570=ORIENTED_EDGE('',*,*,#436,.T.);
#571=ORIENTED_EDGE('',*,*,#437,.T.);
#572=ORIENTED_EDGE('',*,*,#399,.T.);
#573=ORIENTED_EDGE('',*,*,#438,.T.);
#574=ORIENTED_EDGE('',*,*,#411,.F.);
#575=ORIENTED_EDGE('',*,*,#439,.T.);
#576=ORIENTED_EDGE('',*,*,#440,.T.);
#577=ORIENTED_EDGE('',*,*,#435,.F.);
#578=ORIENTED_EDGE('',*,*,#410,.F.);
#579=ORIENTED_EDGE('',*,*,#441,.T.);
#580=ORIENTED_EDGE('',*,*,#442,.T.);
#581=ORIENTED_EDGE('',*,*,#439,.F.);
#582=ORIENTED_EDGE('',*,*,#409,.F.);
#583=ORIENTED_EDGE('',*,*,#443,.T.);
#584=ORIENTED_EDGE('',*,*,#444,.T.);
#585=ORIENTED_EDGE('',*,*,#441,.F.);
#586=ORIENTED_EDGE('',*,*,#445,.F.);
#587=ORIENTED_EDGE('',*,*,#446,.F.);
#588=ORIENTED_EDGE('',*,*,#447,.F.);
#589=ORIENTED_EDGE('',*,*,#448,.T.);
#590=ORIENTED_EDGE('',*,*,#446,.T.);
#591=ORIENTED_EDGE('',*,*,#449,.T.);
#592=ORIENTED_EDGE('',*,*,#450,.F.);
#593=ORIENTED_EDGE('',*,*,#451,.F.);
#594=ORIENTED_EDGE('',*,*,#392,.T.);
#595=ORIENTED_EDGE('',*,*,#403,.T.);
#596=ORIENTED_EDGE('',*,*,#452,.F.);
#597=ORIENTED_EDGE('',*,*,#406,.F.);
#598=ORIENTED_EDGE('',*,*,#447,.T.);
#599=ORIENTED_EDGE('',*,*,#451,.T.);
#600=ORIENTED_EDGE('',*,*,#453,.F.);
#601=ORIENTED_EDGE('',*,*,#454,.F.);
#602=ORIENTED_EDGE('',*,*,#455,.T.);
#603=ORIENTED_EDGE('',*,*,#407,.F.);
#604=ORIENTED_EDGE('',*,*,#452,.T.);
#605=ORIENTED_EDGE('',*,*,#402,.T.);
#606=ORIENTED_EDGE('',*,*,#456,.F.);
#607=ORIENTED_EDGE('',*,*,#445,.T.);
#608=ORIENTED_EDGE('',*,*,#457,.T.);
#609=ORIENTED_EDGE('',*,*,#458,.F.);
#610=ORIENTED_EDGE('',*,*,#459,.F.);
#611=ORIENTED_EDGE('',*,*,#449,.F.);
#612=ORIENTED_EDGE('',*,*,#460,.F.);
#613=ORIENTED_EDGE('',*,*,#424,.F.);
#614=ORIENTED_EDGE('',*,*,#426,.F.);
#615=ORIENTED_EDGE('',*,*,#432,.F.);
#616=ORIENTED_EDGE('',*,*,#461,.T.);
#617=ORIENTED_EDGE('',*,*,#462,.F.);
#618=ORIENTED_EDGE('',*,*,#463,.T.);
#619=ORIENTED_EDGE('',*,*,#464,.T.);
#620=ORIENTED_EDGE('',*,*,#419,.F.);
#621=ORIENTED_EDGE('',*,*,#425,.T.);
#622=ORIENTED_EDGE('',*,*,#460,.T.);
#623=ORIENTED_EDGE('',*,*,#465,.F.);
#624=ORIENTED_EDGE('',*,*,#436,.F.);
#625=ORIENTED_EDGE('',*,*,#440,.F.);
#626=ORIENTED_EDGE('',*,*,#442,.F.);
#627=ORIENTED_EDGE('',*,*,#444,.F.);
#628=ORIENTED_EDGE('',*,*,#466,.F.);
#629=ORIENTED_EDGE('',*,*,#467,.T.);
#630=ORIENTED_EDGE('',*,*,#468,.T.);
#631=ORIENTED_EDGE('',*,*,#469,.F.);
#632=ORIENTED_EDGE('',*,*,#470,.T.);
#633=ORIENTED_EDGE('',*,*,#462,.T.);
#634=ORIENTED_EDGE('',*,*,#471,.T.);
#635=ORIENTED_EDGE('',*,*,#472,.F.);
#636=ORIENTED_EDGE('',*,*,#473,.T.);
#637=ORIENTED_EDGE('',*,*,#469,.T.);
#638=ORIENTED_EDGE('',*,*,#474,.F.);
#639=ORIENTED_EDGE('',*,*,#475,.F.);
#640=ORIENTED_EDGE('',*,*,#476,.F.);
#641=ORIENTED_EDGE('',*,*,#472,.T.);
#642=ORIENTED_EDGE('',*,*,#437,.F.);
#643=ORIENTED_EDGE('',*,*,#467,.F.);
#644=ORIENTED_EDGE('',*,*,#477,.F.);
#645=ORIENTED_EDGE('',*,*,#400,.T.);
#646=ORIENTED_EDGE('',*,*,#457,.F.);
#647=ORIENTED_EDGE('',*,*,#448,.F.);
#648=ORIENTED_EDGE('',*,*,#455,.F.);
#649=ORIENTED_EDGE('',*,*,#478,.F.);
#650=ORIENTED_EDGE('',*,*,#475,.T.);
#651=ORIENTED_EDGE('',*,*,#479,.F.);
#652=ORIENTED_EDGE('',*,*,#413,.F.);
#653=ORIENTED_EDGE('',*,*,#438,.F.);
#654=ORIENTED_EDGE('',*,*,#398,.T.);
#655=ORIENTED_EDGE('',*,*,#405,.F.);
#656=ORIENTED_EDGE('',*,*,#474,.T.);
#657=ORIENTED_EDGE('',*,*,#480,.T.);
#658=ORIENTED_EDGE('',*,*,#479,.T.);
#659=ORIENTED_EDGE('',*,*,#481,.F.);
#660=ORIENTED_EDGE('',*,*,#458,.T.);
#661=ORIENTED_EDGE('',*,*,#478,.T.);
#662=ORIENTED_EDGE('',*,*,#454,.T.);
#663=ORIENTED_EDGE('',*,*,#482,.F.);
#664=ORIENTED_EDGE('',*,*,#476,.T.);
#665=ORIENTED_EDGE('',*,*,#483,.T.);
#666=ORIENTED_EDGE('',*,*,#465,.T.);
#667=ORIENTED_EDGE('',*,*,#464,.F.);
#668=ORIENTED_EDGE('',*,*,#484,.T.);
#669=ORIENTED_EDGE('',*,*,#485,.T.);
#670=ORIENTED_EDGE('',*,*,#486,.F.);
#671=ORIENTED_EDGE('',*,*,#487,.F.);
#672=ORIENTED_EDGE('',*,*,#420,.F.);
#673=ORIENTED_EDGE('',*,*,#488,.F.);
#674=ORIENTED_EDGE('',*,*,#430,.F.);
#675=ORIENTED_EDGE('',*,*,#489,.F.);
#676=ORIENTED_EDGE('',*,*,#480,.F.);
#677=ORIENTED_EDGE('',*,*,#471,.F.);
#678=ORIENTED_EDGE('',*,*,#461,.F.);
#679=ORIENTED_EDGE('',*,*,#431,.F.);
#680=ORIENTED_EDGE('',*,*,#488,.T.);
#681=ORIENTED_EDGE('',*,*,#468,.F.);
#682=ORIENTED_EDGE('',*,*,#470,.F.);
#683=ORIENTED_EDGE('',*,*,#490,.T.);
#684=ORIENTED_EDGE('',*,*,#484,.F.);
#685=ORIENTED_EDGE('',*,*,#463,.F.);
#686=ORIENTED_EDGE('',*,*,#483,.F.);
#687=ORIENTED_EDGE('',*,*,#491,.F.);
#688=ORIENTED_EDGE('',*,*,#485,.F.);
#689=ORIENTED_EDGE('',*,*,#490,.F.);
#690=ORIENTED_EDGE('',*,*,#473,.F.);
#691=ORIENTED_EDGE('',*,*,#408,.F.);
#692=ORIENTED_EDGE('',*,*,#456,.T.);
#693=ORIENTED_EDGE('',*,*,#401,.T.);
#694=ORIENTED_EDGE('',*,*,#477,.T.);
#695=ORIENTED_EDGE('',*,*,#466,.T.);
#696=ORIENTED_EDGE('',*,*,#443,.F.);
#697=ORIENTED_EDGE('',*,*,#421,.F.);
#698=ORIENTED_EDGE('',*,*,#487,.T.);
#699=ORIENTED_EDGE('',*,*,#492,.F.);
#700=ORIENTED_EDGE('',*,*,#493,.F.);
#701=ORIENTED_EDGE('',*,*,#394,.T.);
#702=ORIENTED_EDGE('',*,*,#422,.F.);
#703=ORIENTED_EDGE('',*,*,#493,.T.);
#704=ORIENTED_EDGE('',*,*,#494,.F.);
#705=ORIENTED_EDGE('',*,*,#433,.F.);
#706=ORIENTED_EDGE('',*,*,#414,.F.);
#707=ORIENTED_EDGE('',*,*,#388,.T.);
#708=ORIENTED_EDGE('',*,*,#396,.T.);
#709=ORIENTED_EDGE('',*,*,#491,.T.);
#710=ORIENTED_EDGE('',*,*,#482,.T.);
#711=ORIENTED_EDGE('',*,*,#453,.T.);
#712=ORIENTED_EDGE('',*,*,#450,.T.);
#713=ORIENTED_EDGE('',*,*,#459,.T.);
#714=ORIENTED_EDGE('',*,*,#481,.T.);
#715=ORIENTED_EDGE('',*,*,#489,.T.);
#716=ORIENTED_EDGE('',*,*,#429,.T.);
#717=ORIENTED_EDGE('',*,*,#434,.T.);
#718=ORIENTED_EDGE('',*,*,#494,.T.);
#719=ORIENTED_EDGE('',*,*,#492,.T.);
#720=ORIENTED_EDGE('',*,*,#486,.T.);
#721=PLANE('',#792);
#722=PLANE('',#793);
#723=PLANE('',#794);
#724=PLANE('',#795);
#725=PLANE('',#796);
#726=PLANE('',#799);
#727=PLANE('',#800);
#728=PLANE('',#809);
#729=PLANE('',#812);
#730=PLANE('',#815);
#731=PLANE('',#818);
#732=PLANE('',#821);
#733=PLANE('',#824);
#734=PLANE('',#825);
#735=PLANE('',#833);
#736=PLANE('',#836);
#737=PLANE('',#837);
#738=PLANE('',#838);
#739=PLANE('',#840);
#740=PLANE('',#841);
#741=PLANE('',#842);
#742=PLANE('',#843);
#743=PLANE('',#844);
#744=PLANE('',#845);
#745=PLANE('',#848);
#746=PLANE('',#849);
#747=ADVANCED_FACE('',(#66),#721,.F.);
#748=ADVANCED_FACE('',(#67),#722,.F.);
#749=ADVANCED_FACE('',(#68),#723,.F.);
#750=ADVANCED_FACE('',(#69),#724,.F.);
#751=ADVANCED_FACE('',(#70),#725,.T.);
#752=ADVANCED_FACE('',(#71),#726,.F.);
#753=ADVANCED_FACE('',(#72),#727,.F.);
#754=ADVANCED_FACE('',(#73),#728,.T.);
#755=ADVANCED_FACE('',(#74),#36,.T.);
#756=ADVANCED_FACE('',(#75),#729,.T.);
#757=ADVANCED_FACE('',(#76),#37,.T.);
#758=ADVANCED_FACE('',(#77),#730,.F.);
#759=ADVANCED_FACE('',(#78),#38,.F.);
#760=ADVANCED_FACE('',(#79),#731,.F.);
#761=ADVANCED_FACE('',(#80),#39,.F.);
#762=ADVANCED_FACE('',(#81),#732,.T.);
#763=ADVANCED_FACE('',(#82),#733,.F.);
#764=ADVANCED_FACE('',(#83),#734,.F.);
#765=ADVANCED_FACE('',(#84),#40,.F.);
#766=ADVANCED_FACE('',(#85),#41,.F.);
#767=ADVANCED_FACE('',(#86),#42,.F.);
#768=ADVANCED_FACE('',(#87),#735,.F.);
#769=ADVANCED_FACE('',(#88),#43,.T.);
#770=ADVANCED_FACE('',(#89),#736,.T.);
#771=ADVANCED_FACE('',(#90),#20,.T.);
#772=ADVANCED_FACE('',(#91),#21,.T.);
#773=ADVANCED_FACE('',(#92),#15,.T.);
#774=ADVANCED_FACE('',(#93),#737,.T.);
#775=ADVANCED_FACE('',(#94),#738,.T.);
#776=ADVANCED_FACE('',(#95),#44,.F.);
#777=ADVANCED_FACE('',(#96),#739,.F.);
#778=ADVANCED_FACE('',(#97),#740,.F.);
#779=ADVANCED_FACE('',(#98),#741,.F.);
#780=ADVANCED_FACE('',(#99),#742,.F.);
#781=ADVANCED_FACE('',(#100),#743,.T.);
#782=ADVANCED_FACE('',(#101),#16,.F.);
#783=ADVANCED_FACE('',(#102),#17,.F.);
#784=ADVANCED_FACE('',(#103),#18,.F.);
#785=ADVANCED_FACE('',(#104),#19,.F.);
#786=ADVANCED_FACE('',(#105),#744,.F.);
#787=ADVANCED_FACE('',(#106),#45,.T.);
#788=ADVANCED_FACE('',(#107),#745,.T.);
#789=ADVANCED_FACE('',(#108),#746,.T.);
#790=CLOSED_SHELL('',(#747,#748,#749,#750,#751,#752,#753,#754,#755,#756,
#757,#758,#759,#760,#761,#762,#763,#764,#765,#766,#767,#768,#769,#770,#771,
#772,#773,#774,#775,#776,#777,#778,#779,#780,#781,#782,#783,#784,#785,#786,
#787,#788,#789));
#791=AXIS2_PLACEMENT_3D('',#1047,#850,#851);
#792=AXIS2_PLACEMENT_3D('',#1048,#852,#853);
#793=AXIS2_PLACEMENT_3D('',#1057,#858,#859);
#794=AXIS2_PLACEMENT_3D('',#1067,#865,#866);
#795=AXIS2_PLACEMENT_3D('',#1077,#872,#873);
#796=AXIS2_PLACEMENT_3D('',#1079,#875,#876);
#797=AXIS2_PLACEMENT_3D('',#1083,#878,#879);
#798=AXIS2_PLACEMENT_3D('',#1091,#883,#884);
#799=AXIS2_PLACEMENT_3D('',#1093,#886,#887);
#800=AXIS2_PLACEMENT_3D('',#1097,#890,#891);
#801=AXIS2_PLACEMENT_3D('',#1101,#893,#894);
#802=AXIS2_PLACEMENT_3D('',#1105,#896,#897);
#803=AXIS2_PLACEMENT_3D('',#1109,#899,#900);
#804=AXIS2_PLACEMENT_3D('',#1112,#902,#903);
#805=AXIS2_PLACEMENT_3D('',#1116,#905,#906);
#806=AXIS2_PLACEMENT_3D('',#1120,#908,#909);
#807=AXIS2_PLACEMENT_3D('',#1124,#911,#912);
#808=AXIS2_PLACEMENT_3D('',#1128,#914,#915);
#809=AXIS2_PLACEMENT_3D('',#1130,#917,#918);
#810=AXIS2_PLACEMENT_3D('',#1136,#922,#923);
#811=AXIS2_PLACEMENT_3D('',#1138,#924,#925);
#812=AXIS2_PLACEMENT_3D('',#1140,#927,#928);
#813=AXIS2_PLACEMENT_3D('',#1384,#932,#933);
#814=AXIS2_PLACEMENT_3D('',#1387,#935,#936);
#815=AXIS2_PLACEMENT_3D('',#1388,#937,#938);
#816=AXIS2_PLACEMENT_3D('',#1395,#943,#944);
#817=AXIS2_PLACEMENT_3D('',#1398,#946,#947);
#818=AXIS2_PLACEMENT_3D('',#1399,#948,#949);
#819=AXIS2_PLACEMENT_3D('',#1403,#952,#953);
#820=AXIS2_PLACEMENT_3D('',#1406,#955,#956);
#821=AXIS2_PLACEMENT_3D('',#1407,#957,#958);
#822=AXIS2_PLACEMENT_3D('',#1410,#959,#960);
#823=AXIS2_PLACEMENT_3D('',#1414,#962,#963);
#824=AXIS2_PLACEMENT_3D('',#1416,#965,#966);
#825=AXIS2_PLACEMENT_3D('',#1422,#970,#971);
#826=AXIS2_PLACEMENT_3D('',#1424,#973,#974);
#827=AXIS2_PLACEMENT_3D('',#1426,#975,#976);
#828=AXIS2_PLACEMENT_3D('',#1429,#978,#979);
#829=AXIS2_PLACEMENT_3D('',#1430,#980,#981);
#830=AXIS2_PLACEMENT_3D('',#1432,#983,#984);
#831=AXIS2_PLACEMENT_3D('',#1434,#985,#986);
#832=AXIS2_PLACEMENT_3D('',#1437,#988,#989);
#833=AXIS2_PLACEMENT_3D('',#1438,#990,#991);
#834=AXIS2_PLACEMENT_3D('',#1440,#992,#993);
#835=AXIS2_PLACEMENT_3D('',#1448,#998,#999);
#836=AXIS2_PLACEMENT_3D('',#1450,#1001,#1002);
#837=AXIS2_PLACEMENT_3D('',#1753,#1008,#1009);
#838=AXIS2_PLACEMENT_3D('',#1755,#1011,#1012);
#839=AXIS2_PLACEMENT_3D('',#1758,#1015,#1016);
#840=AXIS2_PLACEMENT_3D('',#1759,#1017,#1018);
#841=AXIS2_PLACEMENT_3D('',#1884,#1019,#1020);
#842=AXIS2_PLACEMENT_3D('',#1886,#1022,#1023);
#843=AXIS2_PLACEMENT_3D('',#1888,#1025,#1026);
#844=AXIS2_PLACEMENT_3D('',#1895,#1027,#1028);
#845=AXIS2_PLACEMENT_3D('',#2165,#1035,#1036);
#846=AXIS2_PLACEMENT_3D('',#2166,#1037,#1038);
#847=AXIS2_PLACEMENT_3D('',#2168,#1039,#1040);
#848=AXIS2_PLACEMENT_3D('',#2170,#1042,#1043);
#849=AXIS2_PLACEMENT_3D('',#2172,#1045,#1046);
#850=DIRECTION('axis',(0.,0.,1.));
#851=DIRECTION('refdir',(1.,0.,0.));
#852=DIRECTION('center_axis',(0.,-1.,0.));
#853=DIRECTION('ref_axis',(1.,0.,0.));
#854=DIRECTION('',(1.,0.,0.));
#855=DIRECTION('',(0.,0.,1.));
#856=DIRECTION('',(1.,0.,0.));
#857=DIRECTION('',(0.,0.,1.));
#858=DIRECTION('center_axis',(1.,0.,0.));
#859=DIRECTION('ref_axis',(0.,1.,0.));
#860=DIRECTION('',(0.,1.,0.));
#861=DIRECTION('',(0.,1.,0.));
#862=DIRECTION('',(0.,0.,1.));
#863=DIRECTION('',(0.,1.,0.));
#864=DIRECTION('',(0.,0.,-1.));
#865=DIRECTION('center_axis',(-1.,0.,0.));
#866=DIRECTION('ref_axis',(0.,-1.,0.));
#867=DIRECTION('',(0.,-1.,0.));
#868=DIRECTION('',(0.,0.,1.));
#869=DIRECTION('',(0.,-1.,0.));
#870=DIRECTION('',(0.,0.,-1.));
#871=DIRECTION('',(0.,-1.,0.));
#872=DIRECTION('center_axis',(0.,0.,1.));
#873=DIRECTION('ref_axis',(1.,0.,0.));
#874=DIRECTION('',(-1.,0.,0.));
#875=DIRECTION('center_axis',(0.,0.,-1.));
#876=DIRECTION('ref_axis',(0.,1.,0.));
#877=DIRECTION('',(-1.,0.,0.));
#878=DIRECTION('center_axis',(0.,0.,1.));
#879=DIRECTION('ref_axis',(0.994799025193027,-0.101857250478316,0.));
#880=DIRECTION('',(0.,1.,0.));
#881=DIRECTION('',(1.,0.,0.));
#882=DIRECTION('',(0.,-1.,0.));
#883=DIRECTION('center_axis',(0.,0.,1.));
#884=DIRECTION('ref_axis',(0.,1.,0.));
#885=DIRECTION('',(-1.,0.,0.));
#886=DIRECTION('center_axis',(0.,1.,0.));
#887=DIRECTION('ref_axis',(-1.,0.,0.));
#888=DIRECTION('',(-1.,0.,0.));
#889=DIRECTION('',(0.,0.,-1.));
#890=DIRECTION('center_axis',(0.,0.,1.));
#891=DIRECTION('ref_axis',(1.,0.,0.));
#892=DIRECTION('',(-1.,0.,0.));
#893=DIRECTION('center_axis',(0.,0.,1.));
#894=DIRECTION('ref_axis',(0.,1.,0.));
#895=DIRECTION('',(0.,-1.,0.));
#896=DIRECTION('center_axis',(0.,0.,1.));
#897=DIRECTION('ref_axis',(-1.,-4.22261879591885E-15,0.));
#898=DIRECTION('',(1.,-2.6736532290443E-16,0.));
#899=DIRECTION('center_axis',(0.,0.,1.));
#900=DIRECTION('ref_axis',(-2.22044601616309E-15,-1.,0.));
#901=DIRECTION('',(0.,1.,0.));
#902=DIRECTION('center_axis',(0.,0.,1.));
#903=DIRECTION('ref_axis',(0.994799025193027,-0.101857250478316,0.));
#904=DIRECTION('',(1.,0.,0.));
#905=DIRECTION('center_axis',(0.,0.,-1.));
#906=DIRECTION('ref_axis',(0.994799025193027,-0.101857250478316,0.));
#907=DIRECTION('',(0.,-1.,0.));
#908=DIRECTION('center_axis',(0.,0.,-1.));
#909=DIRECTION('ref_axis',(-2.22044601616309E-15,-1.,0.));
#910=DIRECTION('',(-1.,2.6736532290443E-16,0.));
#911=DIRECTION('center_axis',(0.,0.,-1.));
#912=DIRECTION('ref_axis',(-1.,-4.22261879591885E-15,0.));
#913=DIRECTION('',(0.,1.,0.));
#914=DIRECTION('center_axis',(0.,0.,-1.));
#915=DIRECTION('ref_axis',(0.,1.,0.));
#916=DIRECTION('',(1.,0.,0.));
#917=DIRECTION('center_axis',(-2.6736532290443E-16,-1.,0.));
#918=DIRECTION('ref_axis',(1.,-2.6736532290443E-16,0.));
#919=DIRECTION('',(0.,0.,1.));
#920=DIRECTION('',(-1.,2.6736532290443E-16,1.44797625878853E-32));
#921=DIRECTION('',(0.,0.,1.));
#922=DIRECTION('center_axis',(0.,0.,1.));
#923=DIRECTION('ref_axis',(-2.22044601616309E-15,-1.,0.));
#924=DIRECTION('center_axis',(0.,5.41572199064168E-17,-1.));
#925=DIRECTION('ref_axis',(-2.22044601616309E-15,-1.,0.));
#926=DIRECTION('',(0.,0.,1.));
#927=DIRECTION('center_axis',(1.,0.,0.));
#928=DIRECTION('ref_axis',(0.,1.,0.));
#929=DIRECTION('',(0.,0.,-1.));
#930=DIRECTION('',(0.,1.,0.));
#931=DIRECTION('',(0.,-1.,-5.41572199064168E-17));
#932=DIRECTION('center_axis',(0.,0.,1.));
#933=DIRECTION('ref_axis',(0.994799025193027,-0.101857250478316,0.));
#934=DIRECTION('',(0.,0.,1.));
#935=DIRECTION('center_axis',(0.,0.,1.));
#936=DIRECTION('ref_axis',(0.994799025193027,-0.101857250478316,0.));
#937=DIRECTION('center_axis',(1.,0.,0.));
#938=DIRECTION('ref_axis',(0.,1.,0.));
#939=DIRECTION('',(0.,0.,1.));
#940=DIRECTION('',(0.,1.,0.));
#941=DIRECTION('',(0.,0.,1.));
#942=DIRECTION('',(0.,0.,-1.));
#943=DIRECTION('center_axis',(0.,0.,1.));
#944=DIRECTION('ref_axis',(-2.22044601616309E-15,-1.,0.));
#945=DIRECTION('',(0.,0.,1.));
#946=DIRECTION('center_axis',(0.,0.,1.));
#947=DIRECTION('ref_axis',(-2.22044601616309E-15,-1.,0.));
#948=DIRECTION('center_axis',(-2.6736532290443E-16,-1.,0.));
#949=DIRECTION('ref_axis',(1.,-2.6736532290443E-16,0.));
#950=DIRECTION('',(0.,0.,1.));
#951=DIRECTION('',(1.,-2.6736532290443E-16,0.));
#952=DIRECTION('center_axis',(0.,0.,1.));
#953=DIRECTION('ref_axis',(-1.,-4.22261879591885E-15,0.));
#954=DIRECTION('',(0.,0.,1.));
#955=DIRECTION('center_axis',(0.,0.,1.));
#956=DIRECTION('ref_axis',(-1.,-4.22261879591885E-15,0.));
#957=DIRECTION('center_axis',(0.,0.,1.));
#958=DIRECTION('ref_axis',(1.,0.,0.));
#959=DIRECTION('center_axis',(0.,0.,-1.));
#960=DIRECTION('ref_axis',(0.994799025193027,-0.101857250478316,0.));
#961=DIRECTION('',(1.,0.,0.));
#962=DIRECTION('center_axis',(0.,0.,-1.));
#963=DIRECTION('ref_axis',(0.,1.,0.));
#964=DIRECTION('',(1.,0.,0.));
#965=DIRECTION('center_axis',(0.,1.,0.));
#966=DIRECTION('ref_axis',(-1.,0.,0.));
#967=DIRECTION('',(0.,0.,-1.));
#968=DIRECTION('',(1.,0.,0.));
#969=DIRECTION('',(0.,0.,1.));
#970=DIRECTION('center_axis',(0.,1.,0.));
#971=DIRECTION('ref_axis',(-1.,0.,0.));
#972=DIRECTION('',(0.,0.,1.));
#973=DIRECTION('center_axis',(0.,0.,1.));
#974=DIRECTION('ref_axis',(0.,1.,0.));
#975=DIRECTION('center_axis',(0.,0.,-1.));
#976=DIRECTION('ref_axis',(0.,1.,0.));
#977=DIRECTION('',(0.,0.,-1.));
#978=DIRECTION('center_axis',(0.,-0.00168823231480873,-0.99999857493481));
#979=DIRECTION('ref_axis',(0.,0.99999857493481,-0.00168823231480873));
#980=DIRECTION('center_axis',(0.,0.,1.));
#981=DIRECTION('ref_axis',(0.,1.,0.));
#982=DIRECTION('',(0.,0.,-1.));
#983=DIRECTION('center_axis',(0.,0.,1.));
#984=DIRECTION('ref_axis',(0.994799025193027,-0.101857250478316,0.));
#985=DIRECTION('center_axis',(0.,-0.00168823231480873,-0.99999857493481));
#986=DIRECTION('ref_axis',(1.5960413620701E-12,-0.99999857493481,0.00168823231480873));
#987=DIRECTION('',(0.,0.,-1.));
#988=DIRECTION('center_axis',(0.,0.,-1.));
#989=DIRECTION('ref_axis',(0.994799025193027,-0.101857250478316,0.));
#990=DIRECTION('center_axis',(0.,5.41572199064168E-17,-1.));
#991=DIRECTION('ref_axis',(0.,-1.,-5.41572199064168E-17));
#992=DIRECTION('center_axis',(0.,5.41572199064168E-17,-1.));
#993=DIRECTION('ref_axis',(-1.,-4.22261879591885E-15,0.));
#994=DIRECTION('',(-1.,0.,0.));
#995=DIRECTION('',(1.,0.,0.));
#996=DIRECTION('',(-1.,0.,0.));
#997=DIRECTION('',(0.,-1.,0.));
#998=DIRECTION('center_axis',(0.,0.,1.));
#999=DIRECTION('ref_axis',(-1.,-4.22261879591885E-15,0.));
#1000=DIRECTION('',(0.,0.,1.));
#1001=DIRECTION('center_axis',(0.,0.,-1.));
#1002=DIRECTION('ref_axis',(0.,1.,0.));
#1003=DIRECTION('',(0.,-1.,0.));
#1004=DIRECTION('',(1.,0.,0.));
#1005=DIRECTION('',(1.,0.,0.));
#1006=DIRECTION('',(1.,0.,0.));
#1007=DIRECTION('',(1.,0.,0.));
#1008=DIRECTION('center_axis',(0.,1.,0.));
#1009=DIRECTION('ref_axis',(0.,0.,1.));
#1010=DIRECTION('',(0.,0.,-1.));
#1011=DIRECTION('center_axis',(0.,0.00168823231480873,0.99999857493481));
#1012=DIRECTION('ref_axis',(0.,-0.99999857493481,0.00168823231480873));
#1013=DIRECTION('',(0.,0.99999857493481,-0.00168823231480873));
#1014=DIRECTION('',(0.,-0.99999857493481,0.00168823231480873));
#1015=DIRECTION('center_axis',(0.,0.,1.));
#1016=DIRECTION('ref_axis',(0.994799025193027,-0.101857250478316,0.));
#1017=DIRECTION('center_axis',(1.,0.,0.));
#1018=DIRECTION('ref_axis',(0.,1.,0.));
#1019=DIRECTION('center_axis',(1.,0.,0.));
#1020=DIRECTION('ref_axis',(0.,1.,0.));
#1021=DIRECTION('',(0.,-1.,0.));
#1022=DIRECTION('center_axis',(-1.,0.,0.));
#1023=DIRECTION('ref_axis',(0.,-1.,0.));
#1024=DIRECTION('',(0.,1.,0.));
#1025=DIRECTION('center_axis',(-1.,0.,0.));
#1026=DIRECTION('ref_axis',(0.,-1.,0.));
#1027=DIRECTION('center_axis',(-1.,0.,0.));
#1028=DIRECTION('ref_axis',(0.,-1.,0.));
#1029=DIRECTION('',(0.,-1.,0.));
#1030=DIRECTION('',(0.,0.,1.));
#1031=DIRECTION('',(-1.,0.,0.));
#1032=DIRECTION('',(1.,0.,0.));
#1033=DIRECTION('',(-1.,0.,0.));
#1034=DIRECTION('',(1.,0.,0.));
#1035=DIRECTION('center_axis',(-1.,0.,0.));
#1036=DIRECTION('ref_axis',(0.,-1.,0.));
#1037=DIRECTION('center_axis',(0.,0.,1.));
#1038=DIRECTION('ref_axis',(0.,1.,0.));
#1039=DIRECTION('center_axis',(0.,0.,1.));
#1040=DIRECTION('ref_axis',(0.,1.,0.));
#1041=DIRECTION('',(0.,0.,1.));
#1042=DIRECTION('center_axis',(0.,1.,0.));
#1043=DIRECTION('ref_axis',(-1.,0.,0.));
#1044=DIRECTION('',(-1.,0.,0.));
#1045=DIRECTION('center_axis',(0.,0.,1.));
#1046=DIRECTION('ref_axis',(1.,0.,0.));
#1047=CARTESIAN_POINT('',(0.,0.,0.));
#1048=CARTESIAN_POINT('Origin',(-15.2672635200121,43.4255947387906,0.));
#1049=CARTESIAN_POINT('',(-15.2672635200121,43.4255947387906,12.0000001788139));
#1050=CARTESIAN_POINT('',(15.500000230968,43.4255947387906,12.0000001788139));
#1051=CARTESIAN_POINT('',(-26.409081121017,43.4255947387906,12.0000001788139));
#1052=CARTESIAN_POINT('',(-15.2672635200121,43.4255947387906,14.8));
#1053=CARTESIAN_POINT('',(-15.2672635200121,43.4255947387906,0.));
#1054=CARTESIAN_POINT('',(15.500000230968,43.4255947387906,14.8));
#1055=CARTESIAN_POINT('',(-15.2672635200121,43.4255947387906,14.8));
#1056=CARTESIAN_POINT('',(15.500000230968,43.4255947387906,0.));
#1057=CARTESIAN_POINT('Origin',(15.500000230968,43.4255947387906,0.));
#1058=CARTESIAN_POINT('',(15.500000230968,43.4607940851848,12.0000001788139));
#1059=CARTESIAN_POINT('',(15.500000230968,25.2127974215494,12.0000001788139));
#1060=CARTESIAN_POINT('',(15.500000230968,44.4607940851848,14.8));
#1061=CARTESIAN_POINT('',(15.500000230968,43.4255947387906,14.8));
#1062=CARTESIAN_POINT('',(15.500000230968,44.4607940851848,0.));
#1063=CARTESIAN_POINT('',(15.500000230968,44.4607940851848,0.));
#1064=CARTESIAN_POINT('',(15.500000230968,43.4607940851848,0.));
#1065=CARTESIAN_POINT('',(15.500000230968,22.5146033066811,0.));
#1066=CARTESIAN_POINT('',(15.500000230968,43.4607940851848,0.));
#1067=CARTESIAN_POINT('Origin',(-15.2672635200121,44.5000006631017,0.));
#1068=CARTESIAN_POINT('',(-15.2672635200121,43.4607940851848,12.0000001788139));
#1069=CARTESIAN_POINT('',(-15.2672635200121,25.7500003837049,12.0000001788139));
#1070=CARTESIAN_POINT('',(-15.2672635200121,43.4607940851848,0.));
#1071=CARTESIAN_POINT('',(-15.2672635200121,43.4607940851848,0.));
#1072=CARTESIAN_POINT('',(-15.2672635200121,44.4607940851848,0.));
#1073=CARTESIAN_POINT('',(-15.2672635200121,23.0518062688366,0.));
#1074=CARTESIAN_POINT('',(-15.2672635200121,44.4607940851848,14.8));
#1075=CARTESIAN_POINT('',(-15.2672635200121,44.4607940851848,0.));
#1076=CARTESIAN_POINT('',(-15.2672635200121,44.5000006631017,14.8));
#1077=CARTESIAN_POINT('Origin',(0.116368355477936,43.9627977009461,14.8));
#1078=CARTESIAN_POINT('',(16.6013492445431,44.4607940851848,14.8));
#1079=CARTESIAN_POINT('Origin',(-37.5508987220218,7.00000010430813,12.0000001788139));
#1080=CARTESIAN_POINT('',(33.044324193172,43.4607940851848,12.0000001788139));
#1081=CARTESIAN_POINT('',(34.705799743207,43.4607940851848,12.0000001788139));
#1082=CARTESIAN_POINT('',(36.374578371516,39.3694311803904,12.0000001788139));
#1083=CARTESIAN_POINT('Origin',(32.7157703467418,39.7923124997917,12.0000001788139));
#1084=CARTESIAN_POINT('',(36.3745783715213,7.00000010430813,12.0000001788139));
#1085=CARTESIAN_POINT('',(36.3745783715213,-15.1220657776268,12.0000001788139));
#1086=CARTESIAN_POINT('',(-36.5508987220218,7.00000010430813,12.0000001788139));
#1087=CARTESIAN_POINT('',(-37.5508987220218,7.00000010430813,12.0000001788139));
#1088=CARTESIAN_POINT('',(-36.5508987220218,40.4817472461014,12.0000001788139));
#1089=CARTESIAN_POINT('',(-36.5508987220218,23.7626333468953,12.0000001788139));
#1090=CARTESIAN_POINT('',(-33.2805144857751,43.4607940851848,12.0000001788139));
#1091=CARTESIAN_POINT('Origin',(-33.2805144857751,40.1761641046496,12.0000001788139));
#1092=CARTESIAN_POINT('',(34.705799743207,43.4607940851848,12.0000001788139));
#1093=CARTESIAN_POINT('Origin',(33.0863301336082,43.4607940851848,0.));
#1094=CARTESIAN_POINT('',(33.044324193172,43.4607940851848,0.));
#1095=CARTESIAN_POINT('',(16.5051742350371,43.4607940851848,0.));
#1096=CARTESIAN_POINT('',(33.044324193172,43.4607940851848,0.));
#1097=CARTESIAN_POINT('Origin',(-0.0759816635339217,1.60361187457158,0.));
#1098=CARTESIAN_POINT('',(-33.2805144857751,43.4607940851848,0.));
#1099=CARTESIAN_POINT('',(16.5051742350371,43.4607940851848,0.));
#1100=CARTESIAN_POINT('',(-36.5508987220218,40.4817472461014,0.));
#1101=CARTESIAN_POINT('Origin',(-33.2805144857751,40.1761641046496,0.));
#1102=CARTESIAN_POINT('',(-36.5508987220218,-37.046804522568,0.));
#1103=CARTESIAN_POINT('',(-36.5508987220218,21.0644392320271,0.));
#1104=CARTESIAN_POINT('',(-33.1002349733341,-40.2442817749752,0.));
#1105=CARTESIAN_POINT('Origin',(-33.3441329085482,-37.046804522568,0.));
#1106=CARTESIAN_POINT('',(33.3745783147313,-40.2442817749752,0.));
#1107=CARTESIAN_POINT('',(-16.5703582121943,-40.2442817749752,0.));
#1108=CARTESIAN_POINT('',(36.3745783715213,-37.2441316595618,0.));
#1109=CARTESIAN_POINT('Origin',(33.3745783147313,-37.2442817153705,0.));
#1110=CARTESIAN_POINT('',(36.374578371516,39.3694311803904,0.));
#1111=CARTESIAN_POINT('',(36.3745783715213,-17.8202598924951,0.));
#1112=CARTESIAN_POINT('Origin',(32.7157703467418,39.7923124997917,0.));
#1113=CARTESIAN_POINT('',(33.0863301336082,44.4607940851848,0.));
#1114=CARTESIAN_POINT('',(16.5051742350371,44.4607940851848,0.));
#1115=CARTESIAN_POINT('',(37.3745783715213,39.3152981844447,0.));
#1116=CARTESIAN_POINT('Origin',(32.7157703467418,39.7923124997917,0.));
#1117=CARTESIAN_POINT('',(37.3745783715213,-37.2441316595618,0.));
#1118=CARTESIAN_POINT('',(37.3745783715213,-17.8202598924951,0.));
#1119=CARTESIAN_POINT('',(33.3745783147313,-41.2442817749752,0.));
#1120=CARTESIAN_POINT('Origin',(33.3745783147313,-37.2442817153705,0.));
#1121=CARTESIAN_POINT('',(-33.0647347608546,-41.2442817749751,0.));
#1122=CARTESIAN_POINT('',(-16.5703582121943,-41.2442817749751,0.));
#1123=CARTESIAN_POINT('',(-37.5508987220218,-37.046804522568,0.));
#1124=CARTESIAN_POINT('Origin',(-33.3441329085482,-37.046804522568,0.));
#1125=CARTESIAN_POINT('',(-37.5508987220218,40.5252665894825,0.));
#1126=CARTESIAN_POINT('',(-37.5508987220218,21.0644392320271,0.));
#1127=CARTESIAN_POINT('',(-33.2805144857751,44.4607940851848,0.));
#1128=CARTESIAN_POINT('Origin',(-33.2805144857751,40.1761641046496,0.));
#1129=CARTESIAN_POINT('',(16.5051742350371,44.4607940851848,0.));
#1130=CARTESIAN_POINT('Origin',(-33.0647347608546,-41.2442817749751,0.));
#1131=CARTESIAN_POINT('',(33.3745783147313,-41.2442817749752,10.2938847721614));
#1132=CARTESIAN_POINT('',(33.3745783147313,-41.2442817749752,0.));
#1133=CARTESIAN_POINT('',(-33.0647347608546,-41.2442817749751,10.2938847721614));
#1134=CARTESIAN_POINT('',(-15.3078167414382,-41.2442817749751,10.2938847721614));
#1135=CARTESIAN_POINT('',(-33.0647347608546,-41.2442817749751,0.));
#1136=CARTESIAN_POINT('Origin',(33.3745783147313,-37.2442817153705,0.));
#1137=CARTESIAN_POINT('',(37.3745783715213,-37.2441316595618,10.2938847721614));
#1138=CARTESIAN_POINT('Origin',(33.3745783147313,-37.2442817153705,10.2938847721614));
#1139=CARTESIAN_POINT('',(37.3745783715213,-37.2441316595618,0.));
#1140=CARTESIAN_POINT('Origin',(37.3745783715213,-37.2441316595618,0.));
#1141=CARTESIAN_POINT('',(37.3745783715213,39.3152981844447,18.));
#1142=CARTESIAN_POINT('',(37.3745783715213,39.3152981844447,0.));
#1143=CARTESIAN_POINT('',(37.3745783715213,18.0000002682209,18.));
#1144=CARTESIAN_POINT('',(37.3745783715213,-37.2441316595618,18.));
#1145=CARTESIAN_POINT('',(37.3745783715213,4.00000005960464,13.0000001937151));
#1146=CARTESIAN_POINT('Ctrl Pts',(37.3745783715213,18.0000002682209,18.));
#1147=CARTESIAN_POINT('Ctrl Pts',(37.3745783715213,17.8727975631906,17.9933319103778));
#1148=CARTESIAN_POINT('Ctrl Pts',(37.3745783715213,17.7497924721809,17.9868149894743));
#1149=CARTESIAN_POINT('Ctrl Pts',(37.3745783715213,17.6305870978322,17.9804337570812));
#1150=CARTESIAN_POINT('Ctrl Pts',(37.3745783715213,17.5064613593545,17.9737891306329));
#1151=CARTESIAN_POINT('Ctrl Pts',(37.3745783715213,17.3864557244863,17.9672916344557));
#1152=CARTESIAN_POINT('Ctrl Pts',(37.3745783715213,17.2701767752856,17.9609259325965));
#1153=CARTESIAN_POINT('Ctrl Pts',(37.3745783715213,17.1465418461195,17.9541575269318));
#1154=CARTESIAN_POINT('Ctrl Pts',(37.3745783715213,17.027120088204,17.9475381204188));
#1155=CARTESIAN_POINT('Ctrl Pts',(37.3745783715213,16.9114983126345,17.9410515685951));
#1156=CARTESIAN_POINT('Ctrl Pts',(37.3745783715213,16.7910209824385,17.9342926130087));
#1157=CARTESIAN_POINT('Ctrl Pts',(37.3745783715213,16.6746697678446,17.9276779153691));
#1158=CARTESIAN_POINT('Ctrl Pts',(37.3745783715213,16.5620371782335,17.9211915089757));
#1159=CARTESIAN_POINT('Ctrl Pts',(37.3745783715213,16.4446353949743,17.9144304491425));
#1160=CARTESIAN_POINT('Ctrl Pts',(37.3745783715213,16.3312740882935,17.9078087854733));
#1161=CARTESIAN_POINT('Ctrl Pts',(37.3745783715213,16.2215513543356,17.9013107172499));
#1162=CARTESIAN_POINT('Ctrl Pts',(37.3745783715213,16.1071437739129,17.8945352001255));
#1163=CARTESIAN_POINT('Ctrl Pts',(37.3745783715213,15.9966923818116,17.8878940685636));
#1164=CARTESIAN_POINT('Ctrl Pts',(37.3745783715213,15.8898007507024,17.8813716745804));
#1165=CARTESIAN_POINT('Ctrl Pts',(37.3745783715213,15.7783065708386,17.8745684388139));
#1166=CARTESIAN_POINT('Ctrl Pts',(37.3745783715213,15.6706855734635,17.867894396459));
#1167=CARTESIAN_POINT('Ctrl Pts',(37.3745783715213,15.5665466982198,17.8613340371822));
#1168=CARTESIAN_POINT('Ctrl Pts',(37.3745783715213,15.4578854746711,17.8544887868924));
#1169=CARTESIAN_POINT('Ctrl Pts',(37.3745783715213,15.3530156386174,17.8477673181937));
#1170=CARTESIAN_POINT('Ctrl Pts',(37.3745783715213,15.2515513870779,17.8411542410233));
#1171=CARTESIAN_POINT('Ctrl Pts',(37.3745783715213,15.1456428281546,17.8342514997864));
#1172=CARTESIAN_POINT('Ctrl Pts',(37.3745783715213,15.0434449968463,17.827466864037));
#1173=CARTESIAN_POINT('Ctrl Pts',(37.3745783715213,14.9445772370201,17.8207850437296));
#1174=CARTESIAN_POINT('Ctrl Pts',(37.3745783715213,14.8413409714233,17.8138079849073));
#1175=CARTESIAN_POINT('Ctrl Pts',(37.3745783715213,14.7417358277391,17.8069430387164));
#1176=CARTESIAN_POINT('Ctrl Pts',(37.3745783715213,14.6453861841167,17.8001749912717));
#1177=CARTESIAN_POINT('Ctrl Pts',(37.3745783715213,14.5447414958137,17.7931052398967));
#1178=CARTESIAN_POINT('Ctrl Pts',(37.3745783715213,14.447649290473,17.7861412295291));
#1179=CARTESIAN_POINT('Ctrl Pts',(37.3745783715213,14.3537388645324,17.7792677940548));
#1180=CARTESIAN_POINT('Ctrl Pts',(37.3745783715213,14.2556043867029,17.7720851943124));
#1181=CARTESIAN_POINT('Ctrl Pts',(37.3745783715213,14.1609446241838,17.7650015115156));
#1182=CARTESIAN_POINT('Ctrl Pts',(37.3745783715213,14.0693936705145,17.7580015932081));
#1183=CARTESIAN_POINT('Ctrl Pts',(37.3745783715213,13.9736870283495,17.7506839340272));
#1184=CARTESIAN_POINT('Ctrl Pts',(37.3745783715213,13.8813780998032,17.7434578273135));
#1185=CARTESIAN_POINT('Ctrl Pts',(37.3745783715213,13.7921056468684,17.7363080929015));
#1186=CARTESIAN_POINT('Ctrl Pts',(37.3745783715213,13.6987430359734,17.7288307821526));
#1187=CARTESIAN_POINT('Ctrl Pts',(37.3745783715213,13.608701785494,17.7214370133323));
#1188=CARTESIAN_POINT('Ctrl Pts',(37.3745783715213,13.5216251868226,17.714111527957));
#1189=CARTESIAN_POINT('Ctrl Pts',(37.3745783715213,13.4260897300655,17.70607442497));
#1190=CARTESIAN_POINT('Ctrl Pts',(37.3745783715213,13.3341227190244,17.6981195115614));
#1191=CARTESIAN_POINT('Ctrl Pts',(37.3745783715213,13.2453193058031,17.6902290831431));
#1192=CARTESIAN_POINT('Ctrl Pts',(37.3745783715213,13.1544801312883,17.6821577717139));
#1193=CARTESIAN_POINT('Ctrl Pts',(37.3745783715213,13.0669518276642,17.6741539583611));
#1194=CARTESIAN_POINT('Ctrl Pts',(37.3745783715213,12.9823629727848,17.6662009521959));
#1195=CARTESIAN_POINT('Ctrl Pts',(37.3745783715213,12.8937881509103,17.6578731872031));
#1196=CARTESIAN_POINT('Ctrl Pts',(37.3745783715213,12.8084366397534,17.6496011442725));
#1197=CARTESIAN_POINT('Ctrl Pts',(37.3745783715213,12.7259425591928,17.6413678348174));
#1198=CARTESIAN_POINT('Ctrl Pts',(37.3745783715213,12.6395197544322,17.6327424196271));
#1199=CARTESIAN_POINT('Ctrl Pts',(37.3745783715213,12.5562333381449,17.6241595294605));
#1200=CARTESIAN_POINT('Ctrl Pts',(37.3745783715213,12.475722637862,17.6156017397641));
#1201=CARTESIAN_POINT('Ctrl Pts',(37.3745783715213,12.3913344375554,17.6066317957871));
#1202=CARTESIAN_POINT('Ctrl Pts',(37.3745783715213,12.3099960656527,17.5976894434322));
#1203=CARTESIAN_POINT('Ctrl Pts',(37.3745783715213,12.2313516714011,17.588756646086));
#1204=CARTESIAN_POINT('Ctrl Pts',(37.3745783715213,12.1488739029379,17.5793884362058));
#1205=CARTESIAN_POINT('Ctrl Pts',(37.3745783715213,12.0693594480795,17.5700307518419));
#1206=CARTESIAN_POINT('Ctrl Pts',(37.3745783715213,11.9924568198827,17.5606647175863));
#1207=CARTESIAN_POINT('Ctrl Pts',(37.3745783715213,11.9117563600302,17.5508361422939));
#1208=CARTESIAN_POINT('Ctrl Pts',(37.3745783715213,11.833932376143,17.5409983899655));
#1209=CARTESIAN_POINT('Ctrl Pts',(37.3745783715213,11.7586371864174,17.5311314510663));
#1210=CARTESIAN_POINT('Ctrl Pts',(37.3745783715213,11.6795690483768,17.52077009213));
#1211=CARTESIAN_POINT('Ctrl Pts',(37.3745783715213,11.6032897937146,17.5103765685837));
#1212=CARTESIAN_POINT('Ctrl Pts',(37.3745783715213,11.5294548449795,17.499929347241));
#1213=CARTESIAN_POINT('Ctrl Pts',(37.3745783715213,11.4518582140735,17.4889498694679));
#1214=CARTESIAN_POINT('Ctrl Pts',(37.3745783715213,11.3769616062407,17.4779111066182));
#1215=CARTESIAN_POINT('Ctrl Pts',(37.3745783715213,11.3044226448836,17.4667894808949));
#1216=CARTESIAN_POINT('Ctrl Pts',(37.3745783715213,11.2281153436012,17.4550900957791));
#1217=CARTESIAN_POINT('Ctrl Pts',(37.3745783715213,11.1544173213612,17.443299043375));
#1218=CARTESIAN_POINT('Ctrl Pts',(37.3745783715213,11.082987205339,17.4313899933442));
#1219=CARTESIAN_POINT('Ctrl Pts',(37.3745783715213,11.0057124336915,17.4185065042375));
#1220=CARTESIAN_POINT('Ctrl Pts',(37.3745783715213,10.9310919766882,17.4054849538723));
#1221=CARTESIAN_POINT('Ctrl Pts',(37.3745783715213,10.8587559265338,17.3922927646483));
#1222=CARTESIAN_POINT('Ctrl Pts',(37.3745783715213,10.7824412567607,17.3783749800573));
#1223=CARTESIAN_POINT('Ctrl Pts',(37.3745783715213,10.7086695808243,17.3642673235696));
#1224=CARTESIAN_POINT('Ctrl Pts',(37.3745783715213,10.6370690401934,17.3499316255998));
#1225=CARTESIAN_POINT('Ctrl Pts',(37.3745783715213,10.5613566036153,17.3347726531426));
#1226=CARTESIAN_POINT('Ctrl Pts',(37.3745783715213,10.4880722241485,17.319358769831));
#1227=CARTESIAN_POINT('Ctrl Pts',(37.3745783715213,10.4168380865948,17.3036439147969));
#1228=CARTESIAN_POINT('Ctrl Pts',(37.3745783715213,10.3412692100297,17.2869727795647));
#1229=CARTESIAN_POINT('Ctrl Pts',(37.3745783715213,10.2680081010703,17.2699630380453));
#1230=CARTESIAN_POINT('Ctrl Pts',(37.3745783715213,10.1966649764221,17.252557217805));
#1231=CARTESIAN_POINT('Ctrl Pts',(37.3745783715213,10.1206264648482,17.2340058483447));
#1232=CARTESIAN_POINT('Ctrl Pts',(37.3745783715213,10.0467671549272,17.2150047199619));
#1233=CARTESIAN_POINT('Ctrl Pts',(37.3745783715213,9.97467585911663,17.1954792852846));
#1234=CARTESIAN_POINT('Ctrl Pts',(37.3745783715213,9.89732518301573,17.1745293834071));
#1235=CARTESIAN_POINT('Ctrl Pts',(37.3745783715213,9.82201042795293,17.1529761701407));
#1236=CARTESIAN_POINT('Ctrl Pts',(37.3745783715213,9.7482836200073,17.1307183789133));
#1237=CARTESIAN_POINT('Ctrl Pts',(37.3745783715213,9.66853996479322,17.1066441285975));
#1238=CARTESIAN_POINT('Ctrl Pts',(37.3745783715213,9.59065473500917,17.0817461247987));
#1239=CARTESIAN_POINT('Ctrl Pts',(37.3745783715213,9.51411882753044,17.0558794095961));
#1240=CARTESIAN_POINT('Ctrl Pts',(37.3745783715213,9.42975315732842,17.0273664823194));
#1241=CARTESIAN_POINT('Ctrl Pts',(37.3745783715213,9.34702813806281,16.9976776037694));
#1242=CARTESIAN_POINT('Ctrl Pts',(37.3745783715213,9.26531467673551,16.9665858957466));
#1243=CARTESIAN_POINT('Ctrl Pts',(37.3745783715213,9.18589996500473,16.9363688545181));
#1244=CARTESIAN_POINT('Ctrl Pts',(37.3745783715213,9.10744266598773,16.9048273997135));
#1245=CARTESIAN_POINT('Ctrl Pts',(37.3745783715213,9.02938744040513,16.8717120247499));
#1246=CARTESIAN_POINT('Ctrl Pts',(37.3745783715213,8.95774090924179,16.8413155749722));
#1247=CARTESIAN_POINT('Ctrl Pts',(37.3745783715213,8.8864344211388,16.8095932045287));
#1248=CARTESIAN_POINT('Ctrl Pts',(37.3745783715213,8.81503523783151,16.7763121839363));
#1249=CARTESIAN_POINT('Ctrl Pts',(37.3745783715213,8.74945200970171,16.745742131664));
#1250=CARTESIAN_POINT('Ctrl Pts',(37.3745783715213,8.68379129172767,16.7138571212121));
#1251=CARTESIAN_POINT('Ctrl Pts',(37.3745783715213,8.61770179155051,16.6804399915839));
#1252=CARTESIAN_POINT('Ctrl Pts',(37.3745783715213,8.55640605594467,16.6494467545809));
#1253=CARTESIAN_POINT('Ctrl Pts',(37.3745783715213,8.49474194933985,16.6171357320072));
#1254=CARTESIAN_POINT('Ctrl Pts',(37.3745783715213,8.43240703579352,16.5832989304364));
#1255=CARTESIAN_POINT('Ctrl Pts',(37.3745783715213,8.37416626489471,16.5516845221358));
#1256=CARTESIAN_POINT('Ctrl Pts',(37.3745783715213,8.31534025451567,16.5187383287239));
#1257=CARTESIAN_POINT('Ctrl Pts',(37.3745783715213,8.2556567253422,16.4842572139783));
#1258=CARTESIAN_POINT('Ctrl Pts',(37.3745783715213,8.1996149647071,16.4518800672887));
#1259=CARTESIAN_POINT('Ctrl Pts',(37.3745783715213,8.14281742234595,16.4181497613521));
#1260=CARTESIAN_POINT('Ctrl Pts',(37.3745783715213,8.0850110038079,16.3828653728662));
#1261=CARTESIAN_POINT('Ctrl Pts',(37.3745783715213,8.03054666710727,16.3496209535894));
#1262=CARTESIAN_POINT('Ctrl Pts',(37.3745783715213,7.97518698447191,16.3149971236399));
#1263=CARTESIAN_POINT('Ctrl Pts',(37.3745783715213,7.91869124447866,16.2787935134798));
#1264=CARTESIAN_POINT('Ctrl Pts',(37.3745783715213,7.86533293407318,16.2446004315066));
#1265=CARTESIAN_POINT('Ctrl Pts',(37.3745783715213,7.81096146660446,16.2089983316195));
#1266=CARTESIAN_POINT('Ctrl Pts',(37.3745783715213,7.7553440849107,16.1717863163223));
#1267=CARTESIAN_POINT('Ctrl Pts',(37.3745783715213,7.70272114080501,16.1365777944283));
#1268=CARTESIAN_POINT('Ctrl Pts',(37.3745783715213,7.64898304174299,16.0999282199123));
#1269=CARTESIAN_POINT('Ctrl Pts',(37.3745783715213,7.59390198427862,16.0616354343956));
#1270=CARTESIAN_POINT('Ctrl Pts',(37.3745783715213,7.54171422240516,16.0253540907901));
#1271=CARTESIAN_POINT('Ctrl Pts',(37.3745783715213,7.48832108444562,15.9875978067344));
#1272=CARTESIAN_POINT('Ctrl Pts',(37.3745783715213,7.43349762098222,15.9481626477442));
#1273=CARTESIAN_POINT('Ctrl Pts',(37.3745783715213,7.381495934695,15.9107572261064));
#1274=CARTESIAN_POINT('Ctrl Pts',(37.3745783715213,7.32820756827464,15.8718414824937));
#1275=CARTESIAN_POINT('Ctrl Pts',(37.3745783715213,7.27340891663094,15.8312093308663));
#1276=CARTESIAN_POINT('Ctrl Pts',(37.3745783715213,7.2213822980232,15.7926325886926));
#1277=CARTESIAN_POINT('Ctrl Pts',(37.3745783715213,7.16799451959355,15.752508875125));
#1278=CARTESIAN_POINT('Ctrl Pts',(37.3745783715213,7.11302220900605,15.7106296689172));
#1279=CARTESIAN_POINT('Ctrl Pts',(37.3745783715213,7.06078873470081,15.6708369729581));
#1280=CARTESIAN_POINT('Ctrl Pts',(37.3745783715213,7.00712487394981,15.6294595290507));
#1281=CARTESIAN_POINT('Ctrl Pts',(37.3745783715213,6.95180665076046,15.5862861584324));
#1282=CARTESIAN_POINT('Ctrl Pts',(37.3745783715213,6.89920701705401,15.5452345239173));
#1283=CARTESIAN_POINT('Ctrl Pts',(37.3745783715213,6.84511181873516,15.5025593232174));
#1284=CARTESIAN_POINT('Ctrl Pts',(37.3745783715213,6.78929583361222,15.4580465392273));
#1285=CARTESIAN_POINT('Ctrl Pts',(37.3745783715213,6.73618859109183,15.4156939549377));
#1286=CARTESIAN_POINT('Ctrl Pts',(37.3745783715213,6.68152371457829,15.3716779933103));
#1287=CARTESIAN_POINT('Ctrl Pts',(37.3745783715213,6.62507423186072,15.3257816463037));
#1288=CARTESIAN_POINT('Ctrl Pts',(37.3745783715213,6.57133218930702,15.2820865880827));
#1289=CARTESIAN_POINT('Ctrl Pts',(37.3745783715213,6.51597280813042,15.2366873724161));
#1290=CARTESIAN_POINT('Ctrl Pts',(37.3745783715213,6.45876696277715,15.1893638669477));
#1291=CARTESIAN_POINT('Ctrl Pts',(37.3745783715213,6.40427441803453,15.1442849379818));
#1292=CARTESIAN_POINT('Ctrl Pts',(37.3745783715213,6.34810659779374,15.0974601093789));
#1293=CARTESIAN_POINT('Ctrl Pts',(37.3745783715213,6.29003189333958,15.0486660040491));
#1294=CARTESIAN_POINT('Ctrl Pts',(37.3745783715213,6.23468246322315,15.0021616619535));
#1295=CARTESIAN_POINT('Ctrl Pts',(37.3745783715213,6.17760110361068,14.9538687108012));
#1296=CARTESIAN_POINT('Ctrl Pts',(37.3745783715213,6.11855344694546,14.9035604168989));
#1297=CARTESIAN_POINT('Ctrl Pts',(37.3745783715213,6.06224834018983,14.8555887611408));
#1298=CARTESIAN_POINT('Ctrl Pts',(37.3745783715213,6.00415553445448,14.8057848058917));
#1299=CARTESIAN_POINT('Ctrl Pts',(37.3745783715213,5.94403766770489,14.7539183543725));
#1300=CARTESIAN_POINT('Ctrl Pts',(37.3745783715213,5.88562247903296,14.7035208816236));
#1301=CARTESIAN_POINT('Ctrl Pts',(37.3745783715213,5.82529562850062,14.6511763952916));
#1302=CARTESIAN_POINT('Ctrl Pts',(37.3745783715213,5.7628025733147,14.5966375428312));
#1303=CARTESIAN_POINT('Ctrl Pts',(37.3745783715213,5.7056548448839,14.5467636565239));
#1304=CARTESIAN_POINT('Ctrl Pts',(37.3745783715213,5.6466955693722,14.4950546731867));
#1305=CARTESIAN_POINT('Ctrl Pts',(37.3745783715213,5.58569781556241,14.4412897201528));
#1306=CARTESIAN_POINT('Ctrl Pts',(37.3745783715213,5.52724559955079,14.3897684681016));
#1307=CARTESIAN_POINT('Ctrl Pts',(37.3745783715213,5.46692167371866,14.3363594402065));
#1308=CARTESIAN_POINT('Ctrl Pts',(37.3745783715213,5.4044941555935,14.280836658131));
#1309=CARTESIAN_POINT('Ctrl Pts',(37.3745783715213,5.34465049273176,14.227611946474));
#1310=CARTESIAN_POINT('Ctrl Pts',(37.3745783715213,5.28287395151876,14.1724450143642));
#1311=CARTESIAN_POINT('Ctrl Pts',(37.3745783715213,5.21892745259922,14.1151045785114));
#1312=CARTESIAN_POINT('Ctrl Pts',(37.3745783715213,5.1576063805915,14.0601183469695));
#1313=CARTESIAN_POINT('Ctrl Pts',(37.3745783715213,5.09429006234154,14.0031336043706));
#1314=CARTESIAN_POINT('Ctrl Pts',(37.3745783715213,5.02873597516827,13.9439135548877));
#1315=CARTESIAN_POINT('Ctrl Pts',(37.3745783715213,4.9658520269366,13.8871056473027));
#1316=CARTESIAN_POINT('Ctrl Pts',(37.3745783715213,4.90090908469254,13.8282410072843));
#1317=CARTESIAN_POINT('Ctrl Pts',(37.3745783715213,4.83365893284382,13.76707710977));
#1318=CARTESIAN_POINT('Ctrl Pts',(37.3745783715213,4.77056901158941,13.7096969348305));
#1319=CARTESIAN_POINT('Ctrl Pts',(37.3745783715213,4.70544856047426,13.6502932274089));
#1320=CARTESIAN_POINT('Ctrl Pts',(37.3745783715213,4.63806047764851,13.5886341879216));
#1321=CARTESIAN_POINT('Ctrl Pts',(37.3745783715213,4.57295811735136,13.5290665487196));
#1322=CARTESIAN_POINT('Ctrl Pts',(37.3745783715213,4.50573955915126,13.4673941867678));
#1323=CARTESIAN_POINT('Ctrl Pts',(37.3745783715213,4.43615790836477,13.4033756141359));
#1324=CARTESIAN_POINT('Ctrl Pts',(37.3745783715213,4.36831659779433,13.3409582408902));
#1325=CARTESIAN_POINT('Ctrl Pts',(37.3745783715213,4.29822921081043,13.2763108335663));
#1326=CARTESIAN_POINT('Ctrl Pts',(37.3745783715213,4.22563121505913,13.2091745495529));
#1327=CARTESIAN_POINT('Ctrl Pts',(37.3745783715213,4.1569605848082,13.1456701664333));
#1328=CARTESIAN_POINT('Ctrl Pts',(37.3745783715213,4.08604373361095,13.079939004658));
#1329=CARTESIAN_POINT('Ctrl Pts',(37.3745783715213,4.01262198664177,13.0117278689653));
#1330=CARTESIAN_POINT('Ctrl Pts',(37.3745783715213,4.00842289840027,13.0078267825754));
#1331=CARTESIAN_POINT('Ctrl Pts',(37.3745783715213,4.00421560678624,13.0039175745244));
#1332=CARTESIAN_POINT('Ctrl Pts',(37.3745783715213,4.00000005960464,13.0000001937151));
#1333=CARTESIAN_POINT('',(37.3745783715213,-5.00000007450581,10.2938847721614));
#1334=CARTESIAN_POINT('Ctrl Pts',(37.3745783715213,4.00000005960464,13.0000001937151));
#1335=CARTESIAN_POINT('Ctrl Pts',(37.3745783715213,3.82938759788846,12.8845759419952));
#1336=CARTESIAN_POINT('Ctrl Pts',(37.3745783715213,3.66020239284756,12.77401248642));
#1337=CARTESIAN_POINT('Ctrl Pts',(37.3745783715213,3.49209979986043,12.6679717472118));
#1338=CARTESIAN_POINT('Ctrl Pts',(37.3745783715213,3.31459268383882,12.5559985440436));
#1339=CARTESIAN_POINT('Ctrl Pts',(37.3745783715213,3.13829288743175,12.4490682564976));
#1340=CARTESIAN_POINT('Ctrl Pts',(37.3745783715213,2.962818732707,12.3468363130148));
#1341=CARTESIAN_POINT('Ctrl Pts',(37.3745783715213,2.78108396548367,12.240956911682));
#1342=CARTESIAN_POINT('Ctrl Pts',(37.3745783715213,2.60023511575598,12.1401172493818));
#1343=CARTESIAN_POINT('Ctrl Pts',(37.3745783715213,2.41986933760635,12.0439889115204));
#1344=CARTESIAN_POINT('Ctrl Pts',(37.3745783715213,2.23330079450043,11.9445547276638));
#1345=CARTESIAN_POINT('Ctrl Pts',(37.3745783715213,2.0472494860111,11.8501616308164));
#1346=CARTESIAN_POINT('Ctrl Pts',(37.3745783715213,1.86128652969308,11.7605009075126));
#1347=CARTESIAN_POINT('Ctrl Pts',(37.3745783715213,1.669462502528,11.6680143103794));
#1348=CARTESIAN_POINT('Ctrl Pts',(37.3745783715213,1.47773292265311,11.5805632328913));
#1349=CARTESIAN_POINT('Ctrl Pts',(37.3745783715213,1.28563855791538,11.4978638418567));
#1350=CARTESIAN_POINT('Ctrl Pts',(37.3745783715213,1.08853915012239,11.413009707692));
#1351=CARTESIAN_POINT('Ctrl Pts',(37.3745783715213,0.891056220768211,11.3331582430063));
#1352=CARTESIAN_POINT('Ctrl Pts',(37.3745783715213,0.692698191794246,11.2580575486747));
#1353=CARTESIAN_POINT('Ctrl Pts',(37.3745783715213,0.490948363010959,11.1816726788447));
#1354=CARTESIAN_POINT('Ctrl Pts',(37.3745783715213,0.288293844088127,11.1102026040406));
#1355=CARTESIAN_POINT('Ctrl Pts',(37.3745783715213,0.0842134592835128,11.0434356299785));
#1356=CARTESIAN_POINT('Ctrl Pts',(37.3745783715213,-0.120230948872676,10.9765495619735));
#1357=CARTESIAN_POINT('Ctrl Pts',(37.3745783715213,-0.326105701724359,10.9143836049583));
#1358=CARTESIAN_POINT('Ctrl Pts',(37.3745783715213,-0.533947778988054,10.8567749230596));
#1359=CARTESIAN_POINT('Ctrl Pts',(37.3745783715213,-0.739051685065961,10.7999251944724));
#1360=CARTESIAN_POINT('Ctrl Pts',(37.3745783715213,-0.946070856725165,10.7475136963884));
#1361=CARTESIAN_POINT('Ctrl Pts',(37.3745783715213,-1.1555426547103,10.6994290017044));
#1362=CARTESIAN_POINT('Ctrl Pts',(37.3745783715213,-1.36042723993603,10.6523973114205));
#1363=CARTESIAN_POINT('Ctrl Pts',(37.3745783715213,-1.56765771225194,10.6095052048051));
#1364=CARTESIAN_POINT('Ctrl Pts',(37.3745783715213,-1.777765126002,10.5706884217645));
#1365=CARTESIAN_POINT('Ctrl Pts',(37.3745783715213,-1.98207205547257,10.5329432626889));
#1366=CARTESIAN_POINT('Ctrl Pts',(37.3745783715213,-2.189098843797,10.4990516804855));
#1367=CARTESIAN_POINT('Ctrl Pts',(37.3745783715213,-2.39936738734436,10.468990091977));
#1368=CARTESIAN_POINT('Ctrl Pts',(37.3745783715213,-2.60132567758232,10.4401166004191));
#1369=CARTESIAN_POINT('Ctrl Pts',(37.3745783715213,-2.80627424282067,10.4147765064699));
#1370=CARTESIAN_POINT('Ctrl Pts',(37.3745783715213,-3.01471205847266,10.3929797171261));
#1371=CARTESIAN_POINT('Ctrl Pts',(37.3745783715213,-3.21526359290468,10.3720076131204));
#1372=CARTESIAN_POINT('Ctrl Pts',(37.3745783715214,-3.41904507077769,10.3543158591971));
#1373=CARTESIAN_POINT('Ctrl Pts',(37.3745783715214,-3.62653954593432,10.3399405845639));
#1374=CARTESIAN_POINT('Ctrl Pts',(37.3745783715214,-3.82817215092402,10.3259714219174));
#1375=CARTESIAN_POINT('Ctrl Pts',(37.3745783715213,-4.03331061078144,10.3151340157441));
#1376=CARTESIAN_POINT('Ctrl Pts',(37.3745783715213,-4.24243965160156,10.3074870782204));
#1377=CARTESIAN_POINT('Ctrl Pts',(37.3745783715213,-4.44326848304379,10.3001436431768));
#1378=CARTESIAN_POINT('Ctrl Pts',(37.3745783715213,-4.64777720395542,10.2957424850188));
#1379=CARTESIAN_POINT('Ctrl Pts',(37.3745783715213,-4.85643750943418,10.2943590520699));
#1380=CARTESIAN_POINT('Ctrl Pts',(37.3745783715213,-4.90407315223251,10.2940432243056));
#1381=CARTESIAN_POINT('Ctrl Pts',(37.3745783715213,-4.95192535437127,10.2938847721614));
#1382=CARTESIAN_POINT('Ctrl Pts',(37.3745783715213,-5.0000000745058,10.2938847721614));
#1383=CARTESIAN_POINT('',(37.3745783715213,-21.1220658670338,10.2938847721614));
#1384=CARTESIAN_POINT('Origin',(32.7157703467418,39.7923124997917,0.));
#1385=CARTESIAN_POINT('',(33.0863301336082,44.4607940851848,18.));
#1386=CARTESIAN_POINT('',(33.0863301336082,44.4607940851848,0.));
#1387=CARTESIAN_POINT('Origin',(32.7157703467418,39.7923124997917,18.));
#1388=CARTESIAN_POINT('Origin',(36.3745783715213,-37.2441316595618,0.));
#1389=CARTESIAN_POINT('',(36.3745783715213,-37.2441316595618,9.00000013411045));
#1390=CARTESIAN_POINT('',(36.3745783715213,-37.2441316595618,0.));
#1391=CARTESIAN_POINT('',(36.3745783715213,7.00000010430813,9.00000013411045));
#1392=CARTESIAN_POINT('',(36.3745783715213,-37.1454680910649,9.00000013411045));
#1393=CARTESIAN_POINT('',(36.3745783715213,7.00000010430813,4.50000006705523));
#1394=CARTESIAN_POINT('',(36.374578371516,39.3694311803904,0.));
#1395=CARTESIAN_POINT('Origin',(33.3745783147313,-37.2442817153705,0.));
#1396=CARTESIAN_POINT('',(33.3745783147313,-40.2442817749752,9.00000013411045));
#1397=CARTESIAN_POINT('',(33.3745783147313,-40.2442817749752,0.));
#1398=CARTESIAN_POINT('Origin',(33.3745783147313,-37.2442817153705,9.00000013411045));
#1399=CARTESIAN_POINT('Origin',(-33.0647347608546,-40.2442817749752,0.));
#1400=CARTESIAN_POINT('',(-33.1002349733341,-40.2442817749752,9.00000013411045));
#1401=CARTESIAN_POINT('',(-33.1002349733341,-40.2442817749752,0.));
#1402=CARTESIAN_POINT('',(-35.3078167414382,-40.2442817749752,9.00000013411045));
#1403=CARTESIAN_POINT('Origin',(-33.3441329085482,-37.046804522568,0.));
#1404=CARTESIAN_POINT('',(-36.5508987220218,-37.046804522568,9.00000013411045));
#1405=CARTESIAN_POINT('',(-36.5508987220218,-37.046804522568,0.));
#1406=CARTESIAN_POINT('Origin',(-33.3441329085482,-37.046804522568,9.00000013411045));
#1407=CARTESIAN_POINT('Origin',(-36.5465398322956,40.5252665894825,17.9619720633045));
#1408=CARTESIAN_POINT('',(33.044324193172,43.4607940851848,17.9619720633045));
#1409=CARTESIAN_POINT('',(36.3252693528058,40.5252665894825,17.9619720633045));
#1410=CARTESIAN_POINT('Origin',(32.7157703467418,39.7923124997917,17.9619720633045));
#1411=CARTESIAN_POINT('',(-33.2805144857751,43.4607940851848,17.9619720633045));
#1412=CARTESIAN_POINT('',(-1.73010484934369,43.4607940851848,17.9619720633045));
#1413=CARTESIAN_POINT('',(-36.5465398322956,40.5252665894825,17.9619720633045));
#1414=CARTESIAN_POINT('Origin',(-33.2805144857751,40.1761641046496,17.9619720633045));
#1415=CARTESIAN_POINT('',(-37.5508987220218,40.5252665894825,17.9619720633045));
#1416=CARTESIAN_POINT('Origin',(33.0863301336082,43.4607940851848,0.));
#1417=CARTESIAN_POINT('',(33.044324193281,43.4607940851815,18.));
#1418=CARTESIAN_POINT('',(33.044324193172,43.4607940851848,0.));
#1419=CARTESIAN_POINT('',(-33.2805144857751,43.4607940851848,18.));
#1420=CARTESIAN_POINT('',(16.5051742350371,43.4607940851848,18.));
#1421=CARTESIAN_POINT('',(-33.2805144857751,43.4607940851848,0.));
#1422=CARTESIAN_POINT('Origin',(33.0863301336082,43.4607940851848,0.));
#1423=CARTESIAN_POINT('',(-33.2805144857751,43.4607940851848,0.));
#1424=CARTESIAN_POINT('Origin',(-33.2805144857751,40.1761641046496,0.));
#1425=CARTESIAN_POINT('',(-36.5508987220148,40.4817472463284,18.));
#1426=CARTESIAN_POINT('Origin',(-33.2805144857751,40.1761641046496,18.));
#1427=CARTESIAN_POINT('',(-36.5508987220218,40.4817472461014,17.962045534171));
#1428=CARTESIAN_POINT('',(-36.5508987220218,40.4817472461014,0.));
#1429=CARTESIAN_POINT('Origin',(-33.2805144857751,40.1761641046496,17.9625614302404));
#1430=CARTESIAN_POINT('Origin',(-33.2805144857751,40.1761641046496,0.));
#1431=CARTESIAN_POINT('',(-36.5508987220218,40.4817472461014,0.));
#1432=CARTESIAN_POINT('Origin',(32.7157703467418,39.7923124997917,0.));
#1433=CARTESIAN_POINT('',(36.374578371516,39.3694311803904,17.9639233847735));
#1434=CARTESIAN_POINT('Origin',(32.7157703467418,39.7923124997917,17.9632094618473));
#1435=CARTESIAN_POINT('',(36.374578371516,39.3694311803904,18.));
#1436=CARTESIAN_POINT('',(36.374578371516,39.3694311803904,0.));
#1437=CARTESIAN_POINT('Origin',(32.7157703467418,39.7923124997917,18.));
#1438=CARTESIAN_POINT('Origin',(2.44910127797817,-5.00000007450581,10.2938847721614));
#1439=CARTESIAN_POINT('',(-37.5508987220218,-37.046804522568,10.2938847721614));
#1440=CARTESIAN_POINT('Origin',(-33.3441329085482,-37.046804522568,10.2938847721614));
#1441=CARTESIAN_POINT('',(36.3745783715213,-5.00000007450581,10.2938847721614));
#1442=CARTESIAN_POINT('',(2.44910127797817,-5.00000007450581,10.2938847721614));
#1443=CARTESIAN_POINT('',(-36.5508987220218,-5.00000007450581,10.2938847721614));
#1444=CARTESIAN_POINT('',(-37.5508987220218,-5.00000007450581,10.2938847721614));
#1445=CARTESIAN_POINT('',(-37.5508987220218,-5.00000007450581,10.2938847721614));
#1446=CARTESIAN_POINT('',(2.44910127797817,-5.00000007450581,10.2938847721614));
#1447=CARTESIAN_POINT('',(-37.5508987220218,-37.046804522568,10.2938847721614));
#1448=CARTESIAN_POINT('Origin',(-33.3441329085482,-37.046804522568,0.));
#1449=CARTESIAN_POINT('',(-37.5508987220218,-37.046804522568,0.));
#1450=CARTESIAN_POINT('Origin',(-37.5508987220218,-37.046804522568,9.00000013411045));
#1451=CARTESIAN_POINT('',(-36.5508987220218,7.00000010430813,9.00000013411045));
#1452=CARTESIAN_POINT('',(-36.5508987220218,1.73923103345727,9.00000013411045));
#1453=CARTESIAN_POINT('',(-37.5508987220218,7.00000010430813,9.00000013411045));
#1454=CARTESIAN_POINT('Ctrl Pts',(-37.5508987220218,4.00000005960464,13.0000001937151));
#1455=CARTESIAN_POINT('Ctrl Pts',(37.2491012779782,4.00000005960464,13.0000001937151));
#1456=CARTESIAN_POINT('Ctrl Pts',(-37.5508987220218,2.68019083726297,12.1071111844983));
#1457=CARTESIAN_POINT('Ctrl Pts',(37.2491012779782,2.68019083726297,12.1071111844983));
#1458=CARTESIAN_POINT('Ctrl Pts',(-37.5508987220218,1.29494995113649,11.4032116668094));
#1459=CARTESIAN_POINT('Ctrl Pts',(37.2491012779782,1.29494995113649,11.4032116668094));
#1460=CARTESIAN_POINT('Ctrl Pts',(-37.5508987220218,-1.70539030518562,10.5010708983033));
#1461=CARTESIAN_POINT('Ctrl Pts',(37.2491012779782,-1.70539030518562,10.5010708983033));
#1462=CARTESIAN_POINT('Ctrl Pts',(-37.5508987220218,-3.25703638581209,10.2938847721614));
#1463=CARTESIAN_POINT('Ctrl Pts',(37.2491012779782,-3.25703638581209,10.2938847721614));
#1464=CARTESIAN_POINT('Ctrl Pts',(-37.5508987220218,-5.00000007450581,10.2938847721614));
#1465=CARTESIAN_POINT('Ctrl Pts',(37.2491012779782,-5.00000007450581,10.2938847721614));
#1466=CARTESIAN_POINT('',(36.3745783715213,4.00000005960464,13.0000001937151));
#1467=CARTESIAN_POINT('Ctrl Pts',(36.3745783715213,-5.00000007450581,10.2938847721614));
#1468=CARTESIAN_POINT('Ctrl Pts',(36.3745783715213,-3.25703638581209,10.2938847721614));
#1469=CARTESIAN_POINT('Ctrl Pts',(36.3745783715213,-1.70539030518562,10.5010708983033));
#1470=CARTESIAN_POINT('Ctrl Pts',(36.3745783715213,-0.239445003568008,10.9418505792754));
#1471=CARTESIAN_POINT('Ctrl Pts',(36.3745783715213,1.29494995113649,11.4032116668094));
#1472=CARTESIAN_POINT('Ctrl Pts',(36.3745783715213,2.68019083726297,12.1071111844983));
#1473=CARTESIAN_POINT('Ctrl Pts',(36.3745783715213,4.00000005960464,13.0000001937151));
#1474=CARTESIAN_POINT('',(-36.5508987220218,4.00000005960464,13.0000001937151));
#1475=CARTESIAN_POINT('',(-37.5508987220218,4.00000005960464,13.0000001937151));
#1476=CARTESIAN_POINT('Ctrl Pts',(-36.5508987220218,4.00000005960464,13.0000001937151));
#1477=CARTESIAN_POINT('Ctrl Pts',(-36.5508987220218,2.68019083726297,12.1071111844983));
#1478=CARTESIAN_POINT('Ctrl Pts',(-36.5508987220218,1.29494995113649,11.4032116668094));
#1479=CARTESIAN_POINT('Ctrl Pts',(-36.5508987220218,-0.239445003568008,
10.9418505792754));
#1480=CARTESIAN_POINT('Ctrl Pts',(-36.5508987220218,-1.70539030518562,10.5010708983033));
#1481=CARTESIAN_POINT('Ctrl Pts',(-36.5508987220218,-3.25703638581209,10.2938847721614));
#1482=CARTESIAN_POINT('Ctrl Pts',(-36.5508987220218,-5.00000007450581,10.2938847721614));
#1483=CARTESIAN_POINT('Ctrl Pts',(-37.5508987220218,7.80721763000899,16.2062664380548));
#1484=CARTESIAN_POINT('Ctrl Pts',(37.2491012779782,7.80721763000899,16.2062664380548));
#1485=CARTESIAN_POINT('Ctrl Pts',(-37.5508987220218,6.88008626529194,15.5940913912239));
#1486=CARTESIAN_POINT('Ctrl Pts',(37.2491012779782,6.88008626529194,15.5940913912239));
#1487=CARTESIAN_POINT('Ctrl Pts',(-37.5508987220218,5.75153422065447,14.6276480443314));
#1488=CARTESIAN_POINT('Ctrl Pts',(37.2491012779782,5.75153422065447,14.6276480443314));
#1489=CARTESIAN_POINT('Ctrl Pts',(-37.5508987220218,4.00000005960464,13.0000001937151));
#1490=CARTESIAN_POINT('Ctrl Pts',(37.2491012779782,4.00000005960464,13.0000001937151));
#1491=CARTESIAN_POINT('',(36.3745783715213,7.80721763000896,16.2062664380549));
#1492=CARTESIAN_POINT('Ctrl Pts',(36.3745783715213,4.00000005960465,13.0000001937151));
#1493=CARTESIAN_POINT('Ctrl Pts',(36.3745783715213,5.75153422065447,14.6276480443314));
#1494=CARTESIAN_POINT('Ctrl Pts',(36.3745783715213,6.88008626529194,15.5940913912239));
#1495=CARTESIAN_POINT('Ctrl Pts',(36.3745783715213,7.80721763000899,16.2062664380548));
#1496=CARTESIAN_POINT('',(-36.5508987220218,7.80721763000896,16.2062664380549));
#1497=CARTESIAN_POINT('',(-37.5508987220218,7.80721763000896,16.2062664380549));
#1498=CARTESIAN_POINT('Ctrl Pts',(-36.5508987220218,7.80721763000899,16.2062664380548));
#1499=CARTESIAN_POINT('Ctrl Pts',(-36.5508987220218,6.88008626529194,15.5940913912239));
#1500=CARTESIAN_POINT('Ctrl Pts',(-36.5508987220218,5.75153422065447,14.6276480443314));
#1501=CARTESIAN_POINT('Ctrl Pts',(-36.5508987220218,4.00000005960464,13.0000001937151));
#1502=CARTESIAN_POINT('Ctrl Pts',(-37.5508987220218,18.0000002682209,18.));
#1503=CARTESIAN_POINT('Ctrl Pts',(37.2491012779782,18.0000002682209,18.));
#1504=CARTESIAN_POINT('Ctrl Pts',(-37.5508987220218,9.80953861022511,17.4941373715288));
#1505=CARTESIAN_POINT('Ctrl Pts',(37.2491012779782,9.80953861022511,17.4941373715288));
#1506=CARTESIAN_POINT('Ctrl Pts',(-37.5508987220218,7.80721763000896,16.2062664380549));
#1507=CARTESIAN_POINT('Ctrl Pts',(37.2491012779782,7.80721763000896,16.2062664380549));
#1508=CARTESIAN_POINT('',(36.3745783715213,18.0000002682209,18.));
#1509=CARTESIAN_POINT('Ctrl Pts',(36.3745783715213,18.0000002682209,18.));
#1510=CARTESIAN_POINT('Ctrl Pts',(36.3745783715213,17.8700801058326,17.9919758180208));
#1511=CARTESIAN_POINT('Ctrl Pts',(36.3745783715214,17.7444741514901,17.984150600422));
#1512=CARTESIAN_POINT('Ctrl Pts',(36.3745783715214,17.6227714300759,17.9765042611799));
#1513=CARTESIAN_POINT('Ctrl Pts',(36.3745783715214,17.4960747132881,17.9685441591693));
#1514=CARTESIAN_POINT('Ctrl Pts',(36.3745783715213,17.373608385735,17.9607779292145));
#1515=CARTESIAN_POINT('Ctrl Pts',(36.3745783715213,17.25496666126,17.9531857092169));
#1516=CARTESIAN_POINT('Ctrl Pts',(36.3745783715213,17.1314171396833,17.9452794253815));
#1517=CARTESIAN_POINT('Ctrl Pts',(36.3745783715213,17.0120154374352,17.9375618578297));
#1518=CARTESIAN_POINT('Ctrl Pts',(36.3745783715213,16.896360872761,17.9300133595317));
#1519=CARTESIAN_POINT('Ctrl Pts',(36.3745783715213,16.7758829979274,17.922150055254));
#1520=CARTESIAN_POINT('Ctrl Pts',(36.3745783715213,16.6594715730523,17.9144702283643));
#1521=CARTESIAN_POINT('Ctrl Pts',(36.3745783715213,16.5467309374165,17.9069544371831));
#1522=CARTESIAN_POINT('Ctrl Pts',(36.3745783715213,16.4292497453655,17.8991226194698));
#1523=CARTESIAN_POINT('Ctrl Pts',(36.3745783715213,16.3157547845108,17.8914689345657));
#1524=CARTESIAN_POINT('Ctrl Pts',(36.3745783715213,16.2058553326481,17.8839741353458));
#1525=CARTESIAN_POINT('Ctrl Pts',(36.3745783715213,16.09129631542,17.8761615683275));
#1526=CARTESIAN_POINT('Ctrl Pts',(36.3745783715213,15.9806444092678,17.8685216578647));
#1527=CARTESIAN_POINT('Ctrl Pts',(36.3745783715213,15.8735137484115,17.8610353392474));
#1528=CARTESIAN_POINT('Ctrl Pts',(36.3745783715213,15.7618027120988,17.8532289427944));
#1529=CARTESIAN_POINT('Ctrl Pts',(36.3745783715213,15.6539207108142,17.8455895648802));
#1530=CARTESIAN_POINT('Ctrl Pts',(36.3745783715213,15.5494866530419,17.8380983093957));
#1531=CARTESIAN_POINT('Ctrl Pts',(36.3745783715213,15.4405495595382,17.8302840425121));
#1532=CARTESIAN_POINT('Ctrl Pts',(36.3745783715213,15.3353644112472,17.8226309593923));
#1533=CARTESIAN_POINT('Ctrl Pts',(36.3745783715213,15.2335548080763,17.815120316628));
#1534=CARTESIAN_POINT('Ctrl Pts',(36.3745783715213,15.1228601574435,17.8069542109667));
#1535=CARTESIAN_POINT('Ctrl Pts',(36.3745783715213,15.0161558129013,17.7989564867732));
#1536=CARTESIAN_POINT('Ctrl Pts',(36.3745783715213,14.9130224077365,17.7911061511994));
#1537=CARTESIAN_POINT('Ctrl Pts',(36.3745783715213,14.8073272093502,17.7830608163775));
#1538=CARTESIAN_POINT('Ctrl Pts',(36.3745783715214,14.7053830414617,17.7751703070172));
#1539=CARTESIAN_POINT('Ctrl Pts',(36.3745783715214,14.6067995952032,17.7674149592874));
#1540=CARTESIAN_POINT('Ctrl Pts',(36.3745783715214,14.5038634273579,17.7593171923102));
#1541=CARTESIAN_POINT('Ctrl Pts',(36.3745783715213,14.4045915911004,17.7513668002732));
#1542=CARTESIAN_POINT('Ctrl Pts',(36.3745783715213,14.3085997263453,17.7435442696937));
#1543=CARTESIAN_POINT('Ctrl Pts',(36.3745783715213,14.2083319435674,17.735373287716));
#1544=CARTESIAN_POINT('Ctrl Pts',(36.3745783715213,14.1116431381323,17.7273418263415));
#1545=CARTESIAN_POINT('Ctrl Pts',(36.3745783715213,14.0181547292031,17.7194304856959));
#1546=CARTESIAN_POINT('Ctrl Pts',(36.3745783715213,13.9204643026153,17.711163554518));
#1547=CARTESIAN_POINT('Ctrl Pts',(36.3745783715213,13.8262687208708,17.7030277993038));
#1548=CARTESIAN_POINT('Ctrl Pts',(36.3745783715213,13.7351950077452,17.6950038900949));
#1549=CARTESIAN_POINT('Ctrl Pts',(36.3745783715213,13.6399900951713,17.6866160079221));
#1550=CARTESIAN_POINT('Ctrl Pts',(36.3745783715213,13.5481969833111,17.6783503633653));
#1551=CARTESIAN_POINT('Ctrl Pts',(36.3745783715213,13.4594481178873,17.6701876438026));
#1552=CARTESIAN_POINT('Ctrl Pts',(36.3745783715213,13.3666355571131,17.6616511639065));
#1553=CARTESIAN_POINT('Ctrl Pts',(36.3745783715213,13.2771526948579,17.6532272651516));
#1554=CARTESIAN_POINT('Ctrl Pts',(36.3745783715213,13.1906372043008,17.6448965882652));
#1555=CARTESIAN_POINT('Ctrl Pts',(36.3745783715213,13.1001219074852,17.6361807653969));
#1556=CARTESIAN_POINT('Ctrl Pts',(36.3745783715213,13.0128549862762,17.6275669983763));
#1557=CARTESIAN_POINT('Ctrl Pts',(36.3745783715213,12.9284791300069,17.6190358025666));
#1558=CARTESIAN_POINT('Ctrl Pts',(36.3745783715213,12.8401633496314,17.6101062432259));
#1559=CARTESIAN_POINT('Ctrl Pts',(36.3745783715214,12.7550152185092,17.6012671618247));
#1560=CARTESIAN_POINT('Ctrl Pts',(36.3745783715214,12.6726822073835,17.5924988505256));
#1561=CARTESIAN_POINT('Ctrl Pts',(36.3745783715214,12.5864646332701,17.5833168405524));
#1562=CARTESIAN_POINT('Ctrl Pts',(36.3745783715214,12.503334371098,17.5742124521304));
#1563=CARTESIAN_POINT('Ctrl Pts',(36.3745783715214,12.4229434059168,17.5651656313678));
#1564=CARTESIAN_POINT('Ctrl Pts',(36.3745783715214,12.338718037057,17.5556873048666));
#1565=CARTESIAN_POINT('Ctrl Pts',(36.3745783715213,12.2574997937375,17.5462721851916));
#1566=CARTESIAN_POINT('Ctrl Pts',(36.3745783715213,12.178944863695,17.536899716546));
#1567=CARTESIAN_POINT('Ctrl Pts',(36.3745783715213,12.0946731379282,17.5268451711848));
#1568=CARTESIAN_POINT('Ctrl Pts',(36.3745783715213,12.013466561344,17.5168397200986));
#1569=CARTESIAN_POINT('Ctrl Pts',(36.3745783715213,11.9349613655464,17.506860605625));
#1570=CARTESIAN_POINT('Ctrl Pts',(36.3745783715213,11.8526510857018,17.4963978114547));
#1571=CARTESIAN_POINT('Ctrl Pts',(36.3745783715213,11.7733107330757,17.4859639905918));
#1572=CARTESIAN_POINT('Ctrl Pts',(36.3745783715213,11.6965817633414,17.4755354296643));
#1573=CARTESIAN_POINT('Ctrl Pts',(36.3745783715213,11.6160811365607,17.464594246771));
#1574=CARTESIAN_POINT('Ctrl Pts',(36.3745783715214,11.538455261696,17.4536588774727));
#1575=CARTESIAN_POINT('Ctrl Pts',(36.3745783715214,11.4633500777357,17.4427042798122));
#1576=CARTESIAN_POINT('Ctrl Pts',(36.3745783715214,11.3844935333516,17.4312025209311));
#1577=CARTESIAN_POINT('Ctrl Pts',(36.3745783715214,11.3084161063568,17.4196795917183));
#1578=CARTESIAN_POINT('Ctrl Pts',(36.3745783715214,11.2347672968242,17.4081086269804));
#1579=CARTESIAN_POINT('Ctrl Pts',(36.3745783715214,11.1573704319501,17.3959488052539));
#1580=CARTESIAN_POINT('Ctrl Pts',(36.3745783715214,11.0826559944165,17.3837359657348));
#1581=CARTESIAN_POINT('Ctrl Pts',(36.3745783715214,11.0102758600259,17.3714407529854));
#1582=CARTESIAN_POINT('Ctrl Pts',(36.3745783715214,10.9341282587946,17.3585055606792));
#1583=CARTESIAN_POINT('Ctrl Pts',(36.3745783715214,10.8605646242634,17.345479234674));
#1584=CARTESIAN_POINT('Ctrl Pts',(36.3745783715214,10.7892376349149,17.3323290128774));
#1585=CARTESIAN_POINT('Ctrl Pts',(36.3745783715214,10.7140923484969,17.3184748295957));
#1586=CARTESIAN_POINT('Ctrl Pts',(36.3745783715214,10.6414299199411,17.3044831787565));
#1587=CARTESIAN_POINT('Ctrl Pts',(36.3745783715214,10.5709016736266,17.2903166043616));
#1588=CARTESIAN_POINT('Ctrl Pts',(36.3745783715214,10.4943539839962,17.2749409414666));
#1589=CARTESIAN_POINT('Ctrl Pts',(36.3745783715214,10.4203204285432,17.2593592927822));
#1590=CARTESIAN_POINT('Ctrl Pts',(36.3745783715214,10.3484178847652,17.2435238016765));
#1591=CARTESIAN_POINT('Ctrl Pts',(36.3745783715214,10.2723329597377,17.2267672018368));
#1592=CARTESIAN_POINT('Ctrl Pts',(36.3745783715214,10.1986345971431,17.2097264735806));
#1593=CARTESIAN_POINT('Ctrl Pts',(36.3745783715214,10.1269314837975,17.192343552709));
#1594=CARTESIAN_POINT('Ctrl Pts',(36.3745783715214,10.050747411455,17.1738743170033));
#1595=CARTESIAN_POINT('Ctrl Pts',(36.3745783715214,9.97681621767804,17.1550189380248));
#1596=CARTESIAN_POINT('Ctrl Pts',(36.3745783715214,9.90473019632824,17.1357042221451));
#1597=CARTESIAN_POINT('Ctrl Pts',(36.3745783715214,9.82769005999324,17.1150621015678));
#1598=CARTESIAN_POINT('Ctrl Pts',(36.3745783715214,9.75275794929164,17.0938955891248));
#1599=CARTESIAN_POINT('Ctrl Pts',(36.3745783715214,9.67949671291752,17.0721081765393));
#1600=CARTESIAN_POINT('Ctrl Pts',(36.3745783715214,9.60059970541769,17.0486447224776));
#1601=CARTESIAN_POINT('Ctrl Pts',(36.3745783715214,9.52364119257407,17.0244616036661));
#1602=CARTESIAN_POINT('Ctrl Pts',(36.3745783715214,9.44813365680564,16.9994247468153));
#1603=CARTESIAN_POINT('Ctrl Pts',(36.3745783715214,9.36403008094721,16.971537607234));
#1604=CARTESIAN_POINT('Ctrl Pts',(36.3745783715214,9.281727534608,16.9425922929422));
#1605=CARTESIAN_POINT('Ctrl Pts',(36.3745783715214,9.20061020846638,16.9123755679454));
#1606=CARTESIAN_POINT('Ctrl Pts',(36.3745783715214,9.11871204423482,16.8818679757448));
#1607=CARTESIAN_POINT('Ctrl Pts',(36.3745783715214,9.03802400072972,16.8500652622678));
#1608=CARTESIAN_POINT('Ctrl Pts',(36.3745783715214,8.95794439692355,16.8167068432687));
#1609=CARTESIAN_POINT('Ctrl Pts',(36.3745783715214,8.88300882465443,16.7854912515465));
#1610=CARTESIAN_POINT('Ctrl Pts',(36.3745783715214,8.80860766000393,16.7529137664711));
#1611=CARTESIAN_POINT('Ctrl Pts',(36.3745783715214,8.73424992292913,16.7187169852782));
#1612=CARTESIAN_POINT('Ctrl Pts',(36.3745783715214,8.66582686411888,16.6872495353162));
#1613=CARTESIAN_POINT('Ctrl Pts',(36.3745783715214,8.59744152908697,16.6544111341968));
#1614=CARTESIAN_POINT('Ctrl Pts',(36.3745783715214,8.52869611157114,16.6199593387572));
#1615=CARTESIAN_POINT('Ctrl Pts',(36.3745783715214,8.46726606747843,16.5891736458426));
#1616=CARTESIAN_POINT('Ctrl Pts',(36.3745783715213,8.40554889157499,16.557099586538));
#1617=CARTESIAN_POINT('Ctrl Pts',(36.3745783715213,8.34323972043586,16.5235290023617));
#1618=CARTESIAN_POINT('Ctrl Pts',(36.3745783715213,8.28425872988682,16.4917515565728));
#1619=CARTESIAN_POINT('Ctrl Pts',(36.3745783715214,8.22474773644373,16.4586334324759));
#1620=CARTESIAN_POINT('Ctrl Pts',(36.3745783715214,8.16442233987867,16.4239630316132));
#1621=CARTESIAN_POINT('Ctrl Pts',(36.3745783715214,8.10675408590318,16.3908197520622));
#1622=CARTESIAN_POINT('Ctrl Pts',(36.3745783715214,8.04834202765984,16.3562582429181));
#1623=CARTESIAN_POINT('Ctrl Pts',(36.3745783715214,7.98890724179817,16.3200566966838));
#1624=CARTESIAN_POINT('Ctrl Pts',(36.3745783715214,7.93364894447025,16.2863990368379));
#1625=CARTESIAN_POINT('Ctrl Pts',(36.3745783715213,7.87750682663051,16.2513238567939));
#1626=CARTESIAN_POINT('Ctrl Pts',(36.3745783715213,7.82022549763079,16.2146174850316));
#1627=CARTESIAN_POINT('Ctrl Pts',(36.3745783715213,7.81589610593157,16.2118431733319));
#1628=CARTESIAN_POINT('Ctrl Pts',(36.3745783715213,7.81156018965748,16.2090595248794));
#1629=CARTESIAN_POINT('Ctrl Pts',(36.3745783715213,7.80721763000896,16.2062664380549));
#1630=CARTESIAN_POINT('',(-36.5508987220218,18.0000002682209,18.));
#1631=CARTESIAN_POINT('',(-37.5508987220218,18.0000002682209,18.));
#1632=CARTESIAN_POINT('Ctrl Pts',(-36.5508987220218,7.80721763000896,16.2062664380549));
#1633=CARTESIAN_POINT('Ctrl Pts',(-36.5508987220218,7.86617693756321,16.2441884191993));
#1634=CARTESIAN_POINT('Ctrl Pts',(-36.5508987220218,7.92391494622196,16.2803742117009));
#1635=CARTESIAN_POINT('Ctrl Pts',(-36.5508987220218,7.98070999903483,16.3150573259626));
#1636=CARTESIAN_POINT('Ctrl Pts',(-36.5508987220218,8.04110210072512,16.3519370550886));
#1637=CARTESIAN_POINT('Ctrl Pts',(-36.5508987220218,8.1004276501737,16.3871174782475));
#1638=CARTESIAN_POINT('Ctrl Pts',(-36.5508987220218,8.15897929235707,16.4208318400083));
#1639=CARTESIAN_POINT('Ctrl Pts',(-36.5508987220218,8.2215044989761,16.456834202308));
#1640=CARTESIAN_POINT('Ctrl Pts',(-36.5508987220218,8.28314676566386,16.4911645180759));
#1641=CARTESIAN_POINT('Ctrl Pts',(-36.5508987220218,8.34422240956589,16.5240583522733));
#1642=CARTESIAN_POINT('Ctrl Pts',(-36.5508987220218,8.4098447046211,16.5594009005509));
#1643=CARTESIAN_POINT('Ctrl Pts',(-36.5508987220218,8.4748123406871,16.5930849063741));
#1644=CARTESIAN_POINT('Ctrl Pts',(-36.5508987220218,8.5394806432731,16.6253522349611));
#1645=CARTESIAN_POINT('Ctrl Pts',(-36.5508987220218,8.6095353799234,16.6603072146989));
#1646=CARTESIAN_POINT('Ctrl Pts',(-36.5508987220218,8.67923808242054,16.6935994829908));
#1647=CARTESIAN_POINT('Ctrl Pts',(-36.5508987220218,8.74900893955599,16.7254830301807));
#1648=CARTESIAN_POINT('Ctrl Pts',(-36.5508987220218,8.82496734429642,16.7601941328021));
#1649=CARTESIAN_POINT('Ctrl Pts',(-36.5508987220218,8.90100527196381,16.7932353446636));
#1650=CARTESIAN_POINT('Ctrl Pts',(-36.5508987220218,8.97764525706721,16.8248770217113));
#1651=CARTESIAN_POINT('Ctrl Pts',(-36.5508987220218,9.05751600496583,16.8578525553986));
#1652=CARTESIAN_POINT('Ctrl Pts',(-36.5508987220218,9.13803875124802,16.8893074382686));
#1653=CARTESIAN_POINT('Ctrl Pts',(-36.5508987220218,9.21980960242782,16.9194954788884));
#1654=CARTESIAN_POINT('Ctrl Pts',(-36.5508987220218,9.29581320420436,16.9475543749935));
#1655=CARTESIAN_POINT('Ctrl Pts',(-36.5508987220218,9.37289382434577,16.9745178125666));
#1656=CARTESIAN_POINT('Ctrl Pts',(-36.5508987220218,9.45155611532639,17.0005586531959));
#1657=CARTESIAN_POINT('Ctrl Pts',(-36.5508987220218,9.52390891064359,17.0245107602151));
#1658=CARTESIAN_POINT('Ctrl Pts',(-36.5508987220218,9.59759916348097,17.0476817613519));
#1659=CARTESIAN_POINT('Ctrl Pts',(-36.5508987220218,9.67305474854308,17.0701894889286));
#1660=CARTESIAN_POINT('Ctrl Pts',(-36.5508987220218,9.74310822626038,17.0910858160986));
#1661=CARTESIAN_POINT('Ctrl Pts',(-36.5508987220218,9.8146828764349,17.111410131053));
#1662=CARTESIAN_POINT('Ctrl Pts',(-36.5508987220218,9.88816005155365,17.1312475399981));
#1663=CARTESIAN_POINT('Ctrl Pts',(-36.5508987220218,9.95693201976083,17.1498146345425));
#1664=CARTESIAN_POINT('Ctrl Pts',(-36.5508987220218,10.0273703080796,17.1679550047853));
#1665=CARTESIAN_POINT('Ctrl Pts',(-36.5508987220218,10.0998283913695,17.1857333589918));
#1666=CARTESIAN_POINT('Ctrl Pts',(-36.5508987220218,10.1680209488431,17.2024651214945));
#1667=CARTESIAN_POINT('Ctrl Pts',(-36.5508987220218,10.2380021944128,17.2188761226482));
#1668=CARTESIAN_POINT('Ctrl Pts',(-36.5508987220218,10.3101086228014,17.2350176537004));
#1669=CARTESIAN_POINT('Ctrl Pts',(-36.5508987220218,10.3782226033175,17.2502654472213));
#1670=CARTESIAN_POINT('Ctrl Pts',(-36.5508987220218,10.4482326681744,17.2652727089432));
#1671=CARTESIAN_POINT('Ctrl Pts',(-36.5508987220218,10.5204649840273,17.2800815361959));
#1672=CARTESIAN_POINT('Ctrl Pts',(-36.5508987220218,10.5888745035965,17.2941066265696));
#1673=CARTESIAN_POINT('Ctrl Pts',(-36.5508987220218,10.659277017979,17.3079536766791));
#1674=CARTESIAN_POINT('Ctrl Pts',(-36.5508987220218,10.7319926277187,17.3216582937792));
#1675=CARTESIAN_POINT('Ctrl Pts',(-36.5508987220218,10.8009891522195,17.3346619796852));
#1676=CARTESIAN_POINT('Ctrl Pts',(-36.5508987220218,10.8720679613006,17.347537389766));
#1677=CARTESIAN_POINT('Ctrl Pts',(-36.5508987220218,10.945545935559,17.3603154500411));
#1678=CARTESIAN_POINT('Ctrl Pts',(-36.5508987220218,11.0153648662018,17.3724571906524));
#1679=CARTESIAN_POINT('Ctrl Pts',(-36.5508987220218,11.0873497190034,17.3845110047038));
#1680=CARTESIAN_POINT('Ctrl Pts',(-36.5508987220218,11.1618161221679,17.3965043887203));
#1681=CARTESIAN_POINT('Ctrl Pts',(-36.5508987220218,11.2326534869905,17.4079132883439));
#1682=CARTESIAN_POINT('Ctrl Pts',(-36.5508987220218,11.3057361825842,17.4192674793292));
#1683=CARTESIAN_POINT('Ctrl Pts',(-36.5508987220218,11.3813799857193,17.4305919182578));
#1684=CARTESIAN_POINT('Ctrl Pts',(-36.5508987220218,11.4534033522299,17.4413743509446));
#1685=CARTESIAN_POINT('Ctrl Pts',(-36.5508987220218,11.5277482963177,17.4521297903074));
#1686=CARTESIAN_POINT('Ctrl Pts',(-36.5508987220218,11.6047317674011,17.4628812988279));
#1687=CARTESIAN_POINT('Ctrl Pts',(-36.5508987220218,11.6780876441505,17.4731261776674));
#1688=CARTESIAN_POINT('Ctrl Pts',(-36.5508987220218,11.7538390055417,17.4833674690612));
#1689=CARTESIAN_POINT('Ctrl Pts',(-36.5508987220218,11.8323047407107,17.493626818687));
#1690=CARTESIAN_POINT('Ctrl Pts',(-36.5508987220218,11.9071237624332,17.5034093626325));
#1691=CARTESIAN_POINT('Ctrl Pts',(-36.5508987220218,11.9844104827386,17.5132083088833));
#1692=CARTESIAN_POINT('Ctrl Pts',(-36.5508987220218,12.0644863187223,17.5230442444127));
#1693=CARTESIAN_POINT('Ctrl Pts',(-36.5508987220218,12.1408869828393,17.5324287484573));
#1694=CARTESIAN_POINT('Ctrl Pts',(-36.5508987220218,12.2198263836728,17.5418469093169));
#1695=CARTESIAN_POINT('Ctrl Pts',(-36.5508987220218,12.301628928064,17.5513185275002));
#1696=CARTESIAN_POINT('Ctrl Pts',(-36.5508987220218,12.3797203547019,17.5603604488979));
#1697=CARTESIAN_POINT('Ctrl Pts',(-36.5508987220218,12.460420800301,17.5694510731937));
#1698=CARTESIAN_POINT('Ctrl Pts',(-36.5508987220218,12.5440580326566,17.578609623862));
#1699=CARTESIAN_POINT('Ctrl Pts',(-36.5508987220218,12.6239420483057,17.5873571850176));
#1700=CARTESIAN_POINT('Ctrl Pts',(-36.5508987220218,12.7065049546,17.5961666995752));
#1701=CARTESIAN_POINT('Ctrl Pts',(-36.5508987220218,12.7920781859785,17.6050569768485));
#1702=CARTESIAN_POINT('Ctrl Pts',(-36.5508987220218,12.8738509273458,17.6135524179163));
#1703=CARTESIAN_POINT('Ctrl Pts',(-36.5508987220218,12.9583723079613,17.6221215944473));
#1704=CARTESIAN_POINT('Ctrl Pts',(-36.5508987220218,13.0459776868749,17.6307830295664));
#1705=CARTESIAN_POINT('Ctrl Pts',(-36.5508987220218,13.1297308571457,17.6390636015966));
#1706=CARTESIAN_POINT('Ctrl Pts',(-36.5508987220218,13.2163025343627,17.6474284844696));
#1707=CARTESIAN_POINT('Ctrl Pts',(-36.5508987220218,13.3060322252619,17.655896016669));
#1708=CARTESIAN_POINT('Ctrl Pts',(-36.5508987220218,13.3918540938641,17.6639947789461));
#1709=CARTESIAN_POINT('Ctrl Pts',(-36.5508987220218,13.4805646626372,17.6721874320505));
#1710=CARTESIAN_POINT('Ctrl Pts',(-36.5508987220218,13.5725077835645,17.6804922111904));
#1711=CARTESIAN_POINT('Ctrl Pts',(-36.5508987220218,13.6604839935602,17.688438678378));
#1712=CARTESIAN_POINT('Ctrl Pts',(-36.5508987220218,13.7514196005527,17.6964877928823));
#1713=CARTESIAN_POINT('Ctrl Pts',(-36.5508987220218,13.845662980757,17.7046577524728));
#1714=CARTESIAN_POINT('Ctrl Pts',(-36.5508987220218,13.9358772098923,17.7124784249161));
#1715=CARTESIAN_POINT('Ctrl Pts',(-36.5508987220218,14.0291221919394,17.7204098185494));
#1716=CARTESIAN_POINT('Ctrl Pts',(-36.5508987220218,14.1257509929488,17.7284701475094));
#1717=CARTESIAN_POINT('Ctrl Pts',(-36.5508987220218,14.2182855019753,17.7361889495137));
#1718=CARTESIAN_POINT('Ctrl Pts',(-36.5508987220218,14.3139229163738,17.7440259802083));
#1719=CARTESIAN_POINT('Ctrl Pts',(-36.5508987220218,14.4130211481909,17.751999514528));
#1720=CARTESIAN_POINT('Ctrl Pts',(-36.5508987220218,14.5079572414068,17.7596381593712));
#1721=CARTESIAN_POINT('Ctrl Pts',(-36.5508987220218,14.6060693120527,17.7674020705637));
#1722=CARTESIAN_POINT('Ctrl Pts',(-36.5508987220218,14.7077202679033,17.7753096209282));
#1723=CARTESIAN_POINT('Ctrl Pts',(-36.5508987220218,14.807031323124,17.7830351476028));
#1724=CARTESIAN_POINT('Ctrl Pts',(-36.5508987220218,14.9097197904898,17.7908977559203));
#1725=CARTESIAN_POINT('Ctrl Pts',(-36.5508987220218,15.0161761348492,17.798917073517));
#1726=CARTESIAN_POINT('Ctrl Pts',(-36.5508987220218,15.1141078810876,17.8062942362462));
#1727=CARTESIAN_POINT('Ctrl Pts',(-36.5508987220218,15.2152283348173,17.8138040204686));
#1728=CARTESIAN_POINT('Ctrl Pts',(-36.5508987220218,15.3198873699544,17.8214639108656));
#1729=CARTESIAN_POINT('Ctrl Pts',(-36.5508987220218,15.4205788928496,17.8288334229988));
#1730=CARTESIAN_POINT('Ctrl Pts',(-36.5508987220218,15.5245455616196,17.8363418648593));
#1731=CARTESIAN_POINT('Ctrl Pts',(-36.5508987220218,15.6321446938822,17.8440070079792));
#1732=CARTESIAN_POINT('Ctrl Pts',(-36.5508987220218,15.7356945635631,17.8513836898767));
#1733=CARTESIAN_POINT('Ctrl Pts',(-36.5508987220218,15.8426084040665,17.8589054891254));
#1734=CARTESIAN_POINT('Ctrl Pts',(-36.5508987220218,15.9532512513227,17.8665904885));
#1735=CARTESIAN_POINT('Ctrl Pts',(-36.5508987220218,16.0597602065186,17.8739883571771));
#1736=CARTESIAN_POINT('Ctrl Pts',(-36.5508987220218,16.1697244826703,17.8815374468885));
#1737=CARTESIAN_POINT('Ctrl Pts',(-36.5508987220218,16.2835171181327,17.8892561746905));
#1738=CARTESIAN_POINT('Ctrl Pts',(-36.5508987220218,16.3930883180714,17.8966885560906));
#1739=CARTESIAN_POINT('Ctrl Pts',(-36.5508987220218,16.5062088541685,17.9042782107194));
#1740=CARTESIAN_POINT('Ctrl Pts',(-36.5508987220218,16.6232600618657,17.9120439119734));
#1741=CARTESIAN_POINT('Ctrl Pts',(-36.5508987220218,16.7338136512521,17.9193785321334));
#1742=CARTESIAN_POINT('Ctrl Pts',(-36.5508987220218,16.847873557407,17.9268701925851));
#1743=CARTESIAN_POINT('Ctrl Pts',(-36.5508987220218,16.9658069889753,17.9345369284918));
#1744=CARTESIAN_POINT('Ctrl Pts',(-36.5508987220218,17.0800848028907,17.9419660163054));
#1745=CARTESIAN_POINT('Ctrl Pts',(-36.5508987220218,17.1979994497724,17.9495594806179));
#1746=CARTESIAN_POINT('Ctrl Pts',(-36.5508987220218,17.319932231481,17.9573360115507));
#1747=CARTESIAN_POINT('Ctrl Pts',(-36.5508987220218,17.4358331418639,17.9647278466429));
#1748=CARTESIAN_POINT('Ctrl Pts',(-36.5508987220218,17.5553643589311,17.972285078483));
#1749=CARTESIAN_POINT('Ctrl Pts',(-36.5508987220218,17.6788992103416,17.9800259755989));
#1750=CARTESIAN_POINT('Ctrl Pts',(-36.5508987220218,17.7830049179103,17.9865494105831));
#1751=CARTESIAN_POINT('Ctrl Pts',(-36.5508987220218,17.8899545152067,17.9932033093864));
#1752=CARTESIAN_POINT('Ctrl Pts',(-36.5508987220218,18.0000002682209,18.));
#1753=CARTESIAN_POINT('Origin',(-37.5508987220218,7.00000010430813,9.00000013411045));
#1754=CARTESIAN_POINT('',(-36.5508987220218,7.00000010430813,4.50000006705523));
#1755=CARTESIAN_POINT('Origin',(-37.5508987220218,40.5252665894825,17.9619720633045));
#1756=CARTESIAN_POINT('',(-36.5508987220218,40.5404285587132,17.9619464663416));
#1757=CARTESIAN_POINT('',(36.3745783715214,1.65584026057433,18.0275927784048));
#1758=CARTESIAN_POINT('Origin',(32.7157703467418,39.7923124997917,0.));
#1759=CARTESIAN_POINT('Origin',(36.3745783715213,-37.2441316595618,0.));
#1760=CARTESIAN_POINT('Ctrl Pts',(36.3745783715213,7.80721763000898,16.2062664380548));
#1761=CARTESIAN_POINT('Ctrl Pts',(36.3745783715213,7.86632190400356,16.2452923658548));
#1762=CARTESIAN_POINT('Ctrl Pts',(36.3745783715213,7.92406902771346,16.2825273279339));
#1763=CARTESIAN_POINT('Ctrl Pts',(36.3745783715213,7.98073622191918,16.3182078582278));
#1764=CARTESIAN_POINT('Ctrl Pts',(36.3745783715213,8.04063232613453,16.3559214735019));
#1765=CARTESIAN_POINT('Ctrl Pts',(36.3745783715213,8.09932154953108,16.3918981758903));
#1766=CARTESIAN_POINT('Ctrl Pts',(36.3745783715213,8.15708796167048,16.4263703236003));
#1767=CARTESIAN_POINT('Ctrl Pts',(36.3745783715213,8.21856091630872,16.4630543531943));
#1768=CARTESIAN_POINT('Ctrl Pts',(36.3745783715213,8.2789884528246,16.4980343050618));
#1769=CARTESIAN_POINT('Ctrl Pts',(36.3745783715213,8.33867127326238,16.5315427839678));
#1770=CARTESIAN_POINT('Ctrl Pts',(36.3745783715213,8.40248290832655,16.5673693553633));
#1771=CARTESIAN_POINT('Ctrl Pts',(36.3745783715213,8.46544277425146,16.601513584236));
#1772=CARTESIAN_POINT('Ctrl Pts',(36.3745783715213,8.52787896028514,16.6342111462265));
#1773=CARTESIAN_POINT('Ctrl Pts',(36.3745783715213,8.59508430961067,16.6694062985134));
#1774=CARTESIAN_POINT('Ctrl Pts',(36.3745783715213,8.66168233821254,16.7029251217005));
#1775=CARTESIAN_POINT('Ctrl Pts',(36.3745783715213,8.72804631609895,16.7350106765167));
#1776=CARTESIAN_POINT('Ctrl Pts',(36.3745783715213,8.80006799022799,16.7698316056837));
#1777=CARTESIAN_POINT('Ctrl Pts',(36.3745783715213,8.87181313844085,16.8029642757383));
#1778=CARTESIAN_POINT('Ctrl Pts',(36.3745783715213,8.94372978323224,16.8346649188402));
#1779=CARTESIAN_POINT('Ctrl Pts',(36.3745783715213,9.02373052815432,16.8699290092328));
#1780=CARTESIAN_POINT('Ctrl Pts',(36.3745783715213,9.10394193814895,16.9034209855906));
#1781=CARTESIAN_POINT('Ctrl Pts',(36.3745783715213,9.18496567075615,16.9354306046821));
#1782=CARTESIAN_POINT('Ctrl Pts',(36.3745783715213,9.26399429290288,16.9666520259972));
#1783=CARTESIAN_POINT('Ctrl Pts',(36.3745783715213,9.34379392070243,16.9964621147593));
#1784=CARTESIAN_POINT('Ctrl Pts',(36.3745783715213,9.42493550424802,17.0250837876194));
#1785=CARTESIAN_POINT('Ctrl Pts',(36.3745783715213,9.49972950547953,17.0514664306688));
#1786=CARTESIAN_POINT('Ctrl Pts',(36.3745783715213,9.57566271246868,17.0768384613766));
#1787=CARTESIAN_POINT('Ctrl Pts',(36.3745783715213,9.65321199397951,17.1013486498511));
#1788=CARTESIAN_POINT('Ctrl Pts',(36.3745783715213,9.72473606543948,17.1239545133459));
#1789=CARTESIAN_POINT('Ctrl Pts',(36.3745783715213,9.79763427630344,17.1458267881087));
#1790=CARTESIAN_POINT('Ctrl Pts',(36.3745783715213,9.87231738872439,17.167067973746));
#1791=CARTESIAN_POINT('Ctrl Pts',(36.3745783715213,9.94184865992379,17.1868438854786));
#1792=CARTESIAN_POINT('Ctrl Pts',(36.3745783715213,10.0129266692816,17.2060725169374));
#1793=CARTESIAN_POINT('Ctrl Pts',(36.3745783715213,10.085922535484,17.2248285074034));
#1794=CARTESIAN_POINT('Ctrl Pts',(36.3745783715213,10.1543715205119,17.2424161952739));
#1795=CARTESIAN_POINT('Ctrl Pts',(36.3745783715213,10.2245065487779,17.2595881370545));
#1796=CARTESIAN_POINT('Ctrl Pts',(36.3745783715213,10.2966747979434,17.2764012543125));
#1797=CARTESIAN_POINT('Ctrl Pts',(36.3745783715213,10.3646753777596,17.2922434250077));
#1798=CARTESIAN_POINT('Ctrl Pts',(36.3745783715213,10.4344808319282,17.3077669212115));
#1799=CARTESIAN_POINT('Ctrl Pts',(36.3745783715213,10.506423700409,17.3230168200577));
#1800=CARTESIAN_POINT('Ctrl Pts',(36.3745783715213,10.5744353945838,17.3374334186507));
#1801=CARTESIAN_POINT('Ctrl Pts',(36.3745783715213,10.6443570235681,17.3516054379108));
#1802=CARTESIAN_POINT('Ctrl Pts',(36.3745783715213,10.7165122676324,17.3655697364939));
#1803=CARTESIAN_POINT('Ctrl Pts',(36.3745783715213,10.7848834784455,17.3788017061818));
#1804=CARTESIAN_POINT('Ctrl Pts',(36.3745783715213,10.8552599133206,17.3918471245431));
#1805=CARTESIAN_POINT('Ctrl Pts',(36.3745783715213,10.9279601503875,17.4047369902613));
#1806=CARTESIAN_POINT('Ctrl Pts',(36.3745783715213,10.9969657465596,17.4169717903714));
#1807=CARTESIAN_POINT('Ctrl Pts',(36.3745783715213,11.0680647031463,17.429066412197));
#1808=CARTESIAN_POINT('Ctrl Pts',(36.3745783715213,11.1415730365554,17.4410475914978));
#1809=CARTESIAN_POINT('Ctrl Pts',(36.3745783715213,11.2114373499338,17.4524348291957));
#1810=CARTESIAN_POINT('Ctrl Pts',(36.3745783715213,11.283477835738,17.4637195663947));
#1811=CARTESIAN_POINT('Ctrl Pts',(36.3745783715213,11.3580097231665,17.4749253915657));
#1812=CARTESIAN_POINT('Ctrl Pts',(36.3745783715213,11.4289211999268,17.4855868901351));
#1813=CARTESIAN_POINT('Ctrl Pts',(36.3745783715213,11.5020876734537,17.4961769354872));
#1814=CARTESIAN_POINT('Ctrl Pts',(36.3745783715213,11.5778248607705,17.5067167675724));
#1815=CARTESIAN_POINT('Ctrl Pts',(36.3745783715213,11.6499457687893,17.5167533465276));
#1816=CARTESIAN_POINT('Ctrl Pts',(36.3745783715213,11.7243975202615,17.5267443750637));
#1817=CARTESIAN_POINT('Ctrl Pts',(36.3745783715213,11.8014972598269,17.5367093280505));
#1818=CARTESIAN_POINT('Ctrl Pts',(36.3745783715213,11.8749703507372,17.5462055455584));
#1819=CARTESIAN_POINT('Ctrl Pts',(36.3745783715213,11.950847936594,17.5556780675586));
#1820=CARTESIAN_POINT('Ctrl Pts',(36.3745783715213,12.029449299158,17.5651450371536));
#1821=CARTESIAN_POINT('Ctrl Pts',(36.3745783715213,12.1044025238411,17.5741726147423));
#1822=CARTESIAN_POINT('Ctrl Pts',(36.3745783715213,12.1818323179519,17.5831951297246));
#1823=CARTESIAN_POINT('Ctrl Pts',(36.3745783715213,12.262060648699,17.5922297198671));
#1824=CARTESIAN_POINT('Ctrl Pts',(36.3745783715213,12.3386105863133,17.6008500825911));
#1825=CARTESIAN_POINT('Ctrl Pts',(36.3745783715213,12.4177080871996,17.6094814261615));
#1826=CARTESIAN_POINT('Ctrl Pts',(36.3745783715213,12.4996782378284,17.6181401320136));
#1827=CARTESIAN_POINT('Ctrl Pts',(36.3745783715213,12.5779326491094,17.6264063353049));
#1828=CARTESIAN_POINT('Ctrl Pts',(36.3745783715213,12.65880494109,17.6346974648662));
#1829=CARTESIAN_POINT('Ctrl Pts',(36.3745783715213,12.7426236709911,17.6430293378874));
#1830=CARTESIAN_POINT('Ctrl Pts',(36.3745783715213,12.8226834396851,17.6509875571023));
#1831=CARTESIAN_POINT('Ctrl Pts',(36.3745783715213,12.9054310635084,17.6589829364162));
#1832=CARTESIAN_POINT('Ctrl Pts',(36.3745783715213,12.9911988622097,17.6670308784889));
#1833=CARTESIAN_POINT('Ctrl Pts',(36.3745783715213,13.0731594990986,17.6747215790538));
#1834=CARTESIAN_POINT('Ctrl Pts',(36.3745783715213,13.1578779009266,17.6824602690589));
#1835=CARTESIAN_POINT('Ctrl Pts',(36.3745783715213,13.245690398183,17.6902620544632));
#1836=CARTESIAN_POINT('Ctrl Pts',(36.3745783715213,13.3296432260587,17.6977209238455));
#1837=CARTESIAN_POINT('Ctrl Pts',(36.3745783715213,13.4164238992619,17.7052374538748));
#1838=CARTESIAN_POINT('Ctrl Pts',(36.3745783715213,13.5063729753662,17.7128265474136));
#1839=CARTESIAN_POINT('Ctrl Pts',(36.3745783715213,13.5924060771341,17.7200852462801));
#1840=CARTESIAN_POINT('Ctrl Pts',(36.3745783715213,13.681337476284,17.7274103181472));
#1841=CARTESIAN_POINT('Ctrl Pts',(36.3745783715213,13.7735121505343,17.7348165378244));
#1842=CARTESIAN_POINT('Ctrl Pts',(36.3745783715213,13.8617111387073,17.7419033117895));
#1843=CARTESIAN_POINT('Ctrl Pts',(36.3745783715213,13.9528794219856,17.7490643746902));
#1844=CARTESIAN_POINT('Ctrl Pts',(36.3745783715213,14.0473665743885,17.7563144339999));
#1845=CARTESIAN_POINT('Ctrl Pts',(36.3745783715213,14.1378152240472,17.763254616425));
#1846=CARTESIAN_POINT('Ctrl Pts',(36.3745783715213,14.2313048646242,17.7702763406336));
#1847=CARTESIAN_POINT('Ctrl Pts',(36.3745783715213,14.3281898304874,17.7773942963493));
#1848=CARTESIAN_POINT('Ctrl Pts',(36.3745783715213,14.4209706066317,17.7842107249869));
#1849=CARTESIAN_POINT('Ctrl Pts',(36.3745783715213,14.5168649027877,17.7911153953282));
#1850=CARTESIAN_POINT('Ctrl Pts',(36.3745783715213,14.6162319692593,17.7981230202361));
#1851=CARTESIAN_POINT('Ctrl Pts',(36.3745783715213,14.7114264716048,17.80483638503));
#1852=CARTESIAN_POINT('Ctrl Pts',(36.3745783715213,14.8098079777676,17.8116442300971));
#1853=CARTESIAN_POINT('Ctrl Pts',(36.3745783715213,14.9117408039216,17.8185613254971));
#1854=CARTESIAN_POINT('Ctrl Pts',(36.3745783715213,15.0072693458795,17.8250438303298));
#1855=CARTESIAN_POINT('Ctrl Pts',(36.3745783715213,15.1059169362012,17.8316222867595));
#1856=CARTESIAN_POINT('Ctrl Pts',(36.3745783715213,15.2080285718178,17.8383105656765));
#1857=CARTESIAN_POINT('Ctrl Pts',(36.3745783715213,15.3062381612732,17.8447432618392));
#1858=CARTESIAN_POINT('Ctrl Pts',(36.3745783715213,15.407651875407,17.8512775383524));
#1859=CARTESIAN_POINT('Ctrl Pts',(36.3745783715213,15.5126220186566,17.8579274628724));
#1860=CARTESIAN_POINT('Ctrl Pts',(36.3745783715213,15.6136104435648,17.8643251430339));
#1861=CARTESIAN_POINT('Ctrl Pts',(36.3745783715213,15.7178903741355,17.8708298548818));
#1862=CARTESIAN_POINT('Ctrl Pts',(36.3745783715213,15.8258216946674,17.8774558861303));
#1863=CARTESIAN_POINT('Ctrl Pts',(36.3745783715213,15.9296887279852,17.8838324059862));
#1864=CARTESIAN_POINT('Ctrl Pts',(36.3745783715213,16.0369370932976,17.8903212710557));
#1865=CARTESIAN_POINT('Ctrl Pts',(36.3745783715213,16.1479345360177,17.8969370106229));
#1866=CARTESIAN_POINT('Ctrl Pts',(36.3745783715213,16.2547822002333,17.9033054124752));
#1867=CARTESIAN_POINT('Ctrl Pts',(36.3745783715213,16.3651036093377,17.9097913699355));
#1868=CARTESIAN_POINT('Ctrl Pts',(36.3745783715213,16.4792746611325,17.9164096740133));
#1869=CARTESIAN_POINT('Ctrl Pts',(36.3745783715213,16.5894277938691,17.9227950660731));
#1870=CARTESIAN_POINT('Ctrl Pts',(36.3745783715213,16.7031641147729,17.929303643165));
#1871=CARTESIAN_POINT('Ctrl Pts',(36.3745783715213,16.8208703452062,17.9359505700125));
#1872=CARTESIAN_POINT('Ctrl Pts',(36.3745783715213,16.9321037611332,17.9422319739445));
#1873=CARTESIAN_POINT('Ctrl Pts',(36.3745783715213,17.0468823857317,17.9486369265931));
#1874=CARTESIAN_POINT('Ctrl Pts',(36.3745783715213,17.1655794672273,17.955180022329));
#1875=CARTESIAN_POINT('Ctrl Pts',(36.3745783715213,17.2805883106313,17.9615198064533));
#1876=CARTESIAN_POINT('Ctrl Pts',(36.3745783715213,17.3992755954202,17.9679892710956));
#1877=CARTESIAN_POINT('Ctrl Pts',(36.3745783715213,17.5220290696739,17.9746035409823));
#1878=CARTESIAN_POINT('Ctrl Pts',(36.3745783715213,17.6393713387946,17.9809262413523));
#1879=CARTESIAN_POINT('Ctrl Pts',(36.3745783715213,17.7604290367255,17.987381255139));
#1880=CARTESIAN_POINT('Ctrl Pts',(36.3745783715213,17.8855887079278,17.9939836292756));
#1881=CARTESIAN_POINT('Ctrl Pts',(36.3745783715213,17.9233483337319,17.9959755103219));
#1882=CARTESIAN_POINT('Ctrl Pts',(36.3745783715213,17.9614816649646,17.9979808173217));
#1883=CARTESIAN_POINT('Ctrl Pts',(36.3745783715213,18.0000002682209,18.));
#1884=CARTESIAN_POINT('Origin',(36.3745783715213,-37.2441316595618,0.));
#1885=CARTESIAN_POINT('',(36.3745783715213,-17.8202598924951,18.));
#1886=CARTESIAN_POINT('Origin',(-36.5508987220218,40.5252665894825,0.));
#1887=CARTESIAN_POINT('',(-36.5508987220218,21.0644392320271,18.));
#1888=CARTESIAN_POINT('Origin',(-36.5508987220218,40.5252665894825,0.));
#1889=CARTESIAN_POINT('Ctrl Pts',(-36.5508987220218,18.0000002682209,18.));
#1890=CARTESIAN_POINT('Ctrl Pts',(-36.5508987220218,12.6882184269343,17.7215512251663));
#1891=CARTESIAN_POINT('Ctrl Pts',(-36.5508987220218,10.7551480762494,17.5002170124282));
#1892=CARTESIAN_POINT('Ctrl Pts',(-36.5508987220218,8.85095924424825,16.8201496089095));
#1893=CARTESIAN_POINT('Ctrl Pts',(-36.5508987220218,8.35049148624797,16.5649844267259));
#1894=CARTESIAN_POINT('Ctrl Pts',(-36.5508987220218,7.80721763000899,16.2062664380548));
#1895=CARTESIAN_POINT('Origin',(-37.5508987220218,40.5252665894825,0.));
#1896=CARTESIAN_POINT('',(-37.5508987220218,4.00000005960464,13.0000001937151));
#1897=CARTESIAN_POINT('Ctrl Pts',(-37.5508987220218,-5.0000000745058,10.2938847721614));
#1898=CARTESIAN_POINT('Ctrl Pts',(-37.5508987220218,-4.79000880593221,10.2938847721614));
#1899=CARTESIAN_POINT('Ctrl Pts',(-37.5508987220218,-4.58425936058886,10.2969060555307));
#1900=CARTESIAN_POINT('Ctrl Pts',(-37.5508987220218,-4.38227349389486,10.3028683086883));
#1901=CARTESIAN_POINT('Ctrl Pts',(-37.5508987220218,-4.16905743519785,10.3091620565629));
#1902=CARTESIAN_POINT('Ctrl Pts',(-37.5508987220218,-3.96003522136016,10.3187327969714));
#1903=CARTESIAN_POINT('Ctrl Pts',(-37.5508987220218,-3.75469596619953,10.3315140184162));
#1904=CARTESIAN_POINT('Ctrl Pts',(-37.5508987220218,-3.54205547292615,10.344749701143));
#1905=CARTESIAN_POINT('Ctrl Pts',(-37.5508987220218,-3.33336482730744,10.3614281935902));
#1906=CARTESIAN_POINT('Ctrl Pts',(-37.5508987220218,-3.12810678496288,10.3815057623845));
#1907=CARTESIAN_POINT('Ctrl Pts',(-37.5508987220218,-2.91570901569073,10.4022817123819));
#1908=CARTESIAN_POINT('Ctrl Pts',(-37.5508987220218,-2.7069871590316,10.4266972414992));
#1909=CARTESIAN_POINT('Ctrl Pts',(-37.5508987220218,-2.50141549821727,10.4547364941171));
#1910=CARTESIAN_POINT('Ctrl Pts',(-37.5508987220218,-2.28909245230703,10.483696611953));
#1911=CARTESIAN_POINT('Ctrl Pts',(-37.5508987220218,-2.08013032006508,10.5165222596386));
#1912=CARTESIAN_POINT('Ctrl Pts',(-37.5508987220218,-1.87399364468418,10.5532316866466));
#1913=CARTESIAN_POINT('Ctrl Pts',(-37.5508987220218,-1.66190753112938,10.5910006071484));
#1914=CARTESIAN_POINT('Ctrl Pts',(-37.5508987220218,-1.45281278774697,10.6328805559453));
#1915=CARTESIAN_POINT('Ctrl Pts',(-37.5508987220218,-1.2461650626742,10.6789308353832));
#1916=CARTESIAN_POINT('Ctrl Pts',(-37.5508987220218,-1.03501268589158,10.7259849510354));
#1917=CARTESIAN_POINT('Ctrl Pts',(-37.5508987220218,-0.826415711674815,
10.7773929852868));
#1918=CARTESIAN_POINT('Ctrl Pts',(-37.5508987220218,-0.61982556639079,10.8332616267835));
#1919=CARTESIAN_POINT('Ctrl Pts',(-37.5508987220218,-0.41088979098223,10.8897646023541));
#1920=CARTESIAN_POINT('Ctrl Pts',(-37.5508987220218,-0.204007273957416,
10.9508298268764));
#1921=CARTESIAN_POINT('Ctrl Pts',(-37.5508987220218,0.00136567108338209,
11.0166147893193));
#1922=CARTESIAN_POINT('Ctrl Pts',(-37.5508987220218,0.205169590237934,11.0818971621491));
#1923=CARTESIAN_POINT('Ctrl Pts',(-37.5508987220218,0.407486292573306,11.1518272768085));
#1924=CARTESIAN_POINT('Ctrl Pts',(-37.5508987220218,0.608833054573153,11.2266078039355));
#1925=CARTESIAN_POINT('Ctrl Pts',(-37.5508987220218,0.806580864753603,11.3000516742844));
#1926=CARTESIAN_POINT('Ctrl Pts',(-37.5508987220218,1.0033925333958,11.3781739742405));
#1927=CARTESIAN_POINT('Ctrl Pts',(-37.5508987220218,1.19975325241241,11.4612159406039));
#1928=CARTESIAN_POINT('Ctrl Pts',(-37.5508987220218,1.39115996221666,11.5421628307807));
#1929=CARTESIAN_POINT('Ctrl Pts',(-37.5508987220218,1.58213770390711,11.6277841550961));
#1930=CARTESIAN_POINT('Ctrl Pts',(-37.5508987220218,1.77313886178876,11.7183523869439));
#1931=CARTESIAN_POINT('Ctrl Pts',(-37.5508987220218,1.95639758424582,11.8052493390237));
#1932=CARTESIAN_POINT('Ctrl Pts',(-37.5508987220218,2.13967748944908,11.8967002395158));
#1933=CARTESIAN_POINT('Ctrl Pts',(-37.5508987220218,2.32338704773689,11.9929924134583));
#1934=CARTESIAN_POINT('Ctrl Pts',(-37.5508987220218,2.50061151402331,12.0858853978711));
#1935=CARTESIAN_POINT('Ctrl Pts',(-37.5508987220218,2.67823552539381,12.1832837901623));
#1936=CARTESIAN_POINT('Ctrl Pts',(-37.5508987220218,2.85663912509029,12.2854908794164));
#1937=CARTESIAN_POINT('Ctrl Pts',(-37.5508987220218,3.02996841169195,12.3847909041704));
#1938=CARTESIAN_POINT('Ctrl Pts',(-37.5508987220218,3.20403328360952,12.4886297975904));
#1939=CARTESIAN_POINT('Ctrl Pts',(-37.5508987220218,3.37919937501274,12.5973312953461));
#1940=CARTESIAN_POINT('Ctrl Pts',(-37.5508987220218,3.54734045420517,12.7016733343564));
#1941=CARTESIAN_POINT('Ctrl Pts',(-37.5508987220218,3.7164959856693,12.8104956793353));
#1942=CARTESIAN_POINT('Ctrl Pts',(-37.5508987220218,3.88700882720866,12.924129026443));
#1943=CARTESIAN_POINT('Ctrl Pts',(-37.5508987220218,3.92460522435914,12.9491840569546));
#1944=CARTESIAN_POINT('Ctrl Pts',(-37.5508987220218,3.96226769319123,12.9744731594347));
#1945=CARTESIAN_POINT('Ctrl Pts',(-37.5508987220218,4.00000005960464,13.0000001937151));
#1946=CARTESIAN_POINT('',(-37.5508987220218,18.0000002682209,18.));
#1947=CARTESIAN_POINT('Ctrl Pts',(-37.5508987220218,4.00000005960464,13.0000001937151));
#1948=CARTESIAN_POINT('Ctrl Pts',(-37.5508987220218,4.0760198986302,13.0706431365396));
#1949=CARTESIAN_POINT('Ctrl Pts',(-37.5508987220218,4.14935862520424,13.1386318279138));
#1950=CARTESIAN_POINT('Ctrl Pts',(-37.5508987220218,4.22030171185464,13.2042456966437));
#1951=CARTESIAN_POINT('Ctrl Pts',(-37.5508987220218,4.29378294615844,13.2722070483322));
#1952=CARTESIAN_POINT('Ctrl Pts',(-37.5508987220218,4.36469377839518,13.3376203369479));
#1953=CARTESIAN_POINT('Ctrl Pts',(-37.5508987220218,4.43330789366729,13.4007533628787));
#1954=CARTESIAN_POINT('Ctrl Pts',(-37.5508987220218,4.50503477127266,13.4667504948951));
#1955=CARTESIAN_POINT('Ctrl Pts',(-37.5508987220218,4.57425160919685,13.5302555725489));
#1956=CARTESIAN_POINT('Ctrl Pts',(-37.5508987220218,4.64122805725524,13.5915323404652));
#1957=CARTESIAN_POINT('Ctrl Pts',(-37.5508987220218,4.71127022633822,13.6556139372603));
#1958=CARTESIAN_POINT('Ctrl Pts',(-37.5508987220218,4.77886200352215,13.7172583577601));
#1959=CARTESIAN_POINT('Ctrl Pts',(-37.5508987220218,4.84426910673144,13.776725372883));
#1960=CARTESIAN_POINT('Ctrl Pts',(-37.5508987220218,4.91269727385953,13.8389390874458));
#1961=CARTESIAN_POINT('Ctrl Pts',(-37.5508987220218,4.9787340836936,13.8987694045992));
#1962=CARTESIAN_POINT('Ctrl Pts',(-37.5508987220218,5.04264142790733,13.9564722015801));
#1963=CARTESIAN_POINT('Ctrl Pts',(-37.5508987220218,5.10952770265894,14.0168647148395));
#1964=CARTESIAN_POINT('Ctrl Pts',(-37.5508987220218,5.17408115401841,14.0749265401472));
#1965=CARTESIAN_POINT('Ctrl Pts',(-37.5508987220218,5.23655995668352,14.1309097393763));
#1966=CARTESIAN_POINT('Ctrl Pts',(-37.5508987220218,5.30197824780334,14.1895268233915));
#1967=CARTESIAN_POINT('Ctrl Pts',(-37.5508987220218,5.36512187483129,14.2458648873662));
#1968=CARTESIAN_POINT('Ctrl Pts',(-37.5508987220218,5.42624541014784,14.3001722548121));
#1969=CARTESIAN_POINT('Ctrl Pts',(-37.5508987220218,5.49027188470042,14.3570588413254));
#1970=CARTESIAN_POINT('Ctrl Pts',(-37.5508987220218,5.55208162276768,14.4117170599284));
#1971=CARTESIAN_POINT('Ctrl Pts',(-37.5508987220218,5.6119257166779,14.464391571939));
#1972=CARTESIAN_POINT('Ctrl Pts',(-37.5508987220218,5.67463933670345,14.5195918283957));
#1973=CARTESIAN_POINT('Ctrl Pts',(-37.5508987220218,5.7351940798117,14.5726133765738));
#1974=CARTESIAN_POINT('Ctrl Pts',(-37.5508987220218,5.79383769100292,14.6236972915374));
#1975=CARTESIAN_POINT('Ctrl Pts',(-37.5508987220218,5.85532084621837,14.6772547074079));
#1976=CARTESIAN_POINT('Ctrl Pts',(-37.5508987220218,5.91470310536866,14.7286821023982));
#1977=CARTESIAN_POINT('Ctrl Pts',(-37.5508987220218,5.97222901300473,14.7782170418087));
#1978=CARTESIAN_POINT('Ctrl Pts',(-37.5508987220218,6.03256827353375,14.8301745290905));
#1979=CARTESIAN_POINT('Ctrl Pts',(-37.5508987220218,6.0908649613121,14.8800497271277));
#1980=CARTESIAN_POINT('Ctrl Pts',(-37.5508987220218,6.14736058630797,14.9280767695139));
#1981=CARTESIAN_POINT('Ctrl Pts',(-37.5508987220218,6.20664760686489,14.9784767827794));
#1982=CARTESIAN_POINT('Ctrl Pts',(-37.5508987220218,6.263950981329,15.026841294223));
#1983=CARTESIAN_POINT('Ctrl Pts',(-37.5508987220218,6.31950937632254,15.0734010867055));
#1984=CARTESIAN_POINT('Ctrl Pts',(-37.5508987220218,6.37929425996384,15.1235028179786));
#1985=CARTESIAN_POINT('Ctrl Pts',(-37.5508987220218,6.43705851497572,15.1715147506611));
#1986=CARTESIAN_POINT('Ctrl Pts',(-37.5508987220218,6.4930557749831,15.2176813415048));
#1987=CARTESIAN_POINT('Ctrl Pts',(-37.5508987220218,6.55187713810778,15.2661762465036));
#1988=CARTESIAN_POINT('Ctrl Pts',(-37.5508987220218,6.60874853744856,15.3126347471522));
#1989=CARTESIAN_POINT('Ctrl Pts',(-37.5508987220218,6.66392010988742,15.3572969282697));
#1990=CARTESIAN_POINT('Ctrl Pts',(-37.5508987220218,6.72190664614513,15.4042378630706));
#1991=CARTESIAN_POINT('Ctrl Pts',(-37.5508987220218,6.77801522857304,15.4491942629067));
#1992=CARTESIAN_POINT('Ctrl Pts',(-37.5508987220218,6.83249292505597,15.492402018091));
#1993=CARTESIAN_POINT('Ctrl Pts',(-37.5508987220218,6.88978484240038,15.5378418090233));
#1994=CARTESIAN_POINT('Ctrl Pts',(-37.5508987220218,6.94527277951549,15.5813473911231));
#1995=CARTESIAN_POINT('Ctrl Pts',(-37.5508987220218,6.99920125276646,15.6231506532593));
#1996=CARTESIAN_POINT('Ctrl Pts',(-37.5508987220218,7.05595326588339,15.6671426140561));
#1997=CARTESIAN_POINT('Ctrl Pts',(-37.5508987220218,7.11097799654989,15.7092490986224));
#1998=CARTESIAN_POINT('Ctrl Pts',(-37.5508987220218,7.16451805142644,15.7496982114825));
#1999=CARTESIAN_POINT('Ctrl Pts',(-37.5508987220218,7.22090330127735,15.7922968479637));
#2000=CARTESIAN_POINT('Ctrl Pts',(-37.5508987220218,7.27564163971385,15.8330570509916));
#2001=CARTESIAN_POINT('Ctrl Pts',(-37.5508987220218,7.32897457934163,15.8722033940431));
#2002=CARTESIAN_POINT('Ctrl Pts',(-37.5508987220218,7.38518988427072,15.9134653913539));
#2003=CARTESIAN_POINT('Ctrl Pts',(-37.5508987220218,7.43984352624276,15.9529341440044));
#2004=CARTESIAN_POINT('Ctrl Pts',(-37.5508987220218,7.49317698555355,15.9908310018755));
#2005=CARTESIAN_POINT('Ctrl Pts',(-37.5508987220218,7.5494500599092,16.0308166455669));
#2006=CARTESIAN_POINT('Ctrl Pts',(-37.5508987220218,7.60425315480711,16.0690521130323));
#2007=CARTESIAN_POINT('Ctrl Pts',(-37.5508987220218,7.65782913411756,16.1057559192612));
#2008=CARTESIAN_POINT('Ctrl Pts',(-37.5508987220218,7.71442880777452,16.1445311965639));
#2009=CARTESIAN_POINT('Ctrl Pts',(-37.5508987220218,7.76965868310362,16.1815968220522));
#2010=CARTESIAN_POINT('Ctrl Pts',(-37.5508987220218,7.82376494377965,16.2171689876729));
#2011=CARTESIAN_POINT('Ctrl Pts',(-37.5508987220218,7.88272649911415,16.2559332671743));
#2012=CARTESIAN_POINT('Ctrl Pts',(-37.5508987220218,7.94035362682124,16.2929239886867));
#2013=CARTESIAN_POINT('Ctrl Pts',(-37.5508987220218,7.99692127255257,16.3283749261424));
#2014=CARTESIAN_POINT('Ctrl Pts',(-37.5508987220218,8.05693729496693,16.3659869608922));
#2015=CARTESIAN_POINT('Ctrl Pts',(-37.5508987220218,8.11576037455016,16.4018654975496));
#2016=CARTESIAN_POINT('Ctrl Pts',(-37.5508987220218,8.17367579145742,16.4362428270579));
#2017=CARTESIAN_POINT('Ctrl Pts',(-37.5508987220218,8.23532992445088,16.4728393769689));
#2018=CARTESIAN_POINT('Ctrl Pts',(-37.5508987220218,8.2959550353062,16.5077343934686));
#2019=CARTESIAN_POINT('Ctrl Pts',(-37.5508987220218,8.35585383402896,16.5411606287872));
#2020=CARTESIAN_POINT('Ctrl Pts',(-37.5508987220218,8.4199303611698,16.5769182252713));
#2021=CARTESIAN_POINT('Ctrl Pts',(-37.5508987220218,8.48317526773112,16.6109947761802));
#2022=CARTESIAN_POINT('Ctrl Pts',(-37.5508987220218,8.54591994143002,16.6436264331265));
#2023=CARTESIAN_POINT('Ctrl Pts',(-37.5508987220218,8.61350686767229,16.6787764030153));
#2024=CARTESIAN_POINT('Ctrl Pts',(-37.5508987220218,8.68051277076649,16.7122496440951));
#2025=CARTESIAN_POINT('Ctrl Pts',(-37.5508987220218,8.74731639184524,16.7442901848598));
#2026=CARTESIAN_POINT('Ctrl Pts',(-37.5508987220218,8.81986327977818,16.7790853274379));
#2027=CARTESIAN_POINT('Ctrl Pts',(-37.5508987220218,8.89217070212663,16.8121906410627));
#2028=CARTESIAN_POINT('Ctrl Pts',(-37.5508987220218,8.96469557591517,16.843863828455));
#2029=CARTESIAN_POINT('Ctrl Pts',(-37.5508987220218,9.04489131736633,16.8788870503425));
#2030=CARTESIAN_POINT('Ctrl Pts',(-37.5508987220218,9.12535131641194,16.9121590690458));
#2031=CARTESIAN_POINT('Ctrl Pts',(-37.5508987220218,9.2066807198872,16.943966261181));
#2032=CARTESIAN_POINT('Ctrl Pts',(-37.5508987220218,9.28536267692392,16.9747380610234));
#2033=CARTESIAN_POINT('Ctrl Pts',(-37.5508987220218,9.36485661537768,17.0041377548184));
#2034=CARTESIAN_POINT('Ctrl Pts',(-37.5508987220218,9.44572525572735,17.0323807615294));
#2035=CARTESIAN_POINT('Ctrl Pts',(-37.5508987220218,9.52017034069922,17.0583803705914));
#2036=CARTESIAN_POINT('Ctrl Pts',(-37.5508987220218,9.59577946417003,17.0833989315226));
#2037=CARTESIAN_POINT('Ctrl Pts',(-37.5508987220218,9.67302223260182,17.1075800406267));
#2038=CARTESIAN_POINT('Ctrl Pts',(-37.5508987220218,9.74432253092106,17.1299008394253));
#2039=CARTESIAN_POINT('Ctrl Pts',(-37.5508987220218,9.81701423636644,17.1515076434976));
#2040=CARTESIAN_POINT('Ctrl Pts',(-37.5508987220218,9.89150369797274,17.1724998861157));
#2041=CARTESIAN_POINT('Ctrl Pts',(-37.5508987220218,9.96090670404979,17.1920586896105));
#2042=CARTESIAN_POINT('Ctrl Pts',(-37.5508987220218,10.0318699383915,17.2110837517073));
#2043=CARTESIAN_POINT('Ctrl Pts',(-37.5508987220218,10.1047618748957,17.2296478075913));
#2044=CARTESIAN_POINT('Ctrl Pts',(-37.5508987220218,10.1731484154626,17.2470644331014));
#2045=CARTESIAN_POINT('Ctrl Pts',(-37.5508987220218,10.2432322776951,17.2640751339951));
#2046=CARTESIAN_POINT('Ctrl Pts',(-37.5508987220218,10.3153590262892,17.2807355827066));
#2047=CARTESIAN_POINT('Ctrl Pts',(-37.5508987220218,10.3833439515433,17.2964393179009));
#2048=CARTESIAN_POINT('Ctrl Pts',(-37.5508987220218,10.4531435866905,17.3118317783628));
#2049=CARTESIAN_POINT('Ctrl Pts',(-37.5508987220218,10.5250894865521,17.3269571864729));
#2050=CARTESIAN_POINT('Ctrl Pts',(-37.5508987220218,10.5931203434644,17.341259523046));
#2051=CARTESIAN_POINT('Ctrl Pts',(-37.5508987220218,10.663069965491,17.3553230172699));
#2052=CARTESIAN_POINT('Ctrl Pts',(-37.5508987220218,10.7352614487107,17.369183924566));
#2053=CARTESIAN_POINT('Ctrl Pts',(-37.5508987220218,10.8036788474108,17.3823202001837));
#2054=CARTESIAN_POINT('Ctrl Pts',(-37.5508987220218,10.8741095723417,17.3952744721637));
#2055=CARTESIAN_POINT('Ctrl Pts',(-37.5508987220218,10.946871884412,17.4080773036872));
#2056=CARTESIAN_POINT('Ctrl Pts',(-37.5508987220218,11.0159454197373,17.4202310795958));
#2057=CARTESIAN_POINT('Ctrl Pts',(-37.5508987220218,11.087119878494,17.4322483472604));
#2058=CARTESIAN_POINT('Ctrl Pts',(-37.5508987220218,11.1607111439395,17.4441555227111));
#2059=CARTESIAN_POINT('Ctrl Pts',(-37.5508987220218,11.2306614510974,17.4554735857329));
#2060=CARTESIAN_POINT('Ctrl Pts',(-37.5508987220218,11.3027950903504,17.4666921547825));
#2061=CARTESIAN_POINT('Ctrl Pts',(-37.5508987220218,11.3774272884931,17.4778345806974));
#2062=CARTESIAN_POINT('Ctrl Pts',(-37.5508987220218,11.4484401455607,17.4884366468106));
#2063=CARTESIAN_POINT('Ctrl Pts',(-37.5508987220218,11.521714857041,17.4989697549681));
#2064=CARTESIAN_POINT('Ctrl Pts',(-37.5508987220218,11.5975672329051,17.5094549669773));
#2065=CARTESIAN_POINT('Ctrl Pts',(-37.5508987220218,11.6698029355999,17.51944023967));
#2066=CARTESIAN_POINT('Ctrl Pts',(-37.5508987220218,11.7443761151043,17.5293820571849));
#2067=CARTESIAN_POINT('Ctrl Pts',(-37.5508987220218,11.8216040802633,17.5392997601361));
#2068=CARTESIAN_POINT('Ctrl Pts',(-37.5508987220218,11.8952038945443,17.548751531833));
#2069=CARTESIAN_POINT('Ctrl Pts',(-37.5508987220218,11.9712146737706,17.5581813863462));
#2070=CARTESIAN_POINT('Ctrl Pts',(-37.5508987220218,12.0499559184236,17.5676073653923));
#2071=CARTESIAN_POINT('Ctrl Pts',(-37.5508987220218,12.1250466593991,17.5765963489181));
#2072=CARTESIAN_POINT('Ctrl Pts',(-37.5508987220218,12.2026203250456,17.5855817944629));
#2073=CARTESIAN_POINT('Ctrl Pts',(-37.5508987220218,12.2829991439833,17.5945807633521));
#2074=CARTESIAN_POINT('Ctrl Pts',(-37.5508987220218,12.3596965130644,17.6031675682762));
#2075=CARTESIAN_POINT('Ctrl Pts',(-37.5508987220218,12.4389477252513,17.6117666738035));
#2076=CARTESIAN_POINT('Ctrl Pts',(-37.5508987220218,12.5210781626543,17.6203944040804));
#2077=CARTESIAN_POINT('Ctrl Pts',(-37.5508987220218,12.5994892373341,17.6286314185716));
#2078=CARTESIAN_POINT('Ctrl Pts',(-37.5508987220218,12.6805244294145,17.6368945124278));
#2079=CARTESIAN_POINT('Ctrl Pts',(-37.5508987220218,12.7645126198669,17.6451994604126));
#2080=CARTESIAN_POINT('Ctrl Pts',(-37.5508987220218,12.8447377501652,17.6531323082405));
#2081=CARTESIAN_POINT('Ctrl Pts',(-37.5508987220218,12.9276569559677,17.6611033328312));
#2082=CARTESIAN_POINT('Ctrl Pts',(-37.5508987220218,13.0136029044302,17.6691279060672));
#2083=CARTESIAN_POINT('Ctrl Pts',(-37.5508987220218,13.0957371843708,17.6767965926819));
#2084=CARTESIAN_POINT('Ctrl Pts',(-37.5508987220218,13.1806354558305,17.6845141731252));
#2085=CARTESIAN_POINT('Ctrl Pts',(-37.5508987220218,13.2686344171052,17.6922957317956));
#2086=CARTESIAN_POINT('Ctrl Pts',(-37.5508987220218,13.3527688457009,17.6997355581621));
#2087=CARTESIAN_POINT('Ctrl Pts',(-37.5508987220218,13.439737371571,17.7072338567602));
#2088=CARTESIAN_POINT('Ctrl Pts',(-37.5508987220218,13.5298809381139,17.7148055162516));
#2089=CARTESIAN_POINT('Ctrl Pts',(-37.5508987220218,13.616103349496,17.7220478161133));
#2090=CARTESIAN_POINT('Ctrl Pts',(-37.5508987220218,13.7052303520667,17.7293572235765));
#2091=CARTESIAN_POINT('Ctrl Pts',(-37.5508987220218,13.797607325651,17.7367485051805));
#2092=CARTESIAN_POINT('Ctrl Pts',(-37.5508987220218,13.8860031448993,17.743821246009));
#2093=CARTESIAN_POINT('Ctrl Pts',(-37.5508987220218,13.9773746092874,17.7509689463372));
#2094=CARTESIAN_POINT('Ctrl Pts',(-37.5508987220218,14.0720717099702,17.7582063101917));
#2095=CARTESIAN_POINT('Ctrl Pts',(-37.5508987220218,14.1627245755584,17.7651345874883));
#2096=CARTESIAN_POINT('Ctrl Pts',(-37.5508987220218,14.256424851,17.7721450237624));
#2097=CARTESIAN_POINT('Ctrl Pts',(-37.5508987220218,14.3535273019412,17.7792523092517));
#2098=CARTESIAN_POINT('Ctrl Pts',(-37.5508987220218,14.4465195849007,17.7860587564308));
#2099=CARTESIAN_POINT('Ctrl Pts',(-37.5508987220218,14.5426318870266,17.7929540179818));
#2100=CARTESIAN_POINT('Ctrl Pts',(-37.5508987220218,14.6422239034373,17.7999528105654));
#2101=CARTESIAN_POINT('Ctrl Pts',(-37.5508987220218,14.7422261150388,17.8069804294662));
#2102=CARTESIAN_POINT('Ctrl Pts',(-37.5508987220218,14.845736026625,17.8141124055492));
#2103=CARTESIAN_POINT('Ctrl Pts',(-37.5508987220218,14.9531750819118,17.8213658072837));
#2104=CARTESIAN_POINT('Ctrl Pts',(-37.5508987220218,15.0490771458569,17.8278403262108));
#2105=CARTESIAN_POINT('Ctrl Pts',(-37.5508987220218,15.1481101626115,17.8344116056792));
#2106=CARTESIAN_POINT('Ctrl Pts',(-37.5508987220218,15.25062014695,17.8410935429283));
#2107=CARTESIAN_POINT('Ctrl Pts',(-37.5508987220218,15.3492169860859,17.8475204085289));
#2108=CARTESIAN_POINT('Ctrl Pts',(-37.5508987220218,15.4510301719243,17.8540496357));
#2109=CARTESIAN_POINT('Ctrl Pts',(-37.5508987220218,15.5564130647909,17.8606953218697));
#2110=CARTESIAN_POINT('Ctrl Pts',(-37.5508987220218,15.6578027314112,17.8670891860624));
#2111=CARTESIAN_POINT('Ctrl Pts',(-37.5508987220218,15.7624964632132,17.8735908413782));
#2112=CARTESIAN_POINT('Ctrl Pts',(-37.5508987220218,15.8708552396163,17.8802146084448));
#2113=CARTESIAN_POINT('Ctrl Pts',(-37.5508987220218,15.9751378092202,17.886589204699));
#2114=CARTESIAN_POINT('Ctrl Pts',(-37.5508987220218,16.0828146277585,17.893076889006));
#2115=CARTESIAN_POINT('Ctrl Pts',(-37.5508987220218,16.1942545763496,17.8996922264891));
#2116=CARTESIAN_POINT('Ctrl Pts',(-37.5508987220218,16.3015324104747,17.9060604910672));
#2117=CARTESIAN_POINT('Ctrl Pts',(-37.5508987220218,16.4122972839357,17.9125470420537));
#2118=CARTESIAN_POINT('Ctrl Pts',(-37.5508987220218,16.5269262723286,17.9191667090608));
#2119=CARTESIAN_POINT('Ctrl Pts',(-37.5508987220218,16.6349708376695,17.925406134659));
#2120=CARTESIAN_POINT('Ctrl Pts',(-37.5508987220218,16.7464482865284,17.9317638203187));
#2121=CARTESIAN_POINT('Ctrl Pts',(-37.5508987220218,16.8617197268358,17.9382539206501));
#2122=CARTESIAN_POINT('Ctrl Pts',(-37.5508987220218,16.9733985573033,17.944541747129));
#2123=CARTESIAN_POINT('Ctrl Pts',(-37.5508987220218,17.0886382999377,17.9509538525252));
#2124=CARTESIAN_POINT('Ctrl Pts',(-37.5508987220218,17.2078139064741,17.9575048932516));
#2125=CARTESIAN_POINT('Ctrl Pts',(-37.5508987220218,17.3232878987496,17.963852457558));
#2126=CARTESIAN_POINT('Ctrl Pts',(-37.5508987220218,17.4424567684122,17.9703304494685));
#2127=CARTESIAN_POINT('Ctrl Pts',(-37.5508987220218,17.5657100594992,17.9769540597295));
#2128=CARTESIAN_POINT('Ctrl Pts',(-37.5508987220218,17.6836830057583,17.9832939051849));
#2129=CARTESIAN_POINT('Ctrl Pts',(-37.5508987220218,17.8053977210358,17.9897671521433));
#2130=CARTESIAN_POINT('Ctrl Pts',(-37.5508987220218,17.9312440994178,17.9963889744692));
#2131=CARTESIAN_POINT('Ctrl Pts',(-37.5508987220218,17.9540264446663,17.9975877427162));
#2132=CARTESIAN_POINT('Ctrl Pts',(-37.5508987220218,17.9769443340348,17.9987913854863));
#2133=CARTESIAN_POINT('Ctrl Pts',(-37.5508987220218,18.0000002682209,18.));
#2134=CARTESIAN_POINT('',(-37.5508987220218,40.5252665894825,18.));
#2135=CARTESIAN_POINT('',(-37.5508987220218,40.5252665894825,18.));
#2136=CARTESIAN_POINT('',(-37.5508987220218,40.5252665894825,0.));
#2137=CARTESIAN_POINT('Ctrl Pts',(57.4491012779782,18.0000002682209,18.));
#2138=CARTESIAN_POINT('Ctrl Pts',(-52.5508987220218,18.0000002682209,18.));
#2139=CARTESIAN_POINT('Ctrl Pts',(57.4491012779782,8.86526975724014,17.5211485344808));
#2140=CARTESIAN_POINT('Ctrl Pts',(-52.5508987220218,8.86526975724014,17.5211485344808));
#2141=CARTESIAN_POINT('Ctrl Pts',(57.4491012779782,4.00000005960464,13.0000001937151));
#2142=CARTESIAN_POINT('Ctrl Pts',(-52.5508987220218,4.00000005960464,13.0000001937151));
#2143=CARTESIAN_POINT('',(2.44910127797817,4.00000005960464,13.0000001937151));
#2144=CARTESIAN_POINT('',(2.44910127797817,18.0000002682209,18.));
#2145=CARTESIAN_POINT('Ctrl Pts',(57.4491012779782,4.00000005960464,13.0000001937151));
#2146=CARTESIAN_POINT('Ctrl Pts',(-52.5508987220218,4.00000005960464,13.0000001937151));
#2147=CARTESIAN_POINT('Ctrl Pts',(57.4491012779782,0.,10.2938847721614));
#2148=CARTESIAN_POINT('Ctrl Pts',(-52.5508987220218,0.,10.2938847721614));
#2149=CARTESIAN_POINT('Ctrl Pts',(57.4491012779782,-5.00000007450581,10.2938847721614));
#2150=CARTESIAN_POINT('Ctrl Pts',(-52.5508987220218,-5.00000007450581,10.2938847721614));
#2151=CARTESIAN_POINT('Ctrl Pts',(57.4491012779782,4.00000005960464,13.0000001937151));
#2152=CARTESIAN_POINT('Ctrl Pts',(-52.5508987220218,4.00000005960464,13.0000001937151));
#2153=CARTESIAN_POINT('Ctrl Pts',(57.4491012779782,0.,10.2938847721614));
#2154=CARTESIAN_POINT('Ctrl Pts',(-52.5508987220218,0.,10.2938847721614));
#2155=CARTESIAN_POINT('Ctrl Pts',(57.4491012779782,-5.00000007450581,10.2938847721614));
#2156=CARTESIAN_POINT('Ctrl Pts',(-52.5508987220218,-5.00000007450581,10.2938847721614));
#2157=CARTESIAN_POINT('',(2.44910127797817,4.00000005960464,13.0000001937151));
#2158=CARTESIAN_POINT('Ctrl Pts',(57.4491012779782,18.0000002682209,18.));
#2159=CARTESIAN_POINT('Ctrl Pts',(-52.5508987220218,18.0000002682209,18.));
#2160=CARTESIAN_POINT('Ctrl Pts',(57.4491012779782,8.86526975724014,17.5211485344808));
#2161=CARTESIAN_POINT('Ctrl Pts',(-52.5508987220218,8.86526975724014,17.5211485344808));
#2162=CARTESIAN_POINT('Ctrl Pts',(57.4491012779782,4.00000005960464,13.0000001937151));
#2163=CARTESIAN_POINT('Ctrl Pts',(-52.5508987220218,4.00000005960464,13.0000001937151));
#2164=CARTESIAN_POINT('',(2.44910127797817,18.0000002682209,18.));
#2165=CARTESIAN_POINT('Origin',(-36.5508987220218,40.5252665894825,0.));
#2166=CARTESIAN_POINT('Origin',(-33.2805144857751,40.1761641046496,0.));
#2167=CARTESIAN_POINT('',(-33.2805144857751,44.4607940851848,18.));
#2168=CARTESIAN_POINT('Origin',(-33.2805144857751,40.1761641046496,18.));
#2169=CARTESIAN_POINT('',(-33.2805144857751,44.4607940851848,0.));
#2170=CARTESIAN_POINT('Origin',(33.0863301336082,44.4607940851848,0.));
#2171=CARTESIAN_POINT('',(33.0863301336082,44.4607940851848,18.));
#2172=CARTESIAN_POINT('Origin',(-0.0759816635339217,1.60361187457158,18.));
#2173=UNCERTAINTY_MEASURE_WITH_UNIT(LENGTH_MEASURE(0.01),#2177,
'DISTANCE_ACCURACY_VALUE',
'Maximum model space distance between geometric entities at asserted c
onnectivities');
#2174=UNCERTAINTY_MEASURE_WITH_UNIT(LENGTH_MEASURE(0.01),#2177,
'DISTANCE_ACCURACY_VALUE',
'Maximum model space distance between geometric entities at asserted c
onnectivities');
#2175=(
GEOMETRIC_REPRESENTATION_CONTEXT(3)
GLOBAL_UNCERTAINTY_ASSIGNED_CONTEXT((#2173))
GLOBAL_UNIT_ASSIGNED_CONTEXT((#2177,#2178,#2179))
REPRESENTATION_CONTEXT('','3D')
);
#2176=(
GEOMETRIC_REPRESENTATION_CONTEXT(3)
GLOBAL_UNCERTAINTY_ASSIGNED_CONTEXT((#2174))
GLOBAL_UNIT_ASSIGNED_CONTEXT((#2177,#2178,#2179))
REPRESENTATION_CONTEXT('','3D')
);
#2177=(
LENGTH_UNIT()
NAMED_UNIT(*)
SI_UNIT(.MILLI.,.METRE.)
);
#2178=(
NAMED_UNIT(*)
PLANE_ANGLE_UNIT()
SI_UNIT($,.RADIAN.)
);
#2179=(
NAMED_UNIT(*)
SI_UNIT($,.STERADIAN.)
SOLID_ANGLE_UNIT()
);
#2180=SHAPE_DEFINITION_REPRESENTATION(#2181,#2182);
#2181=PRODUCT_DEFINITION_SHAPE('',$,#2184);
#2182=SHAPE_REPRESENTATION('',(#791),#2175);
#2183=PRODUCT_DEFINITION_CONTEXT('part definition',#2188,'design');
#2184=PRODUCT_DEFINITION('PCB','dc_cdi_rev_2_2_housing',#2185,#2183);
#2185=PRODUCT_DEFINITION_FORMATION('',$,#2190);
#2186=PRODUCT_RELATED_PRODUCT_CATEGORY('dc_cdi_rev_2_2_housing',
'dc_cdi_rev_2_2_housing',(#2190));
#2187=APPLICATION_PROTOCOL_DEFINITION('international standard',
'automotive_design',2009,#2188);
#2188=APPLICATION_CONTEXT(
'Core Data for Automotive Mechanical Design Process');
#2189=PRODUCT_CONTEXT('part definition',#2188,'mechanical');
#2190=PRODUCT('PCB','dc_cdi_rev_2_2_housing','Open CASCADE Model',(#2189));
#2191=PRESENTATION_STYLE_ASSIGNMENT((#2192));
#2192=SURFACE_STYLE_USAGE(.BOTH.,#2193);
#2193=SURFACE_SIDE_STYLE('',(#2194));
#2194=SURFACE_STYLE_FILL_AREA(#2195);
#2195=FILL_AREA_STYLE('Acciaio - Satinato',(#2196));
#2196=FILL_AREA_STYLE_COLOUR('Acciaio - Satinato',#2197);
#2197=COLOUR_RGB('Acciaio - Satinato',0.627450980392157,0.627450980392157,
0.627450980392157);
ENDSEC;
END-ISO-10303-21;
