ISO-10303-21;
HEADER;
/* Generated by software containing ST-Developer
 * from STEP Tools, Inc. (www.steptools.com) 
 */

FILE_DESCRIPTION(
/* description */ ('Open CASCADE Model'),
/* implementation_level */ '2;1');

FILE_NAME(
/* name */ 'housing_top.step',
/* time_stamp */ '2026-09-18T12:46:30+02:00',
/* author */ (''),
/* organization */ (''),
/* preprocessor_version */ 'ST-DEVELOPER v20.2',
/* originating_system */ 'Autodesk Translation Framework v15.15.0.0',
/* authorisation */ '');

FILE_SCHEMA (('AUTOMOTIVE_DESIGN { 1 0 10303 214 3 1 1 }'));
ENDSEC;

DATA;
#10=MECHANICAL_DESIGN_GEOMETRIC_PRESENTATION_REPRESENTATION('',(#29,#30,
#31,#32,#33,#34,#35,#36,#37),#3820);
#11=SHAPE_REPRESENTATION_RELATIONSHIP('SRR','None',#3826,#12);
#12=ADVANCED_BREP_SHAPE_REPRESENTATION('',(#38,#39,#40,#41,#42,#43,#44,
#45,#46),#3819);
#13=FACE_BOUND('',#645,.T.);
#14=FACE_BOUND('',#651,.T.);
#15=FACE_BOUND('',#657,.T.);
#16=FACE_BOUND('',#665,.T.);
#17=FACE_BOUND('',#671,.T.);
#18=FACE_BOUND('',#677,.T.);
#19=FACE_BOUND('',#683,.T.);
#20=FACE_BOUND('',#688,.T.);
#21=CONICAL_SURFACE('',#1746,0.518933683945348,1.02974425867665);
#22=CONICAL_SURFACE('',#1755,0.7325,1.02974425867665);
#23=CONICAL_SURFACE('',#1764,0.7325,1.02974425867665);
#24=CONICAL_SURFACE('',#1773,0.7325,1.02974425867665);
#25=CONICAL_SURFACE('',#1782,0.7325,1.02974425867665);
#26=CONICAL_SURFACE('',#1791,0.518933683945348,1.02974425867665);
#27=CONICAL_SURFACE('',#1800,0.7325,1.02974425867665);
#28=CONICAL_SURFACE('',#1809,0.7325,1.02974425867665);
#29=STYLED_ITEM('',(#3835),#38);
#30=STYLED_ITEM('',(#3835),#39);
#31=STYLED_ITEM('',(#3835),#40);
#32=STYLED_ITEM('',(#3835),#41);
#33=STYLED_ITEM('',(#3835),#42);
#34=STYLED_ITEM('',(#3835),#43);
#35=STYLED_ITEM('',(#3835),#44);
#36=STYLED_ITEM('',(#3835),#45);
#37=STYLED_ITEM('',(#3835),#46);
#38=MANIFOLD_SOLID_BREP('top',#1644);
#39=MANIFOLD_SOLID_BREP('Corpo59',#1645);
#40=MANIFOLD_SOLID_BREP('Corpo62',#1646);
#41=MANIFOLD_SOLID_BREP('Corpo65',#1647);
#42=MANIFOLD_SOLID_BREP('Corpo67',#1648);
#43=MANIFOLD_SOLID_BREP('Corpo68',#1649);
#44=MANIFOLD_SOLID_BREP('Corpo69',#1650);
#45=MANIFOLD_SOLID_BREP('Corpo70',#1651);
#46=MANIFOLD_SOLID_BREP('Corpo71',#1652);
#47=ELLIPSE('',#1730,3.2846346613537,3.28462998053519);
#48=ELLIPSE('',#1733,3.68317029696999,3.68316504821221);
#49=(
BOUNDED_SURFACE()
B_SPLINE_SURFACE(2,1,((#2714,#2715),(#2716,#2717),(#2718,#2719),(#2720,
#2721),(#2722,#2723)),.UNSPECIFIED.,.F.,.F.,.F.)
B_SPLINE_SURFACE_WITH_KNOTS((3,2,3),(2,2),(-1.53858992565436,0.,0.136057004420802),
(-3.62254770935432,-3.32254770935432),.UNSPECIFIED.)
GEOMETRIC_REPRESENTATION_ITEM()
RATIONAL_B_SPLINE_SURFACE(((1.,1.),(3.,3.),(1.,1.),(1.,1.),(1.,1.)))
REPRESENTATION_ITEM('')
SURFACE()
);
#50=(
BOUNDED_SURFACE()
B_SPLINE_SURFACE(2,1,((#3014,#3015),(#3016,#3017),(#3018,#3019)),
 .UNSPECIFIED.,.F.,.F.,.F.)
B_SPLINE_SURFACE_WITH_KNOTS((3,3),(2,2),(-0.951707969708047,0.),(-5.5,5.5),
 .UNSPECIFIED.)
GEOMETRIC_REPRESENTATION_ITEM()
RATIONAL_B_SPLINE_SURFACE(((1.,1.),(1.08816220844035,1.08816220844035),
(1.,1.)))
REPRESENTATION_ITEM('')
SURFACE()
);
#51=(
BOUNDED_SURFACE()
B_SPLINE_SURFACE(2,1,((#3138,#3139),(#3140,#3141),(#3142,#3143)),
 .UNSPECIFIED.,.F.,.F.,.F.)
B_SPLINE_SURFACE_WITH_KNOTS((3,3),(2,2),(-0.951707969708047,0.),(-5.5,5.5),
 .UNSPECIFIED.)
GEOMETRIC_REPRESENTATION_ITEM()
RATIONAL_B_SPLINE_SURFACE(((1.,1.),(1.08816220844035,1.08816220844035),
(1.,1.)))
REPRESENTATION_ITEM('')
SURFACE()
);
#52=(
BOUNDED_SURFACE()
B_SPLINE_SURFACE(2,1,((#3402,#3403),(#3404,#3405),(#3406,#3407)),
 .UNSPECIFIED.,.F.,.F.,.F.)
B_SPLINE_SURFACE_WITH_KNOTS((3,3),(2,2),(-1.53726690174084,-0.438303178368661),
(0.,7.48),.UNSPECIFIED.)
GEOMETRIC_REPRESENTATION_ITEM()
RATIONAL_B_SPLINE_SURFACE(((1.,1.),(2.42976307123725,2.42976307123725),
(1.81530370260073,1.81530370260073)))
REPRESENTATION_ITEM('')
SURFACE()
);
#53=(
BOUNDED_SURFACE()
B_SPLINE_SURFACE(2,1,((#3669,#3670),(#3671,#3672),(#3673,#3674),(#3675,
#3676),(#3677,#3678)),.UNSPECIFIED.,.F.,.F.,.F.)
B_SPLINE_SURFACE_WITH_KNOTS((3,2,3),(2,2),(-1.53858992565436,0.,0.136057004420803),
(3.83,4.13),.UNSPECIFIED.)
GEOMETRIC_REPRESENTATION_ITEM()
RATIONAL_B_SPLINE_SURFACE(((1.,1.),(3.,3.),(1.,1.),(1.,1.),(1.,1.)))
REPRESENTATION_ITEM('')
SURFACE()
);
#54=PLANE('',#1666);
#55=PLANE('',#1667);
#56=PLANE('',#1676);
#57=PLANE('',#1685);
#58=PLANE('',#1687);
#59=PLANE('',#1690);
#60=PLANE('',#1691);
#61=PLANE('',#1692);
#62=PLANE('',#1694);
#63=PLANE('',#1697);
#64=PLANE('',#1698);
#65=PLANE('',#1699);
#66=PLANE('',#1700);
#67=PLANE('',#1701);
#68=PLANE('',#1702);
#69=PLANE('',#1703);
#70=PLANE('',#1706);
#71=PLANE('',#1707);
#72=PLANE('',#1715);
#73=PLANE('',#1716);
#74=PLANE('',#1718);
#75=PLANE('',#1721);
#76=PLANE('',#1724);
#77=PLANE('',#1727);
#78=PLANE('',#1728);
#79=PLANE('',#1735);
#80=PLANE('',#1736);
#81=PLANE('',#1737);
#82=PLANE('',#1739);
#83=PLANE('',#1740);
#84=PLANE('',#1741);
#85=PLANE('',#1742);
#86=PLANE('',#1743);
#87=PLANE('',#1744);
#88=PLANE('',#1750);
#89=PLANE('',#1754);
#90=PLANE('',#1759);
#91=PLANE('',#1761);
#92=PLANE('',#1768);
#93=PLANE('',#1770);
#94=PLANE('',#1780);
#95=PLANE('',#1781);
#96=PLANE('',#1789);
#97=PLANE('',#1790);
#98=PLANE('',#1795);
#99=PLANE('',#1799);
#100=PLANE('',#1804);
#101=PLANE('',#1808);
#102=PLANE('',#1813);
#103=PLANE('',#1815);
#104=TOROIDAL_SURFACE('',#1657,3.78462998053519,0.5);
#105=TOROIDAL_SURFACE('',#1660,4.18316504821221,0.5);
#106=TOROIDAL_SURFACE('',#1670,3.7067658134736,0.5);
#107=TOROIDAL_SURFACE('',#1681,3.50000005960465,0.5);
#108=CIRCLE('',#1656,0.499999999999998);
#109=CIRCLE('',#1658,3.78462998053519);
#110=CIRCLE('',#1659,4.28462998053519);
#111=CIRCLE('',#1661,4.68316504821221);
#112=CIRCLE('',#1662,4.18316504821221);
#113=CIRCLE('',#1665,4.68316504821221);
#114=CIRCLE('',#1668,3.28462998053519);
#115=CIRCLE('',#1669,3.68316504821221);
#116=CIRCLE('',#1671,0.499999999999998);
#117=CIRCLE('',#1672,4.2067658134736);
#118=CIRCLE('',#1673,3.7067658134736);
#119=CIRCLE('',#1675,0.5);
#120=CIRCLE('',#1677,3.50000005960465);
#121=CIRCLE('',#1678,0.500000000000002);
#122=CIRCLE('',#1680,0.500000000000003);
#123=CIRCLE('',#1682,0.499999999999998);
#124=CIRCLE('',#1683,4.00000005960464);
#125=CIRCLE('',#1686,4.56256435335469);
#126=CIRCLE('',#1689,4.56256435335469);
#127=CIRCLE('',#1693,4.56256435335469);
#128=CIRCLE('',#1696,4.56256435335469);
#129=CIRCLE('',#1704,3.68316504821221);
#130=CIRCLE('',#1705,3.28462998053519);
#131=CIRCLE('',#1708,3.28462998053519);
#132=CIRCLE('',#1709,3.2067658134736);
#133=CIRCLE('',#1710,3.00000005960464);
#134=CIRCLE('',#1711,3.68316504821221);
#135=CIRCLE('',#1712,4.00000005960464);
#136=CIRCLE('',#1713,4.2067658134736);
#137=CIRCLE('',#1714,4.28462998053519);
#138=CIRCLE('',#1720,3.00000005960464);
#139=CIRCLE('',#1723,3.2067658134736);
#140=CIRCLE('',#1725,3.68316504821221);
#141=CIRCLE('',#1726,3.28462998053519);
#142=CIRCLE('',#1747,1.03775);
#143=CIRCLE('',#1749,1.03775);
#144=CIRCLE('',#1751,1.31325700655811);
#145=CIRCLE('',#1753,1.31325700655811);
#146=CIRCLE('',#1756,1.465);
#147=CIRCLE('',#1758,1.465);
#148=CIRCLE('',#1760,1.91325700655811);
#149=CIRCLE('',#1762,1.91325700655811);
#150=CIRCLE('',#1765,1.465);
#151=CIRCLE('',#1767,1.465);
#152=CIRCLE('',#1769,1.91325700655811);
#153=CIRCLE('',#1771,1.91325700655811);
#154=CIRCLE('',#1774,1.465);
#155=CIRCLE('',#1776,1.465);
#156=CIRCLE('',#1778,2.9);
#157=CIRCLE('',#1779,2.9);
#158=CIRCLE('',#1783,1.465);
#159=CIRCLE('',#1785,1.465);
#160=CIRCLE('',#1787,2.9);
#161=CIRCLE('',#1788,2.9);
#162=CIRCLE('',#1792,1.03775);
#163=CIRCLE('',#1794,1.03775);
#164=CIRCLE('',#1796,2.9);
#165=CIRCLE('',#1798,2.9);
#166=CIRCLE('',#1801,1.465);
#167=CIRCLE('',#1803,1.465);
#168=CIRCLE('',#1805,2.9);
#169=CIRCLE('',#1807,2.9);
#170=CIRCLE('',#1810,1.465);
#171=CIRCLE('',#1812,1.465);
#172=CIRCLE('',#1814,1.91325700655811);
#173=CIRCLE('',#1816,1.91325700655811);
#174=LINE('',#2630,#304);
#175=LINE('',#2644,#305);
#176=LINE('',#2648,#306);
#177=LINE('',#2652,#307);
#178=LINE('',#2686,#308);
#179=LINE('',#2687,#309);
#180=LINE('',#2690,#310);
#181=LINE('',#2693,#311);
#182=LINE('',#2710,#312);
#183=LINE('',#2712,#313);
#184=LINE('',#2713,#314);
#185=LINE('',#2725,#315);
#186=LINE('',#2916,#316);
#187=LINE('',#2919,#317);
#188=LINE('',#2921,#318);
#189=LINE('',#2925,#319);
#190=LINE('',#2928,#320);
#191=LINE('',#2953,#321);
#192=LINE('',#2954,#322);
#193=LINE('',#3021,#323);
#194=LINE('',#3072,#324);
#195=LINE('',#3075,#325);
#196=LINE('',#3079,#326);
#197=LINE('',#3081,#327);
#198=LINE('',#3082,#328);
#199=LINE('',#3137,#329);
#200=LINE('',#3196,#330);
#201=LINE('',#3198,#331);
#202=LINE('',#3201,#332);
#203=LINE('',#3204,#333);
#204=LINE('',#3206,#334);
#205=LINE('',#3207,#335);
#206=LINE('',#3211,#336);
#207=LINE('',#3214,#337);
#208=LINE('',#3215,#338);
#209=LINE('',#3218,#339);
#210=LINE('',#3220,#340);
#211=LINE('',#3222,#341);
#212=LINE('',#3224,#342);
#213=LINE('',#3225,#343);
#214=LINE('',#3227,#344);
#215=LINE('',#3229,#345);
#216=LINE('',#3230,#346);
#217=LINE('',#3233,#347);
#218=LINE('',#3237,#348);
#219=LINE('',#3239,#349);
#220=LINE('',#3240,#350);
#221=LINE('',#3244,#351);
#222=LINE('',#3247,#352);
#223=LINE('',#3248,#353);
#224=LINE('',#3251,#354);
#225=LINE('',#3253,#355);
#226=LINE('',#3254,#356);
#227=LINE('',#3257,#357);
#228=LINE('',#3259,#358);
#229=LINE('',#3261,#359);
#230=LINE('',#3263,#360);
#231=LINE('',#3264,#361);
#232=LINE('',#3267,#362);
#233=LINE('',#3268,#363);
#234=LINE('',#3271,#364);
#235=LINE('',#3272,#365);
#236=LINE('',#3275,#366);
#237=LINE('',#3276,#367);
#238=LINE('',#3281,#368);
#239=LINE('',#3283,#369);
#240=LINE('',#3285,#370);
#241=LINE('',#3288,#371);
#242=LINE('',#3290,#372);
#243=LINE('',#3293,#373);
#244=LINE('',#3295,#374);
#245=LINE('',#3299,#375);
#246=LINE('',#3303,#376);
#247=LINE('',#3307,#377);
#248=LINE('',#3312,#378);
#249=LINE('',#3316,#379);
#250=LINE('',#3319,#380);
#251=LINE('',#3321,#381);
#252=LINE('',#3322,#382);
#253=LINE('',#3327,#383);
#254=LINE('',#3329,#384);
#255=LINE('',#3330,#385);
#256=LINE('',#3331,#386);
#257=LINE('',#3332,#387);
#258=LINE('',#3335,#388);
#259=LINE('',#3339,#389);
#260=LINE('',#3340,#390);
#261=LINE('',#3343,#391);
#262=LINE('',#3350,#392);
#263=LINE('',#3353,#393);
#264=LINE('',#3355,#394);
#265=LINE('',#3356,#395);
#266=LINE('',#3358,#396);
#267=LINE('',#3361,#397);
#268=LINE('',#3364,#398);
#269=LINE('',#3368,#399);
#270=LINE('',#3370,#400);
#271=LINE('',#3373,#401);
#272=LINE('',#3374,#402);
#273=LINE('',#3387,#403);
#274=LINE('',#3397,#404);
#275=LINE('',#3529,#405);
#276=LINE('',#3652,#406);
#277=LINE('',#3654,#407);
#278=LINE('',#3655,#408);
#279=LINE('',#3668,#409);
#280=LINE('',#3685,#410);
#281=LINE('',#3689,#411);
#282=LINE('',#3695,#412);
#283=LINE('',#3702,#413);
#284=LINE('',#3706,#414);
#285=LINE('',#3714,#415);
#286=LINE('',#3719,#416);
#287=LINE('',#3723,#417);
#288=LINE('',#3731,#418);
#289=LINE('',#3736,#419);
#290=LINE('',#3740,#420);
#291=LINE('',#3745,#421);
#292=LINE('',#3753,#422);
#293=LINE('',#3757,#423);
#294=LINE('',#3762,#424);
#295=LINE('',#3770,#425);
#296=LINE('',#3774,#426);
#297=LINE('',#3780,#427);
#298=LINE('',#3787,#428);
#299=LINE('',#3791,#429);
#300=LINE('',#3797,#430);
#301=LINE('',#3804,#431);
#302=LINE('',#3808,#432);
#303=LINE('',#3816,#433);
#304=VECTOR('',#1822,10.);
#305=VECTOR('',#1823,10.);
#306=VECTOR('',#1826,10.);
#307=VECTOR('',#1829,10.);
#308=VECTOR('',#1844,10.);
#309=VECTOR('',#1845,10.);
#310=VECTOR('',#1848,10.);
#311=VECTOR('',#1851,10.);
#312=VECTOR('',#1854,10.);
#313=VECTOR('',#1855,10.);
#314=VECTOR('',#1856,10.);
#315=VECTOR('',#1857,10.);
#316=VECTOR('',#1858,10.);
#317=VECTOR('',#1861,10.);
#318=VECTOR('',#1862,10.);
#319=VECTOR('',#1865,10.);
#320=VECTOR('',#1868,10.);
#321=VECTOR('',#1881,10.);
#322=VECTOR('',#1882,10.);
#323=VECTOR('',#1883,10.);
#324=VECTOR('',#1884,10.);
#325=VECTOR('',#1887,10.);
#326=VECTOR('',#1890,10.);
#327=VECTOR('',#1891,10.);
#328=VECTOR('',#1892,10.);
#329=VECTOR('',#1907,10.);
#330=VECTOR('',#1910,10.);
#331=VECTOR('',#1911,10.);
#332=VECTOR('',#1914,10.);
#333=VECTOR('',#1917,10.);
#334=VECTOR('',#1918,10.);
#335=VECTOR('',#1919,10.);
#336=VECTOR('',#1924,10.);
#337=VECTOR('',#1927,10.);
#338=VECTOR('',#1928,10.);
#339=VECTOR('',#1931,10.);
#340=VECTOR('',#1932,10.);
#341=VECTOR('',#1933,10.);
#342=VECTOR('',#1934,10.);
#343=VECTOR('',#1935,10.);
#344=VECTOR('',#1936,10.);
#345=VECTOR('',#1937,10.);
#346=VECTOR('',#1938,10.);
#347=VECTOR('',#1941,10.);
#348=VECTOR('',#1946,10.);
#349=VECTOR('',#1947,10.);
#350=VECTOR('',#1948,10.);
#351=VECTOR('',#1953,10.);
#352=VECTOR('',#1956,10.);
#353=VECTOR('',#1957,10.);
#354=VECTOR('',#1960,10.);
#355=VECTOR('',#1961,10.);
#356=VECTOR('',#1962,10.);
#357=VECTOR('',#1965,10.);
#358=VECTOR('',#1966,10.);
#359=VECTOR('',#1967,10.);
#360=VECTOR('',#1968,10.);
#361=VECTOR('',#1969,10.);
#362=VECTOR('',#1972,10.);
#363=VECTOR('',#1973,10.);
#364=VECTOR('',#1976,10.);
#365=VECTOR('',#1977,10.);
#366=VECTOR('',#1980,10.);
#367=VECTOR('',#1981,10.);
#368=VECTOR('',#1986,10.);
#369=VECTOR('',#1987,10.);
#370=VECTOR('',#1988,10.);
#371=VECTOR('',#1991,10.);
#372=VECTOR('',#1994,10.);
#373=VECTOR('',#1997,10.);
#374=VECTOR('',#1998,10.);
#375=VECTOR('',#2001,10.);
#376=VECTOR('',#2004,10.);
#377=VECTOR('',#2007,10.);
#378=VECTOR('',#2012,10.);
#379=VECTOR('',#2015,10.);
#380=VECTOR('',#2020,10.);
#381=VECTOR('',#2023,10.);
#382=VECTOR('',#2024,10.);
#383=VECTOR('',#2029,10.);
#384=VECTOR('',#2030,10.);
#385=VECTOR('',#2031,10.);
#386=VECTOR('',#2032,10.);
#387=VECTOR('',#2033,10.);
#388=VECTOR('',#2036,10.);
#389=VECTOR('',#2041,10.);
#390=VECTOR('',#2042,10.);
#391=VECTOR('',#2045,10.);
#392=VECTOR('',#2052,10.);
#393=VECTOR('',#2055,10.);
#394=VECTOR('',#2058,10.);
#395=VECTOR('',#2059,10.);
#396=VECTOR('',#2062,10.);
#397=VECTOR('',#2065,10.);
#398=VECTOR('',#2070,10.);
#399=VECTOR('',#2075,10.);
#400=VECTOR('',#2078,10.);
#401=VECTOR('',#2081,10.);
#402=VECTOR('',#2082,10.);
#403=VECTOR('',#2083,10.);
#404=VECTOR('',#2084,10.);
#405=VECTOR('',#2085,10.);
#406=VECTOR('',#2088,10.);
#407=VECTOR('',#2091,10.);
#408=VECTOR('',#2092,10.);
#409=VECTOR('',#2105,10.);
#410=VECTOR('',#2114,0.519);
#411=VECTOR('',#2119,1.038);
#412=VECTOR('',#2126,1.31325700655811);
#413=VECTOR('',#2135,0.7325);
#414=VECTOR('',#2140,1.465);
#415=VECTOR('',#2151,1.31325700655811);
#416=VECTOR('',#2156,0.7325);
#417=VECTOR('',#2161,1.465);
#418=VECTOR('',#2172,1.31325700655811);
#419=VECTOR('',#2177,0.7325);
#420=VECTOR('',#2182,1.465);
#421=VECTOR('',#2187,2.15);
#422=VECTOR('',#2198,0.7325);
#423=VECTOR('',#2203,1.465);
#424=VECTOR('',#2208,2.15);
#425=VECTOR('',#2219,0.519);
#426=VECTOR('',#2224,1.038);
#427=VECTOR('',#2231,2.15);
#428=VECTOR('',#2240,0.7325);
#429=VECTOR('',#2245,1.465);
#430=VECTOR('',#2252,2.15);
#431=VECTOR('',#2261,0.7325);
#432=VECTOR('',#2266,1.465);
#433=VECTOR('',#2277,1.31325700655811);
#434=CYLINDRICAL_SURFACE('',#1654,0.5);
#435=CYLINDRICAL_SURFACE('',#1655,0.5);
#436=CYLINDRICAL_SURFACE('',#1663,0.5);
#437=CYLINDRICAL_SURFACE('',#1664,4.68316504821221);
#438=CYLINDRICAL_SURFACE('',#1674,0.5);
#439=CYLINDRICAL_SURFACE('',#1679,0.5);
#440=CYLINDRICAL_SURFACE('',#1684,0.5);
#441=CYLINDRICAL_SURFACE('',#1688,4.56256435335469);
#442=CYLINDRICAL_SURFACE('',#1695,4.56256435335469);
#443=CYLINDRICAL_SURFACE('',#1717,4.00000005960464);
#444=CYLINDRICAL_SURFACE('',#1719,3.00000005960464);
#445=CYLINDRICAL_SURFACE('',#1722,3.2067658134736);
#446=CYLINDRICAL_SURFACE('',#1729,3.28462998053519);
#447=CYLINDRICAL_SURFACE('',#1731,3.28462998053519);
#448=CYLINDRICAL_SURFACE('',#1732,3.68316504821221);
#449=CYLINDRICAL_SURFACE('',#1734,4.2067658134736);
#450=CYLINDRICAL_SURFACE('',#1738,3.68316504821221);
#451=CYLINDRICAL_SURFACE('',#1745,4.28462998053519);
#452=CYLINDRICAL_SURFACE('',#1748,1.03775);
#453=CYLINDRICAL_SURFACE('',#1752,1.31325700655811);
#454=CYLINDRICAL_SURFACE('',#1757,1.465);
#455=CYLINDRICAL_SURFACE('',#1763,1.91325700655811);
#456=CYLINDRICAL_SURFACE('',#1766,1.465);
#457=CYLINDRICAL_SURFACE('',#1772,1.91325700655811);
#458=CYLINDRICAL_SURFACE('',#1775,1.465);
#459=CYLINDRICAL_SURFACE('',#1777,2.9);
#460=CYLINDRICAL_SURFACE('',#1784,1.465);
#461=CYLINDRICAL_SURFACE('',#1786,2.9);
#462=CYLINDRICAL_SURFACE('',#1793,1.03775);
#463=CYLINDRICAL_SURFACE('',#1797,2.9);
#464=CYLINDRICAL_SURFACE('',#1802,1.465);
#465=CYLINDRICAL_SURFACE('',#1806,2.9);
#466=CYLINDRICAL_SURFACE('',#1811,1.465);
#467=CYLINDRICAL_SURFACE('',#1817,1.91325700655811);
#468=FACE_OUTER_BOUND('',#575,.T.);
#469=FACE_OUTER_BOUND('',#576,.T.);
#470=FACE_OUTER_BOUND('',#577,.T.);
#471=FACE_OUTER_BOUND('',#578,.T.);
#472=FACE_OUTER_BOUND('',#579,.T.);
#473=FACE_OUTER_BOUND('',#580,.T.);
#474=FACE_OUTER_BOUND('',#581,.T.);
#475=FACE_OUTER_BOUND('',#582,.T.);
#476=FACE_OUTER_BOUND('',#583,.T.);
#477=FACE_OUTER_BOUND('',#584,.T.);
#478=FACE_OUTER_BOUND('',#585,.T.);
#479=FACE_OUTER_BOUND('',#586,.T.);
#480=FACE_OUTER_BOUND('',#587,.T.);
#481=FACE_OUTER_BOUND('',#588,.T.);
#482=FACE_OUTER_BOUND('',#589,.T.);
#483=FACE_OUTER_BOUND('',#590,.T.);
#484=FACE_OUTER_BOUND('',#591,.T.);
#485=FACE_OUTER_BOUND('',#592,.T.);
#486=FACE_OUTER_BOUND('',#593,.T.);
#487=FACE_OUTER_BOUND('',#594,.T.);
#488=FACE_OUTER_BOUND('',#595,.T.);
#489=FACE_OUTER_BOUND('',#596,.T.);
#490=FACE_OUTER_BOUND('',#597,.T.);
#491=FACE_OUTER_BOUND('',#598,.T.);
#492=FACE_OUTER_BOUND('',#599,.T.);
#493=FACE_OUTER_BOUND('',#600,.T.);
#494=FACE_OUTER_BOUND('',#601,.T.);
#495=FACE_OUTER_BOUND('',#602,.T.);
#496=FACE_OUTER_BOUND('',#603,.T.);
#497=FACE_OUTER_BOUND('',#604,.T.);
#498=FACE_OUTER_BOUND('',#605,.T.);
#499=FACE_OUTER_BOUND('',#606,.T.);
#500=FACE_OUTER_BOUND('',#607,.T.);
#501=FACE_OUTER_BOUND('',#608,.T.);
#502=FACE_OUTER_BOUND('',#609,.T.);
#503=FACE_OUTER_BOUND('',#610,.T.);
#504=FACE_OUTER_BOUND('',#611,.T.);
#505=FACE_OUTER_BOUND('',#612,.T.);
#506=FACE_OUTER_BOUND('',#613,.T.);
#507=FACE_OUTER_BOUND('',#614,.T.);
#508=FACE_OUTER_BOUND('',#615,.T.);
#509=FACE_OUTER_BOUND('',#616,.T.);
#510=FACE_OUTER_BOUND('',#617,.T.);
#511=FACE_OUTER_BOUND('',#618,.T.);
#512=FACE_OUTER_BOUND('',#619,.T.);
#513=FACE_OUTER_BOUND('',#620,.T.);
#514=FACE_OUTER_BOUND('',#621,.T.);
#515=FACE_OUTER_BOUND('',#622,.T.);
#516=FACE_OUTER_BOUND('',#623,.T.);
#517=FACE_OUTER_BOUND('',#624,.T.);
#518=FACE_OUTER_BOUND('',#625,.T.);
#519=FACE_OUTER_BOUND('',#626,.T.);
#520=FACE_OUTER_BOUND('',#627,.T.);
#521=FACE_OUTER_BOUND('',#628,.T.);
#522=FACE_OUTER_BOUND('',#629,.T.);
#523=FACE_OUTER_BOUND('',#630,.T.);
#524=FACE_OUTER_BOUND('',#631,.T.);
#525=FACE_OUTER_BOUND('',#632,.T.);
#526=FACE_OUTER_BOUND('',#633,.T.);
#527=FACE_OUTER_BOUND('',#634,.T.);
#528=FACE_OUTER_BOUND('',#635,.T.);
#529=FACE_OUTER_BOUND('',#636,.T.);
#530=FACE_OUTER_BOUND('',#637,.T.);
#531=FACE_OUTER_BOUND('',#638,.T.);
#532=FACE_OUTER_BOUND('',#639,.T.);
#533=FACE_OUTER_BOUND('',#640,.T.);
#534=FACE_OUTER_BOUND('',#641,.T.);
#535=FACE_OUTER_BOUND('',#642,.T.);
#536=FACE_OUTER_BOUND('',#643,.T.);
#537=FACE_OUTER_BOUND('',#644,.T.);
#538=FACE_OUTER_BOUND('',#646,.T.);
#539=FACE_OUTER_BOUND('',#647,.T.);
#540=FACE_OUTER_BOUND('',#648,.T.);
#541=FACE_OUTER_BOUND('',#649,.T.);
#542=FACE_OUTER_BOUND('',#650,.T.);
#543=FACE_OUTER_BOUND('',#652,.T.);
#544=FACE_OUTER_BOUND('',#653,.T.);
#545=FACE_OUTER_BOUND('',#654,.T.);
#546=FACE_OUTER_BOUND('',#655,.T.);
#547=FACE_OUTER_BOUND('',#656,.T.);
#548=FACE_OUTER_BOUND('',#658,.T.);
#549=FACE_OUTER_BOUND('',#659,.T.);
#550=FACE_OUTER_BOUND('',#660,.T.);
#551=FACE_OUTER_BOUND('',#661,.T.);
#552=FACE_OUTER_BOUND('',#662,.T.);
#553=FACE_OUTER_BOUND('',#663,.T.);
#554=FACE_OUTER_BOUND('',#664,.T.);
#555=FACE_OUTER_BOUND('',#666,.T.);
#556=FACE_OUTER_BOUND('',#667,.T.);
#557=FACE_OUTER_BOUND('',#668,.T.);
#558=FACE_OUTER_BOUND('',#669,.T.);
#559=FACE_OUTER_BOUND('',#670,.T.);
#560=FACE_OUTER_BOUND('',#672,.T.);
#561=FACE_OUTER_BOUND('',#673,.T.);
#562=FACE_OUTER_BOUND('',#674,.T.);
#563=FACE_OUTER_BOUND('',#675,.T.);
#564=FACE_OUTER_BOUND('',#676,.T.);
#565=FACE_OUTER_BOUND('',#678,.T.);
#566=FACE_OUTER_BOUND('',#679,.T.);
#567=FACE_OUTER_BOUND('',#680,.T.);
#568=FACE_OUTER_BOUND('',#681,.T.);
#569=FACE_OUTER_BOUND('',#682,.T.);
#570=FACE_OUTER_BOUND('',#684,.T.);
#571=FACE_OUTER_BOUND('',#685,.T.);
#572=FACE_OUTER_BOUND('',#686,.T.);
#573=FACE_OUTER_BOUND('',#687,.T.);
#574=FACE_OUTER_BOUND('',#689,.T.);
#575=EDGE_LOOP('',(#1083,#1084,#1085,#1086));
#576=EDGE_LOOP('',(#1087,#1088,#1089,#1090));
#577=EDGE_LOOP('',(#1091,#1092,#1093,#1094));
#578=EDGE_LOOP('',(#1095,#1096,#1097,#1098));
#579=EDGE_LOOP('',(#1099,#1100,#1101,#1102));
#580=EDGE_LOOP('',(#1103,#1104,#1105,#1106));
#581=EDGE_LOOP('',(#1107,#1108,#1109,#1110));
#582=EDGE_LOOP('',(#1111,#1112,#1113,#1114));
#583=EDGE_LOOP('',(#1115,#1116,#1117,#1118,#1119,#1120,#1121,#1122));
#584=EDGE_LOOP('',(#1123,#1124,#1125,#1126,#1127));
#585=EDGE_LOOP('',(#1128,#1129,#1130,#1131,#1132,#1133,#1134,#1135,#1136,
#1137,#1138,#1139));
#586=EDGE_LOOP('',(#1140,#1141,#1142,#1143));
#587=EDGE_LOOP('',(#1144,#1145,#1146,#1147));
#588=EDGE_LOOP('',(#1148,#1149,#1150,#1151,#1152));
#589=EDGE_LOOP('',(#1153,#1154,#1155,#1156));
#590=EDGE_LOOP('',(#1157,#1158,#1159,#1160,#1161,#1162,#1163,#1164));
#591=EDGE_LOOP('',(#1165,#1166,#1167,#1168,#1169));
#592=EDGE_LOOP('',(#1170,#1171,#1172,#1173));
#593=EDGE_LOOP('',(#1174,#1175,#1176,#1177));
#594=EDGE_LOOP('',(#1178,#1179,#1180,#1181));
#595=EDGE_LOOP('',(#1182,#1183,#1184,#1185));
#596=EDGE_LOOP('',(#1186,#1187,#1188,#1189));
#597=EDGE_LOOP('',(#1190,#1191,#1192,#1193));
#598=EDGE_LOOP('',(#1194,#1195,#1196,#1197));
#599=EDGE_LOOP('',(#1198,#1199,#1200,#1201));
#600=EDGE_LOOP('',(#1202,#1203,#1204,#1205,#1206,#1207,#1208,#1209,#1210,
#1211,#1212,#1213));
#601=EDGE_LOOP('',(#1214,#1215,#1216,#1217));
#602=EDGE_LOOP('',(#1218,#1219,#1220,#1221));
#603=EDGE_LOOP('',(#1222,#1223,#1224,#1225));
#604=EDGE_LOOP('',(#1226,#1227,#1228,#1229));
#605=EDGE_LOOP('',(#1230,#1231,#1232,#1233,#1234,#1235,#1236,#1237));
#606=EDGE_LOOP('',(#1238,#1239,#1240,#1241,#1242,#1243));
#607=EDGE_LOOP('',(#1244,#1245,#1246,#1247));
#608=EDGE_LOOP('',(#1248,#1249,#1250,#1251));
#609=EDGE_LOOP('',(#1252,#1253,#1254,#1255));
#610=EDGE_LOOP('',(#1256,#1257,#1258,#1259,#1260,#1261,#1262,#1263,#1264,
#1265));
#611=EDGE_LOOP('',(#1266,#1267,#1268,#1269));
#612=EDGE_LOOP('',(#1270,#1271,#1272,#1273,#1274,#1275,#1276,#1277,#1278,
#1279,#1280,#1281,#1282,#1283,#1284,#1285,#1286,#1287,#1288,#1289));
#613=EDGE_LOOP('',(#1290,#1291,#1292,#1293));
#614=EDGE_LOOP('',(#1294,#1295,#1296,#1297));
#615=EDGE_LOOP('',(#1298,#1299,#1300,#1301));
#616=EDGE_LOOP('',(#1302,#1303,#1304,#1305,#1306,#1307,#1308));
#617=EDGE_LOOP('',(#1309,#1310,#1311,#1312,#1313));
#618=EDGE_LOOP('',(#1314,#1315,#1316,#1317));
#619=EDGE_LOOP('',(#1318,#1319,#1320,#1321));
#620=EDGE_LOOP('',(#1322,#1323,#1324,#1325));
#621=EDGE_LOOP('',(#1326,#1327,#1328,#1329));
#622=EDGE_LOOP('',(#1330,#1331,#1332,#1333,#1334,#1335));
#623=EDGE_LOOP('',(#1336,#1337,#1338,#1339,#1340));
#624=EDGE_LOOP('',(#1341,#1342,#1343,#1344));
#625=EDGE_LOOP('',(#1345,#1346,#1347,#1348,#1349));
#626=EDGE_LOOP('',(#1350,#1351,#1352,#1353));
#627=EDGE_LOOP('',(#1354,#1355,#1356,#1357,#1358,#1359));
#628=EDGE_LOOP('',(#1360,#1361,#1362,#1363));
#629=EDGE_LOOP('',(#1364,#1365,#1366,#1367));
#630=EDGE_LOOP('',(#1368,#1369,#1370,#1371));
#631=EDGE_LOOP('',(#1372,#1373,#1374,#1375));
#632=EDGE_LOOP('',(#1376,#1377,#1378,#1379,#1380,#1381));
#633=EDGE_LOOP('',(#1382,#1383,#1384,#1385));
#634=EDGE_LOOP('',(#1386,#1387));
#635=EDGE_LOOP('',(#1388,#1389,#1390));
#636=EDGE_LOOP('',(#1391,#1392,#1393));
#637=EDGE_LOOP('',(#1394,#1395));
#638=EDGE_LOOP('',(#1396,#1397,#1398,#1399,#1400,#1401,#1402,#1403));
#639=EDGE_LOOP('',(#1404,#1405,#1406,#1407,#1408));
#640=EDGE_LOOP('',(#1409,#1410,#1411,#1412,#1413,#1414));
#641=EDGE_LOOP('',(#1415,#1416,#1417,#1418));
#642=EDGE_LOOP('',(#1419,#1420,#1421));
#643=EDGE_LOOP('',(#1422,#1423,#1424,#1425));
#644=EDGE_LOOP('',(#1426));
#645=EDGE_LOOP('',(#1427));
#646=EDGE_LOOP('',(#1428,#1429,#1430,#1431));
#647=EDGE_LOOP('',(#1432));
#648=EDGE_LOOP('',(#1433,#1434,#1435));
#649=EDGE_LOOP('',(#1436,#1437,#1438,#1439));
#650=EDGE_LOOP('',(#1440));
#651=EDGE_LOOP('',(#1441));
#652=EDGE_LOOP('',(#1442));
#653=EDGE_LOOP('',(#1443,#1444,#1445,#1446));
#654=EDGE_LOOP('',(#1447,#1448,#1449));
#655=EDGE_LOOP('',(#1450,#1451,#1452,#1453));
#656=EDGE_LOOP('',(#1454));
#657=EDGE_LOOP('',(#1455));
#658=EDGE_LOOP('',(#1456));
#659=EDGE_LOOP('',(#1457,#1458,#1459,#1460));
#660=EDGE_LOOP('',(#1461,#1462,#1463));
#661=EDGE_LOOP('',(#1464,#1465,#1466,#1467));
#662=EDGE_LOOP('',(#1468,#1469,#1470,#1471));
#663=EDGE_LOOP('',(#1472));
#664=EDGE_LOOP('',(#1473));
#665=EDGE_LOOP('',(#1474));
#666=EDGE_LOOP('',(#1475,#1476,#1477));
#667=EDGE_LOOP('',(#1478,#1479,#1480,#1481));
#668=EDGE_LOOP('',(#1482,#1483,#1484,#1485));
#669=EDGE_LOOP('',(#1486));
#670=EDGE_LOOP('',(#1487));
#671=EDGE_LOOP('',(#1488));
#672=EDGE_LOOP('',(#1489,#1490,#1491));
#673=EDGE_LOOP('',(#1492,#1493,#1494,#1495));
#674=EDGE_LOOP('',(#1496));
#675=EDGE_LOOP('',(#1497,#1498,#1499,#1500));
#676=EDGE_LOOP('',(#1501));
#677=EDGE_LOOP('',(#1502));
#678=EDGE_LOOP('',(#1503,#1504,#1505));
#679=EDGE_LOOP('',(#1506,#1507,#1508,#1509));
#680=EDGE_LOOP('',(#1510));
#681=EDGE_LOOP('',(#1511,#1512,#1513,#1514));
#682=EDGE_LOOP('',(#1515));
#683=EDGE_LOOP('',(#1516));
#684=EDGE_LOOP('',(#1517,#1518,#1519));
#685=EDGE_LOOP('',(#1520,#1521,#1522,#1523));
#686=EDGE_LOOP('',(#1524));
#687=EDGE_LOOP('',(#1525));
#688=EDGE_LOOP('',(#1526));
#689=EDGE_LOOP('',(#1527,#1528,#1529,#1530));
#690=B_SPLINE_CURVE_WITH_KNOTS('',3,(#2346,#2347,#2348,#2349,#2350,#2351,
#2352,#2353,#2354,#2355,#2356,#2357,#2358),.UNSPECIFIED.,.F.,.F.,(4,1,1,
1,1,1,1,1,2,4),(-1.73972443120685,-1.43819072531949,-1.13665701943214,-0.98589016648846,
-0.835123313544782,-0.684356460601104,-0.533589607657426,-0.382822754713748,
-0.232055901770069,-0.232054707315211),.UNSPECIFIED.);
#691=B_SPLINE_CURVE_WITH_KNOTS('',3,(#2360,#2361,#2362,#2363,#2364,#2365,
#2366,#2367,#2368,#2369,#2370,#2371,#2372,#2373,#2374,#2375,#2376,#2377,
#2378,#2379,#2380,#2381,#2382,#2383,#2384,#2385,#2386,#2387,#2388,#2389,
#2390,#2391,#2392,#2393,#2394,#2395,#2396,#2397,#2398,#2399,#2400,#2401,
#2402),.UNSPECIFIED.,.F.,.F.,(4,3,3,3,3,3,3,3,3,3,3,3,3,3,4),(-0.000320115892672431,
0.,0.00782303538023781,0.0158335041659067,0.0200280810314635,0.02802964872007,
0.0358736833366018,0.0391715417337069,0.0395991273510945,0.0474295274137312,
0.0554221882917675,0.0591100392485744,0.0670994697412656,0.074924770017052,
0.0785905205337649),.UNSPECIFIED.);
#692=B_SPLINE_CURVE_WITH_KNOTS('',3,(#2404,#2405,#2406,#2407,#2408,#2409,
#2410,#2411,#2412,#2413,#2414,#2415,#2416),.UNSPECIFIED.,.F.,.F.,(4,2,1,
1,1,1,1,1,1,4),(0.228222275872717,0.232055901770069,0.382822754713748,0.533589607657426,
0.684356460601104,0.835123313544782,0.98589016648846,1.13665701943214,1.43819072531949,
1.73841528265338),.UNSPECIFIED.);
#693=B_SPLINE_CURVE_WITH_KNOTS('',3,(#2417,#2418,#2419,#2420,#2421,#2422,
#2423,#2424,#2425,#2426,#2427,#2428,#2429,#2430,#2431,#2432,#2433,#2434,
#2435,#2436,#2437,#2438,#2439,#2440,#2441,#2442,#2443,#2444,#2445,#2446,
#2447,#2448,#2449,#2450,#2451,#2452,#2453,#2454,#2455,#2456,#2457,#2458,
#2459),.UNSPECIFIED.,.F.,.F.,(4,3,3,3,3,3,3,3,3,3,3,3,3,3,4),(-0.000338780157155923,
0.,0.00780216190370352,0.0157970042157527,0.0198707111567938,0.0278592189845231,
0.0357024915345295,0.0390678216405349,0.0394074408490713,0.0472221306655217,
0.0552135793313685,0.0589372085876896,0.0669255502507458,0.0747550176255894,
0.0784634441551899),.UNSPECIFIED.);
#694=B_SPLINE_CURVE_WITH_KNOTS('',3,(#2522,#2523,#2524,#2525,#2526,#2527,
#2528,#2529,#2530,#2531,#2532,#2533),.UNSPECIFIED.,.F.,.F.,(4,1,1,1,1,1,
1,2,4),(0.00130871187574283,0.301533705887353,0.603067411774711,0.753834264718389,
0.829217691190229,0.904601117662068,1.20613482354943,1.50766852943678,1.51150215533413),
 .UNSPECIFIED.);
#695=B_SPLINE_CURVE_WITH_KNOTS('',3,(#2535,#2536,#2537,#2538,#2539,#2540,
#2541,#2542,#2543,#2544,#2545,#2546,#2547,#2548,#2549,#2550,#2551,#2552,
#2553,#2554,#2555,#2556,#2557,#2558,#2559,#2560,#2561,#2562,#2563,#2564,
#2565,#2566,#2567,#2568,#2569,#2570,#2571,#2572,#2573,#2574),
 .UNSPECIFIED.,.F.,.F.,(4,3,3,3,3,3,3,3,3,3,3,3,3,4),(0.,0.00782566356600581,
0.0157945391285162,0.0194780555901836,0.0274366393223185,0.0337861072878647,
0.0389865379963538,0.0468490595410755,0.0548653268624143,0.0585551473367679,
0.066591392918474,0.0743800135758202,0.0785807344719539,0.0789008105038963),
 .UNSPECIFIED.);
#696=B_SPLINE_CURVE_WITH_KNOTS('',3,(#2576,#2577,#2578,#2579,#2580,#2581,
#2582,#2583,#2584,#2585,#2586,#2587),.UNSPECIFIED.,.F.,.F.,(4,2,1,1,1,1,
1,1,4),(-1.50767022487873,-1.50766852943678,-1.20613482354943,-0.904601117662068,
-0.829217691190229,-0.753834264718389,-0.603067411774711,-0.301533705887353,
4.44819333694851E-15),.UNSPECIFIED.);
#697=B_SPLINE_CURVE_WITH_KNOTS('',3,(#2588,#2589,#2590,#2591,#2592,#2593,
#2594,#2595,#2596,#2597,#2598,#2599,#2600,#2601,#2602,#2603,#2604,#2605,
#2606,#2607,#2608,#2609,#2610,#2611,#2612,#2613,#2614,#2615,#2616,#2617,
#2618,#2619,#2620,#2621,#2622,#2623,#2624,#2625,#2626,#2627),
 .UNSPECIFIED.,.F.,.F.,(4,3,3,3,3,3,3,3,3,3,3,3,3,4),(0.,0.00782855929597534,
0.0157937051992355,0.0195259538561308,0.0274785631137213,0.0337731586920916,
0.0390554398327362,0.0469322944660037,0.0549413069554715,0.0585918876625636,
0.0666055804928849,0.0744180879401589,0.0784623121387761,0.0788010874082457),
 .UNSPECIFIED.);
#698=B_SPLINE_CURVE_WITH_KNOTS('',3,(#2632,#2633,#2634,#2635,#2636,#2637,
#2638,#2639,#2640,#2641,#2642,#2643),.UNSPECIFIED.,.F.,.F.,(4,2,2,2,2,4),
(-0.0788208201538516,-0.0783629664989368,-0.0585846160269796,-0.0390423123276398,
-0.0195170000565436,0.),.UNSPECIFIED.);
#699=B_SPLINE_CURVE_WITH_KNOTS('',3,(#2653,#2654,#2655,#2656,#2657,#2658,
#2659,#2660,#2661,#2662,#2663,#2664),.UNSPECIFIED.,.F.,.F.,(4,2,2,2,2,4),
(-0.0788187757983451,-0.0783708177430262,-0.05858535108507,-0.0390436016093403,
-0.0195178699376592,0.),.UNSPECIFIED.);
#700=B_SPLINE_CURVE_WITH_KNOTS('',3,(#2673,#2674,#2675,#2676,#2677,#2678,
#2679,#2680,#2681,#2682,#2683,#2684),.UNSPECIFIED.,.F.,.F.,(4,2,2,2,2,4),
(-0.15727598205854,-0.156862270755284,-0.137012555265025,-0.117463350818153,
-0.0979407243754303,-0.0784311353776427),.UNSPECIFIED.);
#701=B_SPLINE_CURVE_WITH_KNOTS('',3,(#2696,#2697,#2698,#2699,#2700,#2701),
 .UNSPECIFIED.,.F.,.F.,(4,2,4),(-0.00385646320355443,0.,0.230230576816846),
 .UNSPECIFIED.);
#702=B_SPLINE_CURVE_WITH_KNOTS('',3,(#2703,#2704,#2705,#2706,#2707,#2708),
 .UNSPECIFIED.,.F.,.F.,(4,1,1,4),(-0.984968272573785,-0.562839012899306,
-0.422129259674479,-0.230230576816846),.UNSPECIFIED.);
#703=B_SPLINE_CURVE_WITH_KNOTS('',3,(#2727,#2728,#2729,#2730,#2731,#2732,
#2733,#2734,#2735,#2736,#2737,#2738,#2739,#2740,#2741,#2742,#2743,#2744,
#2745,#2746,#2747,#2748,#2749,#2750,#2751,#2752,#2753,#2754,#2755,#2756,
#2757,#2758,#2759,#2760,#2761,#2762,#2763,#2764,#2765,#2766,#2767,#2768,
#2769,#2770,#2771,#2772,#2773,#2774,#2775,#2776,#2777,#2778,#2779,#2780,
#2781,#2782,#2783,#2784,#2785,#2786,#2787,#2788,#2789,#2790,#2791,#2792,
#2793,#2794,#2795,#2796,#2797,#2798,#2799,#2800,#2801,#2802,#2803,#2804,
#2805,#2806,#2807,#2808,#2809,#2810,#2811,#2812,#2813,#2814,#2815,#2816,
#2817,#2818,#2819,#2820,#2821,#2822,#2823,#2824,#2825,#2826,#2827,#2828,
#2829,#2830,#2831,#2832,#2833,#2834,#2835,#2836,#2837,#2838,#2839,#2840,
#2841,#2842,#2843,#2844,#2845,#2846,#2847,#2848,#2849,#2850),
 .UNSPECIFIED.,.F.,.F.,(4,3,3,3,3,3,3,3,3,3,3,3,3,3,3,3,3,3,3,3,3,3,3,3,
3,3,3,3,3,3,3,3,3,3,3,3,3,3,3,3,3,4),(0.71731433128345,0.767262298164323,
0.820056311906762,0.876237817590839,0.936305919462942,1.00096229945797,
1.07113079867511,1.14918689019206,1.22532094578603,1.2954991503395,1.36022484243654,
1.42048558284864,1.47699270760561,1.53023658273969,1.58057105269844,1.62826583498823,
1.67353675870159,1.7165634721987,1.75750014909622,1.79648219231329,1.83363058245445,
1.8690547982955,1.90285484732332,1.93512272676052,1.9659435106955,1.99539618546362,
2.02355431115801,2.05048655991913,2.07625716458096,2.10092630036588,2.12455041525858,
2.14718252004369,2.16839268415986,2.18879233301039,2.20841818415544,2.22730499962969,
2.24548570783738,2.26302659874588,2.27960289387469,2.29566411885742,2.31101733468925,
2.31564927147138),.UNSPECIFIED.);
#704=B_SPLINE_CURVE_WITH_KNOTS('',3,(#2852,#2853,#2854,#2855,#2856,#2857,
#2858,#2859,#2860,#2861,#2862,#2863,#2864,#2865,#2866,#2867,#2868,#2869,
#2870,#2871,#2872,#2873,#2874,#2875,#2876,#2877,#2878,#2879,#2880,#2881,
#2882,#2883,#2884,#2885,#2886,#2887,#2888,#2889,#2890,#2891,#2892,#2893,
#2894,#2895,#2896,#2897,#2898,#2899,#2900,#2901,#2902,#2903,#2904,#2905,
#2906,#2907,#2908,#2909,#2910,#2911,#2912,#2913,#2914,#2915),
 .UNSPECIFIED.,.F.,.F.,(4,3,3,3,3,3,3,3,3,3,3,3,3,3,3,3,3,3,3,3,3,4),(0.,
0.019971512812116,0.0417634758893452,0.0640665487325142,0.0873676151121497,
0.111720472004106,0.137182361109413,0.163814235183617,0.191681052386457,
0.220852103734658,0.252136281860625,0.284875979413377,0.319153292404859,
0.355056164258686,0.392679018165786,0.433258432305494,0.475595469972468,
0.519911750028546,0.566324851932099,0.615976706785647,0.669118861999252,
0.71731433128345),.UNSPECIFIED.);
#705=B_SPLINE_CURVE_WITH_KNOTS('',3,(#2936,#2937,#2938,#2939,#2940,#2941,
#2942,#2943,#2944,#2945,#2946,#2947),.UNSPECIFIED.,.F.,.F.,(4,2,2,2,2,4),
(-0.000664889106270797,0.,0.0195546908359911,0.0390939918328565,0.0586220463742636,
0.0781446496121982),.UNSPECIFIED.);
#706=B_SPLINE_CURVE_WITH_KNOTS('',3,(#2996,#2997,#2998,#2999,#3000,#3001),
 .UNSPECIFIED.,.F.,.F.,(4,1,1,4),(-0.754737691910277,-0.562839012899306,
-0.422129259674479,0.),.UNSPECIFIED.);
#707=B_SPLINE_CURVE_WITH_KNOTS('',3,(#3002,#3003,#3004,#3005,#3006,#3007),
 .UNSPECIFIED.,.F.,.F.,(4,1,1,4),(0.,0.422129259674479,0.562839012899306,
0.984935972064094),.UNSPECIFIED.);
#708=B_SPLINE_CURVE_WITH_KNOTS('',3,(#3008,#3009,#3010,#3011,#3012,#3013),
 .UNSPECIFIED.,.F.,.F.,(4,2,4),(0.754737691910277,0.984968272573785,0.988824735777342),
 .UNSPECIFIED.);
#709=B_SPLINE_CURVE_WITH_KNOTS('',3,(#3023,#3024,#3025,#3026,#3027,#3028,
#3029,#3030,#3031,#3032,#3033,#3034,#3035,#3036,#3037,#3038,#3039,#3040,
#3041,#3042,#3043,#3044,#3045,#3046,#3047,#3048,#3049,#3050,#3051,#3052,
#3053,#3054,#3055,#3056,#3057,#3058,#3059,#3060,#3061,#3062,#3063,#3064,
#3065,#3066,#3067,#3068,#3069,#3070,#3071),.UNSPECIFIED.,.F.,.F.,(4,3,3,
3,3,3,3,3,3,3,3,3,3,3,3,3,4),(0.,0.0549600235403032,0.112994793270855,0.173100142599307,
0.235272510174381,0.299404389785054,0.365207233659095,0.432135265530144,
0.49918267862682,0.565346789857825,0.630061976421283,0.692990555765065,
0.753432065831038,0.811586760789838,0.868098543226819,0.922367406054366,
0.934756596028955),.UNSPECIFIED.);
#710=B_SPLINE_CURVE_WITH_KNOTS('',3,(#3123,#3124,#3125,#3126,#3127,#3128),
 .UNSPECIFIED.,.F.,.F.,(4,1,1,4),(3.23005096907934E-5,0.422129259674479,
0.562839012899306,0.984968272573785),.UNSPECIFIED.);
#711=B_SPLINE_CURVE_WITH_KNOTS('',3,(#3144,#3145,#3146,#3147,#3148,#3149,
#3150,#3151,#3152,#3153,#3154,#3155,#3156,#3157,#3158,#3159,#3160,#3161,
#3162,#3163,#3164,#3165,#3166,#3167,#3168,#3169,#3170,#3171,#3172,#3173,
#3174,#3175,#3176,#3177,#3178,#3179,#3180,#3181,#3182,#3183,#3184,#3185,
#3186,#3187,#3188,#3189,#3190,#3191,#3192),.UNSPECIFIED.,.F.,.F.,(4,3,3,
3,3,3,3,3,3,3,3,3,3,3,3,3,4),(0.,0.0619571145773042,0.12735897657206,0.195086329457819,
0.265169520875455,0.337554384674081,0.412028392828507,0.488125837524778,
0.565087294676407,0.641460775069509,0.716469125606614,0.789585081058663,
0.859737203359783,0.927412900528449,0.993163705615747,1.05627758363053,
1.07019357026314),.UNSPECIFIED.);
#712=B_SPLINE_CURVE_WITH_KNOTS('',3,(#3398,#3399,#3400,#3401),
 .UNSPECIFIED.,.F.,.F.,(4,4),(2.2405003855541,3.30573354020845),
 .UNSPECIFIED.);
#713=B_SPLINE_CURVE_WITH_KNOTS('',3,(#3408,#3409,#3410,#3411,#3412,#3413,
#3414,#3415,#3416,#3417,#3418,#3419,#3420,#3421,#3422,#3423,#3424,#3425,
#3426,#3427,#3428,#3429,#3430,#3431,#3432,#3433,#3434,#3435,#3436,#3437,
#3438,#3439,#3440,#3441,#3442,#3443,#3444,#3445,#3446,#3447,#3448,#3449,
#3450,#3451,#3452,#3453,#3454,#3455,#3456,#3457,#3458,#3459,#3460,#3461,
#3462,#3463,#3464,#3465,#3466,#3467,#3468,#3469,#3470,#3471,#3472,#3473,
#3474,#3475,#3476,#3477,#3478,#3479,#3480,#3481,#3482,#3483,#3484,#3485,
#3486,#3487,#3488,#3489,#3490,#3491,#3492,#3493,#3494,#3495,#3496,#3497,
#3498,#3499,#3500,#3501,#3502,#3503,#3504,#3505,#3506,#3507,#3508,#3509,
#3510,#3511,#3512,#3513,#3514,#3515,#3516,#3517,#3518,#3519,#3520,#3521,
#3522,#3523,#3524,#3525,#3526,#3527,#3528),.UNSPECIFIED.,.F.,.F.,(4,3,3,
3,3,3,3,3,3,3,3,3,3,3,3,3,3,3,3,3,3,3,3,3,3,3,3,3,3,3,3,3,3,3,3,3,3,3,3,
3,4),(0.,0.0223378772689222,0.0455923754189725,0.0698088315912124,0.0950352217804132,
0.121322339764637,0.148723990555355,0.17729719996192,0.207102442152233,
0.239508823952413,0.272720167530953,0.307397880338896,0.34362029756074,
0.381470801499983,0.421038244121362,0.462417428581197,0.505709666066705,
0.551023431245388,0.598475150236828,0.64819017139719,0.7015231783447,0.757441193479915,
0.816107891108084,0.877704878179383,0.942436592313833,1.01053766447169,
1.08228434296491,1.16015445549859,1.24255406701019,1.33010309621546,1.42366893630034,
1.52443252086786,1.63666738182837,1.74998261930801,1.85601888527035,1.95359212979582,
2.0407823590513,2.12331541146831,2.20221314441603,2.2755667255305,2.28111087736375),
 .UNSPECIFIED.);
#714=B_SPLINE_CURVE_WITH_KNOTS('',3,(#3530,#3531,#3532,#3533,#3534,#3535,
#3536,#3537,#3538,#3539,#3540,#3541,#3542,#3543,#3544,#3545,#3546,#3547,
#3548,#3549,#3550,#3551,#3552,#3553,#3554,#3555,#3556,#3557,#3558,#3559,
#3560,#3561,#3562,#3563,#3564,#3565,#3566,#3567,#3568,#3569,#3570,#3571,
#3572,#3573,#3574,#3575,#3576,#3577,#3578,#3579,#3580,#3581,#3582,#3583,
#3584,#3585,#3586,#3587,#3588,#3589,#3590,#3591,#3592,#3593,#3594,#3595,
#3596,#3597,#3598,#3599,#3600,#3601,#3602,#3603,#3604,#3605,#3606,#3607,
#3608,#3609,#3610,#3611,#3612,#3613,#3614,#3615,#3616,#3617,#3618,#3619,
#3620,#3621,#3622,#3623,#3624,#3625,#3626,#3627,#3628,#3629,#3630,#3631,
#3632,#3633,#3634,#3635,#3636,#3637,#3638,#3639,#3640,#3641,#3642,#3643,
#3644,#3645,#3646,#3647,#3648,#3649,#3650),.UNSPECIFIED.,.F.,.F.,(4,3,3,
3,3,3,3,3,3,3,3,3,3,3,3,3,3,3,3,3,3,3,3,3,3,3,3,3,3,3,3,3,3,3,3,3,3,3,3,
3,4),(0.,0.0219172202859521,0.0452225423293836,0.07010946303308,0.0968490395499207,
0.125815842699523,0.157351533215734,0.19021661250341,0.220763737334511,
0.248860679883236,0.27494607219901,0.299361052335536,0.322338750068948,
0.34404419978675,0.364600918337081,0.384106250688545,0.40264025983014,0.420271034399546,
0.437057971148485,0.453053878397487,0.4683063721052,0.482858835209644,0.496751099972072,
0.510019950033549,0.522699502118234,0.534821505331698,0.546415582571409,
0.557509430198711,0.568128986815554,0.578298578566174,0.588041046143042,
0.597559252119717,0.606315278244426,0.614739372770545,0.622846444565797,
0.63065061598784,0.63816527125323,0.645262781214339,0.652140287548311,0.658677571731465,
0.664186693956446),.UNSPECIFIED.);
#715=B_SPLINE_CURVE_WITH_KNOTS('',3,(#3661,#3662,#3663,#3664,#3665,#3666),
 .UNSPECIFIED.,.F.,.F.,(4,2,4),(0.,1.59572253367135,2.2405003855541),
 .UNSPECIFIED.);
#716=VERTEX_POINT('',#2344);
#717=VERTEX_POINT('',#2345);
#718=VERTEX_POINT('',#2359);
#719=VERTEX_POINT('',#2403);
#720=VERTEX_POINT('',#2520);
#721=VERTEX_POINT('',#2521);
#722=VERTEX_POINT('',#2534);
#723=VERTEX_POINT('',#2575);
#724=VERTEX_POINT('',#2629);
#725=VERTEX_POINT('',#2631);
#726=VERTEX_POINT('',#2646);
#727=VERTEX_POINT('',#2647);
#728=VERTEX_POINT('',#2649);
#729=VERTEX_POINT('',#2651);
#730=VERTEX_POINT('',#2669);
#731=VERTEX_POINT('',#2671);
#732=VERTEX_POINT('',#2689);
#733=VERTEX_POINT('',#2691);
#734=VERTEX_POINT('',#2695);
#735=VERTEX_POINT('',#2702);
#736=VERTEX_POINT('',#2709);
#737=VERTEX_POINT('',#2711);
#738=VERTEX_POINT('',#2724);
#739=VERTEX_POINT('',#2726);
#740=VERTEX_POINT('',#2851);
#741=VERTEX_POINT('',#2918);
#742=VERTEX_POINT('',#2920);
#743=VERTEX_POINT('',#2922);
#744=VERTEX_POINT('',#2924);
#745=VERTEX_POINT('',#2926);
#746=VERTEX_POINT('',#2930);
#747=VERTEX_POINT('',#2931);
#748=VERTEX_POINT('',#2933);
#749=VERTEX_POINT('',#2935);
#750=VERTEX_POINT('',#2950);
#751=VERTEX_POINT('',#2951);
#752=VERTEX_POINT('',#2995);
#753=VERTEX_POINT('',#3020);
#754=VERTEX_POINT('',#3022);
#755=VERTEX_POINT('',#3074);
#756=VERTEX_POINT('',#3076);
#757=VERTEX_POINT('',#3078);
#758=VERTEX_POINT('',#3080);
#759=VERTEX_POINT('',#3133);
#760=VERTEX_POINT('',#3194);
#761=VERTEX_POINT('',#3195);
#762=VERTEX_POINT('',#3197);
#763=VERTEX_POINT('',#3199);
#764=VERTEX_POINT('',#3203);
#765=VERTEX_POINT('',#3205);
#766=VERTEX_POINT('',#3209);
#767=VERTEX_POINT('',#3213);
#768=VERTEX_POINT('',#3217);
#769=VERTEX_POINT('',#3219);
#770=VERTEX_POINT('',#3221);
#771=VERTEX_POINT('',#3223);
#772=VERTEX_POINT('',#3226);
#773=VERTEX_POINT('',#3228);
#774=VERTEX_POINT('',#3232);
#775=VERTEX_POINT('',#3236);
#776=VERTEX_POINT('',#3238);
#777=VERTEX_POINT('',#3242);
#778=VERTEX_POINT('',#3246);
#779=VERTEX_POINT('',#3250);
#780=VERTEX_POINT('',#3252);
#781=VERTEX_POINT('',#3256);
#782=VERTEX_POINT('',#3258);
#783=VERTEX_POINT('',#3260);
#784=VERTEX_POINT('',#3262);
#785=VERTEX_POINT('',#3266);
#786=VERTEX_POINT('',#3270);
#787=VERTEX_POINT('',#3274);
#788=VERTEX_POINT('',#3278);
#789=VERTEX_POINT('',#3280);
#790=VERTEX_POINT('',#3282);
#791=VERTEX_POINT('',#3284);
#792=VERTEX_POINT('',#3286);
#793=VERTEX_POINT('',#3292);
#794=VERTEX_POINT('',#3294);
#795=VERTEX_POINT('',#3296);
#796=VERTEX_POINT('',#3298);
#797=VERTEX_POINT('',#3300);
#798=VERTEX_POINT('',#3302);
#799=VERTEX_POINT('',#3304);
#800=VERTEX_POINT('',#3306);
#801=VERTEX_POINT('',#3309);
#802=VERTEX_POINT('',#3311);
#803=VERTEX_POINT('',#3313);
#804=VERTEX_POINT('',#3315);
#805=VERTEX_POINT('',#3325);
#806=VERTEX_POINT('',#3326);
#807=VERTEX_POINT('',#3328);
#808=VERTEX_POINT('',#3334);
#809=VERTEX_POINT('',#3338);
#810=VERTEX_POINT('',#3342);
#811=VERTEX_POINT('',#3346);
#812=VERTEX_POINT('',#3347);
#813=VERTEX_POINT('',#3349);
#814=VERTEX_POINT('',#3351);
#815=VERTEX_POINT('',#3360);
#816=VERTEX_POINT('',#3366);
#817=VERTEX_POINT('',#3372);
#818=VERTEX_POINT('',#3396);
#819=VERTEX_POINT('',#3682);
#820=VERTEX_POINT('',#3684);
#821=VERTEX_POINT('',#3687);
#822=VERTEX_POINT('',#3691);
#823=VERTEX_POINT('',#3694);
#824=VERTEX_POINT('',#3699);
#825=VERTEX_POINT('',#3701);
#826=VERTEX_POINT('',#3704);
#827=VERTEX_POINT('',#3708);
#828=VERTEX_POINT('',#3711);
#829=VERTEX_POINT('',#3716);
#830=VERTEX_POINT('',#3718);
#831=VERTEX_POINT('',#3721);
#832=VERTEX_POINT('',#3725);
#833=VERTEX_POINT('',#3728);
#834=VERTEX_POINT('',#3733);
#835=VERTEX_POINT('',#3735);
#836=VERTEX_POINT('',#3738);
#837=VERTEX_POINT('',#3742);
#838=VERTEX_POINT('',#3744);
#839=VERTEX_POINT('',#3750);
#840=VERTEX_POINT('',#3752);
#841=VERTEX_POINT('',#3755);
#842=VERTEX_POINT('',#3759);
#843=VERTEX_POINT('',#3761);
#844=VERTEX_POINT('',#3767);
#845=VERTEX_POINT('',#3769);
#846=VERTEX_POINT('',#3772);
#847=VERTEX_POINT('',#3776);
#848=VERTEX_POINT('',#3779);
#849=VERTEX_POINT('',#3784);
#850=VERTEX_POINT('',#3786);
#851=VERTEX_POINT('',#3789);
#852=VERTEX_POINT('',#3793);
#853=VERTEX_POINT('',#3796);
#854=VERTEX_POINT('',#3801);
#855=VERTEX_POINT('',#3803);
#856=VERTEX_POINT('',#3806);
#857=VERTEX_POINT('',#3810);
#858=VERTEX_POINT('',#3813);
#859=EDGE_CURVE('',#716,#717,#690,.T.);
#860=EDGE_CURVE('',#717,#718,#691,.F.);
#861=EDGE_CURVE('',#718,#719,#692,.T.);
#862=EDGE_CURVE('',#719,#716,#693,.T.);
#863=EDGE_CURVE('',#720,#721,#694,.T.);
#864=EDGE_CURVE('',#721,#722,#695,.F.);
#865=EDGE_CURVE('',#722,#723,#696,.T.);
#866=EDGE_CURVE('',#723,#720,#697,.T.);
#867=EDGE_CURVE('',#723,#724,#174,.T.);
#868=EDGE_CURVE('',#724,#725,#698,.T.);
#869=EDGE_CURVE('',#725,#720,#175,.T.);
#870=EDGE_CURVE('',#726,#727,#176,.T.);
#871=EDGE_CURVE('',#727,#728,#108,.T.);
#872=EDGE_CURVE('',#728,#729,#177,.T.);
#873=EDGE_CURVE('',#729,#726,#699,.T.);
#874=EDGE_CURVE('',#724,#728,#109,.T.);
#875=EDGE_CURVE('',#727,#725,#110,.T.);
#876=EDGE_CURVE('',#730,#726,#111,.T.);
#877=EDGE_CURVE('',#729,#731,#112,.T.);
#878=EDGE_CURVE('',#731,#730,#700,.T.);
#879=EDGE_CURVE('',#719,#730,#178,.T.);
#880=EDGE_CURVE('',#731,#716,#179,.T.);
#881=EDGE_CURVE('',#730,#732,#180,.T.);
#882=EDGE_CURVE('',#733,#732,#113,.T.);
#883=EDGE_CURVE('',#733,#726,#181,.T.);
#884=EDGE_CURVE('',#718,#734,#701,.T.);
#885=EDGE_CURVE('',#735,#734,#702,.T.);
#886=EDGE_CURVE('',#736,#735,#182,.T.);
#887=EDGE_CURVE('',#737,#736,#183,.T.);
#888=EDGE_CURVE('',#732,#737,#184,.T.);
#889=EDGE_CURVE('',#738,#716,#185,.T.);
#890=EDGE_CURVE('',#739,#738,#703,.T.);
#891=EDGE_CURVE('',#740,#739,#704,.T.);
#892=EDGE_CURVE('',#717,#740,#186,.T.);
#893=EDGE_CURVE('',#723,#741,#187,.T.);
#894=EDGE_CURVE('',#741,#742,#188,.T.);
#895=EDGE_CURVE('',#742,#743,#114,.T.);
#896=EDGE_CURVE('',#743,#744,#189,.T.);
#897=EDGE_CURVE('',#744,#745,#115,.T.);
#898=EDGE_CURVE('',#745,#738,#190,.T.);
#899=EDGE_CURVE('',#746,#747,#116,.T.);
#900=EDGE_CURVE('',#747,#748,#117,.T.);
#901=EDGE_CURVE('',#748,#749,#705,.F.);
#902=EDGE_CURVE('',#749,#746,#118,.T.);
#903=EDGE_CURVE('',#750,#751,#119,.T.);
#904=EDGE_CURVE('',#751,#747,#191,.T.);
#905=EDGE_CURVE('',#746,#750,#192,.T.);
#906=EDGE_CURVE('',#752,#751,#706,.T.);
#907=EDGE_CURVE('',#750,#722,#707,.T.);
#908=EDGE_CURVE('',#752,#721,#708,.T.);
#909=EDGE_CURVE('',#753,#750,#193,.T.);
#910=EDGE_CURVE('',#754,#753,#709,.T.);
#911=EDGE_CURVE('',#754,#722,#194,.T.);
#912=EDGE_CURVE('',#755,#749,#195,.T.);
#913=EDGE_CURVE('',#756,#755,#120,.T.);
#914=EDGE_CURVE('',#757,#756,#196,.T.);
#915=EDGE_CURVE('',#757,#758,#197,.T.);
#916=EDGE_CURVE('',#753,#758,#198,.T.);
#917=EDGE_CURVE('',#717,#757,#710,.T.);
#918=EDGE_CURVE('',#757,#735,#121,.T.);
#919=EDGE_CURVE('',#756,#736,#122,.T.);
#920=EDGE_CURVE('',#755,#759,#123,.T.);
#921=EDGE_CURVE('',#759,#736,#124,.T.);
#922=EDGE_CURVE('',#748,#759,#199,.T.);
#923=EDGE_CURVE('',#758,#740,#711,.T.);
#924=EDGE_CURVE('',#760,#761,#200,.T.);
#925=EDGE_CURVE('',#761,#762,#201,.T.);
#926=EDGE_CURVE('',#762,#763,#125,.T.);
#927=EDGE_CURVE('',#760,#763,#202,.T.);
#928=EDGE_CURVE('',#764,#761,#203,.T.);
#929=EDGE_CURVE('',#765,#764,#204,.T.);
#930=EDGE_CURVE('',#765,#762,#205,.T.);
#931=EDGE_CURVE('',#765,#766,#126,.T.);
#932=EDGE_CURVE('',#763,#766,#206,.T.);
#933=EDGE_CURVE('',#767,#764,#207,.T.);
#934=EDGE_CURVE('',#766,#767,#208,.T.);
#935=EDGE_CURVE('',#768,#733,#209,.T.);
#936=EDGE_CURVE('',#768,#769,#210,.T.);
#937=EDGE_CURVE('',#769,#770,#211,.T.);
#938=EDGE_CURVE('',#770,#771,#212,.T.);
#939=EDGE_CURVE('',#771,#766,#213,.T.);
#940=EDGE_CURVE('',#764,#772,#214,.T.);
#941=EDGE_CURVE('',#773,#772,#215,.T.);
#942=EDGE_CURVE('',#773,#727,#216,.T.);
#943=EDGE_CURVE('',#769,#774,#217,.T.);
#944=EDGE_CURVE('',#774,#771,#127,.T.);
#945=EDGE_CURVE('',#775,#769,#218,.T.);
#946=EDGE_CURVE('',#776,#775,#219,.T.);
#947=EDGE_CURVE('',#776,#774,#220,.T.);
#948=EDGE_CURVE('',#776,#777,#128,.T.);
#949=EDGE_CURVE('',#771,#777,#221,.T.);
#950=EDGE_CURVE('',#778,#775,#222,.T.);
#951=EDGE_CURVE('',#777,#778,#223,.T.);
#952=EDGE_CURVE('',#779,#778,#224,.T.);
#953=EDGE_CURVE('',#780,#779,#225,.T.);
#954=EDGE_CURVE('',#760,#780,#226,.T.);
#955=EDGE_CURVE('',#775,#781,#227,.T.);
#956=EDGE_CURVE('',#782,#781,#228,.T.);
#957=EDGE_CURVE('',#782,#783,#229,.F.);
#958=EDGE_CURVE('',#783,#784,#230,.T.);
#959=EDGE_CURVE('',#778,#784,#231,.T.);
#960=EDGE_CURVE('',#784,#785,#232,.T.);
#961=EDGE_CURVE('',#779,#785,#233,.T.);
#962=EDGE_CURVE('',#785,#786,#234,.T.);
#963=EDGE_CURVE('',#780,#786,#235,.T.);
#964=EDGE_CURVE('',#786,#787,#236,.T.);
#965=EDGE_CURVE('',#760,#787,#237,.T.);
#966=EDGE_CURVE('',#788,#783,#129,.T.);
#967=EDGE_CURVE('',#789,#788,#238,.T.);
#968=EDGE_CURVE('',#790,#789,#239,.T.);
#969=EDGE_CURVE('',#791,#790,#240,.T.);
#970=EDGE_CURVE('',#792,#791,#130,.T.);
#971=EDGE_CURVE('',#787,#792,#241,.T.);
#972=EDGE_CURVE('',#781,#768,#242,.T.);
#973=EDGE_CURVE('',#772,#793,#243,.T.);
#974=EDGE_CURVE('',#793,#794,#244,.T.);
#975=EDGE_CURVE('',#794,#795,#131,.T.);
#976=EDGE_CURVE('',#795,#796,#245,.T.);
#977=EDGE_CURVE('',#796,#797,#132,.T.);
#978=EDGE_CURVE('',#797,#798,#246,.T.);
#979=EDGE_CURVE('',#798,#799,#133,.T.);
#980=EDGE_CURVE('',#799,#800,#247,.T.);
#981=EDGE_CURVE('',#800,#782,#134,.T.);
#982=EDGE_CURVE('',#737,#801,#135,.T.);
#983=EDGE_CURVE('',#801,#802,#248,.T.);
#984=EDGE_CURVE('',#802,#803,#136,.T.);
#985=EDGE_CURVE('',#803,#804,#249,.T.);
#986=EDGE_CURVE('',#804,#773,#137,.T.);
#987=EDGE_CURVE('',#761,#793,#250,.T.);
#988=EDGE_CURVE('',#802,#748,#251,.T.);
#989=EDGE_CURVE('',#801,#759,#252,.T.);
#990=EDGE_CURVE('',#805,#806,#253,.T.);
#991=EDGE_CURVE('',#806,#807,#254,.T.);
#992=EDGE_CURVE('',#807,#789,#255,.T.);
#993=EDGE_CURVE('',#788,#800,#256,.T.);
#994=EDGE_CURVE('',#805,#799,#257,.T.);
#995=EDGE_CURVE('',#798,#808,#258,.T.);
#996=EDGE_CURVE('',#808,#806,#138,.T.);
#997=EDGE_CURVE('',#797,#809,#259,.T.);
#998=EDGE_CURVE('',#809,#808,#260,.T.);
#999=EDGE_CURVE('',#796,#810,#261,.T.);
#1000=EDGE_CURVE('',#810,#809,#139,.T.);
#1001=EDGE_CURVE('',#811,#812,#140,.T.);
#1002=EDGE_CURVE('',#813,#811,#262,.T.);
#1003=EDGE_CURVE('',#814,#813,#141,.T.);
#1004=EDGE_CURVE('',#814,#812,#263,.T.);
#1005=EDGE_CURVE('',#811,#744,#264,.F.);
#1006=EDGE_CURVE('',#813,#743,#265,.T.);
#1007=EDGE_CURVE('',#794,#792,#266,.T.);
#1008=EDGE_CURVE('',#815,#742,#267,.F.);
#1009=EDGE_CURVE('',#815,#814,#47,.T.);
#1010=EDGE_CURVE('',#795,#791,#268,.F.);
#1011=EDGE_CURVE('',#812,#816,#48,.T.);
#1012=EDGE_CURVE('',#745,#816,#269,.T.);
#1013=EDGE_CURVE('',#803,#747,#270,.T.);
#1014=EDGE_CURVE('',#817,#810,#271,.T.);
#1015=EDGE_CURVE('',#817,#807,#272,.T.);
#1016=EDGE_CURVE('',#754,#740,#273,.T.);
#1017=EDGE_CURVE('',#818,#739,#274,.T.);
#1018=EDGE_CURVE('',#818,#754,#712,.T.);
#1019=EDGE_CURVE('',#738,#739,#713,.T.);
#1020=EDGE_CURVE('',#741,#738,#275,.T.);
#1021=EDGE_CURVE('',#818,#741,#714,.T.);
#1022=EDGE_CURVE('',#790,#817,#276,.T.);
#1023=EDGE_CURVE('',#741,#815,#277,.T.);
#1024=EDGE_CURVE('',#816,#738,#278,.T.);
#1025=EDGE_CURVE('',#741,#818,#715,.T.);
#1026=EDGE_CURVE('',#804,#725,#279,.T.);
#1027=EDGE_CURVE('',#819,#819,#142,.T.);
#1028=EDGE_CURVE('',#819,#820,#280,.T.);
#1029=EDGE_CURVE('',#821,#821,#143,.T.);
#1030=EDGE_CURVE('',#821,#819,#281,.T.);
#1031=EDGE_CURVE('',#822,#822,#144,.T.);
#1032=EDGE_CURVE('',#822,#823,#282,.T.);
#1033=EDGE_CURVE('',#823,#823,#145,.T.);
#1034=EDGE_CURVE('',#824,#824,#146,.T.);
#1035=EDGE_CURVE('',#824,#825,#283,.T.);
#1036=EDGE_CURVE('',#826,#826,#147,.T.);
#1037=EDGE_CURVE('',#826,#824,#284,.T.);
#1038=EDGE_CURVE('',#827,#827,#148,.T.);
#1039=EDGE_CURVE('',#828,#828,#149,.T.);
#1040=EDGE_CURVE('',#828,#827,#285,.T.);
#1041=EDGE_CURVE('',#829,#829,#150,.T.);
#1042=EDGE_CURVE('',#829,#830,#286,.T.);
#1043=EDGE_CURVE('',#831,#831,#151,.T.);
#1044=EDGE_CURVE('',#831,#829,#287,.T.);
#1045=EDGE_CURVE('',#832,#832,#152,.T.);
#1046=EDGE_CURVE('',#833,#833,#153,.T.);
#1047=EDGE_CURVE('',#833,#832,#288,.T.);
#1048=EDGE_CURVE('',#834,#834,#154,.T.);
#1049=EDGE_CURVE('',#834,#835,#289,.T.);
#1050=EDGE_CURVE('',#836,#836,#155,.T.);
#1051=EDGE_CURVE('',#836,#834,#290,.T.);
#1052=EDGE_CURVE('',#837,#837,#156,.F.);
#1053=EDGE_CURVE('',#837,#838,#291,.T.);
#1054=EDGE_CURVE('',#838,#838,#157,.F.);
#1055=EDGE_CURVE('',#839,#839,#158,.T.);
#1056=EDGE_CURVE('',#839,#840,#292,.T.);
#1057=EDGE_CURVE('',#841,#841,#159,.T.);
#1058=EDGE_CURVE('',#841,#839,#293,.T.);
#1059=EDGE_CURVE('',#842,#842,#160,.F.);
#1060=EDGE_CURVE('',#842,#843,#294,.T.);
#1061=EDGE_CURVE('',#843,#843,#161,.F.);
#1062=EDGE_CURVE('',#844,#844,#162,.T.);
#1063=EDGE_CURVE('',#844,#845,#295,.T.);
#1064=EDGE_CURVE('',#846,#846,#163,.F.);
#1065=EDGE_CURVE('',#846,#844,#296,.T.);
#1066=EDGE_CURVE('',#847,#847,#164,.T.);
#1067=EDGE_CURVE('',#847,#848,#297,.T.);
#1068=EDGE_CURVE('',#848,#848,#165,.F.);
#1069=EDGE_CURVE('',#849,#849,#166,.T.);
#1070=EDGE_CURVE('',#849,#850,#298,.T.);
#1071=EDGE_CURVE('',#851,#851,#167,.T.);
#1072=EDGE_CURVE('',#851,#849,#299,.T.);
#1073=EDGE_CURVE('',#852,#852,#168,.T.);
#1074=EDGE_CURVE('',#852,#853,#300,.T.);
#1075=EDGE_CURVE('',#853,#853,#169,.F.);
#1076=EDGE_CURVE('',#854,#854,#170,.T.);
#1077=EDGE_CURVE('',#854,#855,#301,.T.);
#1078=EDGE_CURVE('',#856,#856,#171,.T.);
#1079=EDGE_CURVE('',#856,#854,#302,.T.);
#1080=EDGE_CURVE('',#857,#857,#172,.T.);
#1081=EDGE_CURVE('',#858,#858,#173,.T.);
#1082=EDGE_CURVE('',#857,#858,#303,.T.);
#1083=ORIENTED_EDGE('',*,*,#859,.T.);
#1084=ORIENTED_EDGE('',*,*,#860,.T.);
#1085=ORIENTED_EDGE('',*,*,#861,.T.);
#1086=ORIENTED_EDGE('',*,*,#862,.T.);
#1087=ORIENTED_EDGE('',*,*,#863,.T.);
#1088=ORIENTED_EDGE('',*,*,#864,.T.);
#1089=ORIENTED_EDGE('',*,*,#865,.T.);
#1090=ORIENTED_EDGE('',*,*,#866,.T.);
#1091=ORIENTED_EDGE('',*,*,#867,.T.);
#1092=ORIENTED_EDGE('',*,*,#868,.T.);
#1093=ORIENTED_EDGE('',*,*,#869,.T.);
#1094=ORIENTED_EDGE('',*,*,#866,.F.);
#1095=ORIENTED_EDGE('',*,*,#870,.T.);
#1096=ORIENTED_EDGE('',*,*,#871,.T.);
#1097=ORIENTED_EDGE('',*,*,#872,.T.);
#1098=ORIENTED_EDGE('',*,*,#873,.T.);
#1099=ORIENTED_EDGE('',*,*,#874,.T.);
#1100=ORIENTED_EDGE('',*,*,#871,.F.);
#1101=ORIENTED_EDGE('',*,*,#875,.T.);
#1102=ORIENTED_EDGE('',*,*,#868,.F.);
#1103=ORIENTED_EDGE('',*,*,#876,.T.);
#1104=ORIENTED_EDGE('',*,*,#873,.F.);
#1105=ORIENTED_EDGE('',*,*,#877,.T.);
#1106=ORIENTED_EDGE('',*,*,#878,.T.);
#1107=ORIENTED_EDGE('',*,*,#879,.T.);
#1108=ORIENTED_EDGE('',*,*,#878,.F.);
#1109=ORIENTED_EDGE('',*,*,#880,.T.);
#1110=ORIENTED_EDGE('',*,*,#862,.F.);
#1111=ORIENTED_EDGE('',*,*,#876,.F.);
#1112=ORIENTED_EDGE('',*,*,#881,.T.);
#1113=ORIENTED_EDGE('',*,*,#882,.F.);
#1114=ORIENTED_EDGE('',*,*,#883,.T.);
#1115=ORIENTED_EDGE('',*,*,#879,.F.);
#1116=ORIENTED_EDGE('',*,*,#861,.F.);
#1117=ORIENTED_EDGE('',*,*,#884,.T.);
#1118=ORIENTED_EDGE('',*,*,#885,.F.);
#1119=ORIENTED_EDGE('',*,*,#886,.F.);
#1120=ORIENTED_EDGE('',*,*,#887,.F.);
#1121=ORIENTED_EDGE('',*,*,#888,.F.);
#1122=ORIENTED_EDGE('',*,*,#881,.F.);
#1123=ORIENTED_EDGE('',*,*,#859,.F.);
#1124=ORIENTED_EDGE('',*,*,#889,.F.);
#1125=ORIENTED_EDGE('',*,*,#890,.F.);
#1126=ORIENTED_EDGE('',*,*,#891,.F.);
#1127=ORIENTED_EDGE('',*,*,#892,.F.);
#1128=ORIENTED_EDGE('',*,*,#880,.F.);
#1129=ORIENTED_EDGE('',*,*,#877,.F.);
#1130=ORIENTED_EDGE('',*,*,#872,.F.);
#1131=ORIENTED_EDGE('',*,*,#874,.F.);
#1132=ORIENTED_EDGE('',*,*,#867,.F.);
#1133=ORIENTED_EDGE('',*,*,#893,.T.);
#1134=ORIENTED_EDGE('',*,*,#894,.T.);
#1135=ORIENTED_EDGE('',*,*,#895,.T.);
#1136=ORIENTED_EDGE('',*,*,#896,.T.);
#1137=ORIENTED_EDGE('',*,*,#897,.T.);
#1138=ORIENTED_EDGE('',*,*,#898,.T.);
#1139=ORIENTED_EDGE('',*,*,#889,.T.);
#1140=ORIENTED_EDGE('',*,*,#899,.T.);
#1141=ORIENTED_EDGE('',*,*,#900,.T.);
#1142=ORIENTED_EDGE('',*,*,#901,.T.);
#1143=ORIENTED_EDGE('',*,*,#902,.T.);
#1144=ORIENTED_EDGE('',*,*,#903,.T.);
#1145=ORIENTED_EDGE('',*,*,#904,.T.);
#1146=ORIENTED_EDGE('',*,*,#899,.F.);
#1147=ORIENTED_EDGE('',*,*,#905,.T.);
#1148=ORIENTED_EDGE('',*,*,#906,.T.);
#1149=ORIENTED_EDGE('',*,*,#903,.F.);
#1150=ORIENTED_EDGE('',*,*,#907,.T.);
#1151=ORIENTED_EDGE('',*,*,#864,.F.);
#1152=ORIENTED_EDGE('',*,*,#908,.F.);
#1153=ORIENTED_EDGE('',*,*,#907,.F.);
#1154=ORIENTED_EDGE('',*,*,#909,.F.);
#1155=ORIENTED_EDGE('',*,*,#910,.F.);
#1156=ORIENTED_EDGE('',*,*,#911,.T.);
#1157=ORIENTED_EDGE('',*,*,#905,.F.);
#1158=ORIENTED_EDGE('',*,*,#902,.F.);
#1159=ORIENTED_EDGE('',*,*,#912,.F.);
#1160=ORIENTED_EDGE('',*,*,#913,.F.);
#1161=ORIENTED_EDGE('',*,*,#914,.F.);
#1162=ORIENTED_EDGE('',*,*,#915,.T.);
#1163=ORIENTED_EDGE('',*,*,#916,.F.);
#1164=ORIENTED_EDGE('',*,*,#909,.T.);
#1165=ORIENTED_EDGE('',*,*,#917,.T.);
#1166=ORIENTED_EDGE('',*,*,#918,.T.);
#1167=ORIENTED_EDGE('',*,*,#885,.T.);
#1168=ORIENTED_EDGE('',*,*,#884,.F.);
#1169=ORIENTED_EDGE('',*,*,#860,.F.);
#1170=ORIENTED_EDGE('',*,*,#919,.T.);
#1171=ORIENTED_EDGE('',*,*,#886,.T.);
#1172=ORIENTED_EDGE('',*,*,#918,.F.);
#1173=ORIENTED_EDGE('',*,*,#914,.T.);
#1174=ORIENTED_EDGE('',*,*,#920,.T.);
#1175=ORIENTED_EDGE('',*,*,#921,.T.);
#1176=ORIENTED_EDGE('',*,*,#919,.F.);
#1177=ORIENTED_EDGE('',*,*,#913,.T.);
#1178=ORIENTED_EDGE('',*,*,#922,.T.);
#1179=ORIENTED_EDGE('',*,*,#920,.F.);
#1180=ORIENTED_EDGE('',*,*,#912,.T.);
#1181=ORIENTED_EDGE('',*,*,#901,.F.);
#1182=ORIENTED_EDGE('',*,*,#917,.F.);
#1183=ORIENTED_EDGE('',*,*,#892,.T.);
#1184=ORIENTED_EDGE('',*,*,#923,.F.);
#1185=ORIENTED_EDGE('',*,*,#915,.F.);
#1186=ORIENTED_EDGE('',*,*,#924,.T.);
#1187=ORIENTED_EDGE('',*,*,#925,.T.);
#1188=ORIENTED_EDGE('',*,*,#926,.T.);
#1189=ORIENTED_EDGE('',*,*,#927,.F.);
#1190=ORIENTED_EDGE('',*,*,#928,.F.);
#1191=ORIENTED_EDGE('',*,*,#929,.F.);
#1192=ORIENTED_EDGE('',*,*,#930,.T.);
#1193=ORIENTED_EDGE('',*,*,#925,.F.);
#1194=ORIENTED_EDGE('',*,*,#931,.T.);
#1195=ORIENTED_EDGE('',*,*,#932,.F.);
#1196=ORIENTED_EDGE('',*,*,#926,.F.);
#1197=ORIENTED_EDGE('',*,*,#930,.F.);
#1198=ORIENTED_EDGE('',*,*,#933,.F.);
#1199=ORIENTED_EDGE('',*,*,#934,.F.);
#1200=ORIENTED_EDGE('',*,*,#931,.F.);
#1201=ORIENTED_EDGE('',*,*,#929,.T.);
#1202=ORIENTED_EDGE('',*,*,#870,.F.);
#1203=ORIENTED_EDGE('',*,*,#883,.F.);
#1204=ORIENTED_EDGE('',*,*,#935,.F.);
#1205=ORIENTED_EDGE('',*,*,#936,.T.);
#1206=ORIENTED_EDGE('',*,*,#937,.T.);
#1207=ORIENTED_EDGE('',*,*,#938,.T.);
#1208=ORIENTED_EDGE('',*,*,#939,.T.);
#1209=ORIENTED_EDGE('',*,*,#934,.T.);
#1210=ORIENTED_EDGE('',*,*,#933,.T.);
#1211=ORIENTED_EDGE('',*,*,#940,.T.);
#1212=ORIENTED_EDGE('',*,*,#941,.F.);
#1213=ORIENTED_EDGE('',*,*,#942,.T.);
#1214=ORIENTED_EDGE('',*,*,#937,.F.);
#1215=ORIENTED_EDGE('',*,*,#943,.T.);
#1216=ORIENTED_EDGE('',*,*,#944,.T.);
#1217=ORIENTED_EDGE('',*,*,#938,.F.);
#1218=ORIENTED_EDGE('',*,*,#945,.F.);
#1219=ORIENTED_EDGE('',*,*,#946,.F.);
#1220=ORIENTED_EDGE('',*,*,#947,.T.);
#1221=ORIENTED_EDGE('',*,*,#943,.F.);
#1222=ORIENTED_EDGE('',*,*,#948,.T.);
#1223=ORIENTED_EDGE('',*,*,#949,.F.);
#1224=ORIENTED_EDGE('',*,*,#944,.F.);
#1225=ORIENTED_EDGE('',*,*,#947,.F.);
#1226=ORIENTED_EDGE('',*,*,#950,.F.);
#1227=ORIENTED_EDGE('',*,*,#951,.F.);
#1228=ORIENTED_EDGE('',*,*,#948,.F.);
#1229=ORIENTED_EDGE('',*,*,#946,.T.);
#1230=ORIENTED_EDGE('',*,*,#932,.T.);
#1231=ORIENTED_EDGE('',*,*,#939,.F.);
#1232=ORIENTED_EDGE('',*,*,#949,.T.);
#1233=ORIENTED_EDGE('',*,*,#951,.T.);
#1234=ORIENTED_EDGE('',*,*,#952,.F.);
#1235=ORIENTED_EDGE('',*,*,#953,.F.);
#1236=ORIENTED_EDGE('',*,*,#954,.F.);
#1237=ORIENTED_EDGE('',*,*,#927,.T.);
#1238=ORIENTED_EDGE('',*,*,#950,.T.);
#1239=ORIENTED_EDGE('',*,*,#955,.T.);
#1240=ORIENTED_EDGE('',*,*,#956,.F.);
#1241=ORIENTED_EDGE('',*,*,#957,.T.);
#1242=ORIENTED_EDGE('',*,*,#958,.T.);
#1243=ORIENTED_EDGE('',*,*,#959,.F.);
#1244=ORIENTED_EDGE('',*,*,#952,.T.);
#1245=ORIENTED_EDGE('',*,*,#959,.T.);
#1246=ORIENTED_EDGE('',*,*,#960,.T.);
#1247=ORIENTED_EDGE('',*,*,#961,.F.);
#1248=ORIENTED_EDGE('',*,*,#953,.T.);
#1249=ORIENTED_EDGE('',*,*,#961,.T.);
#1250=ORIENTED_EDGE('',*,*,#962,.T.);
#1251=ORIENTED_EDGE('',*,*,#963,.F.);
#1252=ORIENTED_EDGE('',*,*,#954,.T.);
#1253=ORIENTED_EDGE('',*,*,#963,.T.);
#1254=ORIENTED_EDGE('',*,*,#964,.T.);
#1255=ORIENTED_EDGE('',*,*,#965,.F.);
#1256=ORIENTED_EDGE('',*,*,#964,.F.);
#1257=ORIENTED_EDGE('',*,*,#962,.F.);
#1258=ORIENTED_EDGE('',*,*,#960,.F.);
#1259=ORIENTED_EDGE('',*,*,#958,.F.);
#1260=ORIENTED_EDGE('',*,*,#966,.F.);
#1261=ORIENTED_EDGE('',*,*,#967,.F.);
#1262=ORIENTED_EDGE('',*,*,#968,.F.);
#1263=ORIENTED_EDGE('',*,*,#969,.F.);
#1264=ORIENTED_EDGE('',*,*,#970,.F.);
#1265=ORIENTED_EDGE('',*,*,#971,.F.);
#1266=ORIENTED_EDGE('',*,*,#945,.T.);
#1267=ORIENTED_EDGE('',*,*,#936,.F.);
#1268=ORIENTED_EDGE('',*,*,#972,.F.);
#1269=ORIENTED_EDGE('',*,*,#955,.F.);
#1270=ORIENTED_EDGE('',*,*,#973,.T.);
#1271=ORIENTED_EDGE('',*,*,#974,.T.);
#1272=ORIENTED_EDGE('',*,*,#975,.T.);
#1273=ORIENTED_EDGE('',*,*,#976,.T.);
#1274=ORIENTED_EDGE('',*,*,#977,.T.);
#1275=ORIENTED_EDGE('',*,*,#978,.T.);
#1276=ORIENTED_EDGE('',*,*,#979,.T.);
#1277=ORIENTED_EDGE('',*,*,#980,.T.);
#1278=ORIENTED_EDGE('',*,*,#981,.T.);
#1279=ORIENTED_EDGE('',*,*,#956,.T.);
#1280=ORIENTED_EDGE('',*,*,#972,.T.);
#1281=ORIENTED_EDGE('',*,*,#935,.T.);
#1282=ORIENTED_EDGE('',*,*,#882,.T.);
#1283=ORIENTED_EDGE('',*,*,#888,.T.);
#1284=ORIENTED_EDGE('',*,*,#982,.T.);
#1285=ORIENTED_EDGE('',*,*,#983,.T.);
#1286=ORIENTED_EDGE('',*,*,#984,.T.);
#1287=ORIENTED_EDGE('',*,*,#985,.T.);
#1288=ORIENTED_EDGE('',*,*,#986,.T.);
#1289=ORIENTED_EDGE('',*,*,#941,.T.);
#1290=ORIENTED_EDGE('',*,*,#928,.T.);
#1291=ORIENTED_EDGE('',*,*,#987,.T.);
#1292=ORIENTED_EDGE('',*,*,#973,.F.);
#1293=ORIENTED_EDGE('',*,*,#940,.F.);
#1294=ORIENTED_EDGE('',*,*,#922,.F.);
#1295=ORIENTED_EDGE('',*,*,#988,.F.);
#1296=ORIENTED_EDGE('',*,*,#983,.F.);
#1297=ORIENTED_EDGE('',*,*,#989,.T.);
#1298=ORIENTED_EDGE('',*,*,#921,.F.);
#1299=ORIENTED_EDGE('',*,*,#989,.F.);
#1300=ORIENTED_EDGE('',*,*,#982,.F.);
#1301=ORIENTED_EDGE('',*,*,#887,.T.);
#1302=ORIENTED_EDGE('',*,*,#990,.T.);
#1303=ORIENTED_EDGE('',*,*,#991,.T.);
#1304=ORIENTED_EDGE('',*,*,#992,.T.);
#1305=ORIENTED_EDGE('',*,*,#967,.T.);
#1306=ORIENTED_EDGE('',*,*,#993,.T.);
#1307=ORIENTED_EDGE('',*,*,#980,.F.);
#1308=ORIENTED_EDGE('',*,*,#994,.F.);
#1309=ORIENTED_EDGE('',*,*,#995,.T.);
#1310=ORIENTED_EDGE('',*,*,#996,.T.);
#1311=ORIENTED_EDGE('',*,*,#990,.F.);
#1312=ORIENTED_EDGE('',*,*,#994,.T.);
#1313=ORIENTED_EDGE('',*,*,#979,.F.);
#1314=ORIENTED_EDGE('',*,*,#997,.T.);
#1315=ORIENTED_EDGE('',*,*,#998,.T.);
#1316=ORIENTED_EDGE('',*,*,#995,.F.);
#1317=ORIENTED_EDGE('',*,*,#978,.F.);
#1318=ORIENTED_EDGE('',*,*,#999,.T.);
#1319=ORIENTED_EDGE('',*,*,#1000,.T.);
#1320=ORIENTED_EDGE('',*,*,#997,.F.);
#1321=ORIENTED_EDGE('',*,*,#977,.F.);
#1322=ORIENTED_EDGE('',*,*,#1001,.F.);
#1323=ORIENTED_EDGE('',*,*,#1002,.F.);
#1324=ORIENTED_EDGE('',*,*,#1003,.F.);
#1325=ORIENTED_EDGE('',*,*,#1004,.T.);
#1326=ORIENTED_EDGE('',*,*,#1002,.T.);
#1327=ORIENTED_EDGE('',*,*,#1005,.T.);
#1328=ORIENTED_EDGE('',*,*,#896,.F.);
#1329=ORIENTED_EDGE('',*,*,#1006,.F.);
#1330=ORIENTED_EDGE('',*,*,#965,.T.);
#1331=ORIENTED_EDGE('',*,*,#971,.T.);
#1332=ORIENTED_EDGE('',*,*,#1007,.F.);
#1333=ORIENTED_EDGE('',*,*,#974,.F.);
#1334=ORIENTED_EDGE('',*,*,#987,.F.);
#1335=ORIENTED_EDGE('',*,*,#924,.F.);
#1336=ORIENTED_EDGE('',*,*,#1003,.T.);
#1337=ORIENTED_EDGE('',*,*,#1006,.T.);
#1338=ORIENTED_EDGE('',*,*,#895,.F.);
#1339=ORIENTED_EDGE('',*,*,#1008,.F.);
#1340=ORIENTED_EDGE('',*,*,#1009,.T.);
#1341=ORIENTED_EDGE('',*,*,#1007,.T.);
#1342=ORIENTED_EDGE('',*,*,#970,.T.);
#1343=ORIENTED_EDGE('',*,*,#1010,.F.);
#1344=ORIENTED_EDGE('',*,*,#975,.F.);
#1345=ORIENTED_EDGE('',*,*,#1001,.T.);
#1346=ORIENTED_EDGE('',*,*,#1011,.T.);
#1347=ORIENTED_EDGE('',*,*,#1012,.F.);
#1348=ORIENTED_EDGE('',*,*,#897,.F.);
#1349=ORIENTED_EDGE('',*,*,#1005,.F.);
#1350=ORIENTED_EDGE('',*,*,#900,.F.);
#1351=ORIENTED_EDGE('',*,*,#1013,.F.);
#1352=ORIENTED_EDGE('',*,*,#984,.F.);
#1353=ORIENTED_EDGE('',*,*,#988,.T.);
#1354=ORIENTED_EDGE('',*,*,#991,.F.);
#1355=ORIENTED_EDGE('',*,*,#996,.F.);
#1356=ORIENTED_EDGE('',*,*,#998,.F.);
#1357=ORIENTED_EDGE('',*,*,#1000,.F.);
#1358=ORIENTED_EDGE('',*,*,#1014,.F.);
#1359=ORIENTED_EDGE('',*,*,#1015,.T.);
#1360=ORIENTED_EDGE('',*,*,#923,.T.);
#1361=ORIENTED_EDGE('',*,*,#1016,.F.);
#1362=ORIENTED_EDGE('',*,*,#910,.T.);
#1363=ORIENTED_EDGE('',*,*,#916,.T.);
#1364=ORIENTED_EDGE('',*,*,#891,.T.);
#1365=ORIENTED_EDGE('',*,*,#1017,.F.);
#1366=ORIENTED_EDGE('',*,*,#1018,.T.);
#1367=ORIENTED_EDGE('',*,*,#1016,.T.);
#1368=ORIENTED_EDGE('',*,*,#1019,.F.);
#1369=ORIENTED_EDGE('',*,*,#1020,.F.);
#1370=ORIENTED_EDGE('',*,*,#1021,.F.);
#1371=ORIENTED_EDGE('',*,*,#1017,.T.);
#1372=ORIENTED_EDGE('',*,*,#992,.F.);
#1373=ORIENTED_EDGE('',*,*,#1015,.F.);
#1374=ORIENTED_EDGE('',*,*,#1022,.F.);
#1375=ORIENTED_EDGE('',*,*,#968,.T.);
#1376=ORIENTED_EDGE('',*,*,#1011,.F.);
#1377=ORIENTED_EDGE('',*,*,#1004,.F.);
#1378=ORIENTED_EDGE('',*,*,#1009,.F.);
#1379=ORIENTED_EDGE('',*,*,#1023,.F.);
#1380=ORIENTED_EDGE('',*,*,#1020,.T.);
#1381=ORIENTED_EDGE('',*,*,#1024,.F.);
#1382=ORIENTED_EDGE('',*,*,#993,.F.);
#1383=ORIENTED_EDGE('',*,*,#966,.T.);
#1384=ORIENTED_EDGE('',*,*,#957,.F.);
#1385=ORIENTED_EDGE('',*,*,#981,.F.);
#1386=ORIENTED_EDGE('',*,*,#1019,.T.);
#1387=ORIENTED_EDGE('',*,*,#890,.T.);
#1388=ORIENTED_EDGE('',*,*,#1024,.T.);
#1389=ORIENTED_EDGE('',*,*,#898,.F.);
#1390=ORIENTED_EDGE('',*,*,#1012,.T.);
#1391=ORIENTED_EDGE('',*,*,#1023,.T.);
#1392=ORIENTED_EDGE('',*,*,#1008,.T.);
#1393=ORIENTED_EDGE('',*,*,#894,.F.);
#1394=ORIENTED_EDGE('',*,*,#1021,.T.);
#1395=ORIENTED_EDGE('',*,*,#1025,.T.);
#1396=ORIENTED_EDGE('',*,*,#869,.F.);
#1397=ORIENTED_EDGE('',*,*,#1026,.F.);
#1398=ORIENTED_EDGE('',*,*,#985,.F.);
#1399=ORIENTED_EDGE('',*,*,#1013,.T.);
#1400=ORIENTED_EDGE('',*,*,#904,.F.);
#1401=ORIENTED_EDGE('',*,*,#906,.F.);
#1402=ORIENTED_EDGE('',*,*,#908,.T.);
#1403=ORIENTED_EDGE('',*,*,#863,.F.);
#1404=ORIENTED_EDGE('',*,*,#865,.F.);
#1405=ORIENTED_EDGE('',*,*,#911,.F.);
#1406=ORIENTED_EDGE('',*,*,#1018,.F.);
#1407=ORIENTED_EDGE('',*,*,#1025,.F.);
#1408=ORIENTED_EDGE('',*,*,#893,.F.);
#1409=ORIENTED_EDGE('',*,*,#1010,.T.);
#1410=ORIENTED_EDGE('',*,*,#969,.T.);
#1411=ORIENTED_EDGE('',*,*,#1022,.T.);
#1412=ORIENTED_EDGE('',*,*,#1014,.T.);
#1413=ORIENTED_EDGE('',*,*,#999,.F.);
#1414=ORIENTED_EDGE('',*,*,#976,.F.);
#1415=ORIENTED_EDGE('',*,*,#875,.F.);
#1416=ORIENTED_EDGE('',*,*,#942,.F.);
#1417=ORIENTED_EDGE('',*,*,#986,.F.);
#1418=ORIENTED_EDGE('',*,*,#1026,.T.);
#1419=ORIENTED_EDGE('',*,*,#1027,.F.);
#1420=ORIENTED_EDGE('',*,*,#1028,.T.);
#1421=ORIENTED_EDGE('',*,*,#1028,.F.);
#1422=ORIENTED_EDGE('',*,*,#1029,.F.);
#1423=ORIENTED_EDGE('',*,*,#1030,.T.);
#1424=ORIENTED_EDGE('',*,*,#1027,.T.);
#1425=ORIENTED_EDGE('',*,*,#1030,.F.);
#1426=ORIENTED_EDGE('',*,*,#1031,.F.);
#1427=ORIENTED_EDGE('',*,*,#1029,.T.);
#1428=ORIENTED_EDGE('',*,*,#1031,.T.);
#1429=ORIENTED_EDGE('',*,*,#1032,.T.);
#1430=ORIENTED_EDGE('',*,*,#1033,.T.);
#1431=ORIENTED_EDGE('',*,*,#1032,.F.);
#1432=ORIENTED_EDGE('',*,*,#1033,.F.);
#1433=ORIENTED_EDGE('',*,*,#1034,.F.);
#1434=ORIENTED_EDGE('',*,*,#1035,.T.);
#1435=ORIENTED_EDGE('',*,*,#1035,.F.);
#1436=ORIENTED_EDGE('',*,*,#1036,.F.);
#1437=ORIENTED_EDGE('',*,*,#1037,.T.);
#1438=ORIENTED_EDGE('',*,*,#1034,.T.);
#1439=ORIENTED_EDGE('',*,*,#1037,.F.);
#1440=ORIENTED_EDGE('',*,*,#1038,.F.);
#1441=ORIENTED_EDGE('',*,*,#1036,.T.);
#1442=ORIENTED_EDGE('',*,*,#1039,.T.);
#1443=ORIENTED_EDGE('',*,*,#1039,.F.);
#1444=ORIENTED_EDGE('',*,*,#1040,.T.);
#1445=ORIENTED_EDGE('',*,*,#1038,.T.);
#1446=ORIENTED_EDGE('',*,*,#1040,.F.);
#1447=ORIENTED_EDGE('',*,*,#1041,.F.);
#1448=ORIENTED_EDGE('',*,*,#1042,.T.);
#1449=ORIENTED_EDGE('',*,*,#1042,.F.);
#1450=ORIENTED_EDGE('',*,*,#1043,.F.);
#1451=ORIENTED_EDGE('',*,*,#1044,.T.);
#1452=ORIENTED_EDGE('',*,*,#1041,.T.);
#1453=ORIENTED_EDGE('',*,*,#1044,.F.);
#1454=ORIENTED_EDGE('',*,*,#1045,.F.);
#1455=ORIENTED_EDGE('',*,*,#1043,.T.);
#1456=ORIENTED_EDGE('',*,*,#1046,.T.);
#1457=ORIENTED_EDGE('',*,*,#1046,.F.);
#1458=ORIENTED_EDGE('',*,*,#1047,.T.);
#1459=ORIENTED_EDGE('',*,*,#1045,.T.);
#1460=ORIENTED_EDGE('',*,*,#1047,.F.);
#1461=ORIENTED_EDGE('',*,*,#1048,.F.);
#1462=ORIENTED_EDGE('',*,*,#1049,.T.);
#1463=ORIENTED_EDGE('',*,*,#1049,.F.);
#1464=ORIENTED_EDGE('',*,*,#1050,.F.);
#1465=ORIENTED_EDGE('',*,*,#1051,.T.);
#1466=ORIENTED_EDGE('',*,*,#1048,.T.);
#1467=ORIENTED_EDGE('',*,*,#1051,.F.);
#1468=ORIENTED_EDGE('',*,*,#1052,.F.);
#1469=ORIENTED_EDGE('',*,*,#1053,.T.);
#1470=ORIENTED_EDGE('',*,*,#1054,.T.);
#1471=ORIENTED_EDGE('',*,*,#1053,.F.);
#1472=ORIENTED_EDGE('',*,*,#1052,.T.);
#1473=ORIENTED_EDGE('',*,*,#1054,.F.);
#1474=ORIENTED_EDGE('',*,*,#1050,.T.);
#1475=ORIENTED_EDGE('',*,*,#1055,.F.);
#1476=ORIENTED_EDGE('',*,*,#1056,.T.);
#1477=ORIENTED_EDGE('',*,*,#1056,.F.);
#1478=ORIENTED_EDGE('',*,*,#1057,.F.);
#1479=ORIENTED_EDGE('',*,*,#1058,.T.);
#1480=ORIENTED_EDGE('',*,*,#1055,.T.);
#1481=ORIENTED_EDGE('',*,*,#1058,.F.);
#1482=ORIENTED_EDGE('',*,*,#1059,.F.);
#1483=ORIENTED_EDGE('',*,*,#1060,.T.);
#1484=ORIENTED_EDGE('',*,*,#1061,.T.);
#1485=ORIENTED_EDGE('',*,*,#1060,.F.);
#1486=ORIENTED_EDGE('',*,*,#1059,.T.);
#1487=ORIENTED_EDGE('',*,*,#1061,.F.);
#1488=ORIENTED_EDGE('',*,*,#1057,.T.);
#1489=ORIENTED_EDGE('',*,*,#1062,.F.);
#1490=ORIENTED_EDGE('',*,*,#1063,.T.);
#1491=ORIENTED_EDGE('',*,*,#1063,.F.);
#1492=ORIENTED_EDGE('',*,*,#1064,.F.);
#1493=ORIENTED_EDGE('',*,*,#1065,.T.);
#1494=ORIENTED_EDGE('',*,*,#1062,.T.);
#1495=ORIENTED_EDGE('',*,*,#1065,.F.);
#1496=ORIENTED_EDGE('',*,*,#1066,.F.);
#1497=ORIENTED_EDGE('',*,*,#1066,.T.);
#1498=ORIENTED_EDGE('',*,*,#1067,.T.);
#1499=ORIENTED_EDGE('',*,*,#1068,.T.);
#1500=ORIENTED_EDGE('',*,*,#1067,.F.);
#1501=ORIENTED_EDGE('',*,*,#1068,.F.);
#1502=ORIENTED_EDGE('',*,*,#1064,.T.);
#1503=ORIENTED_EDGE('',*,*,#1069,.F.);
#1504=ORIENTED_EDGE('',*,*,#1070,.T.);
#1505=ORIENTED_EDGE('',*,*,#1070,.F.);
#1506=ORIENTED_EDGE('',*,*,#1071,.F.);
#1507=ORIENTED_EDGE('',*,*,#1072,.T.);
#1508=ORIENTED_EDGE('',*,*,#1069,.T.);
#1509=ORIENTED_EDGE('',*,*,#1072,.F.);
#1510=ORIENTED_EDGE('',*,*,#1073,.F.);
#1511=ORIENTED_EDGE('',*,*,#1073,.T.);
#1512=ORIENTED_EDGE('',*,*,#1074,.T.);
#1513=ORIENTED_EDGE('',*,*,#1075,.T.);
#1514=ORIENTED_EDGE('',*,*,#1074,.F.);
#1515=ORIENTED_EDGE('',*,*,#1075,.F.);
#1516=ORIENTED_EDGE('',*,*,#1071,.T.);
#1517=ORIENTED_EDGE('',*,*,#1076,.F.);
#1518=ORIENTED_EDGE('',*,*,#1077,.T.);
#1519=ORIENTED_EDGE('',*,*,#1077,.F.);
#1520=ORIENTED_EDGE('',*,*,#1078,.F.);
#1521=ORIENTED_EDGE('',*,*,#1079,.T.);
#1522=ORIENTED_EDGE('',*,*,#1076,.T.);
#1523=ORIENTED_EDGE('',*,*,#1079,.F.);
#1524=ORIENTED_EDGE('',*,*,#1080,.F.);
#1525=ORIENTED_EDGE('',*,*,#1081,.F.);
#1526=ORIENTED_EDGE('',*,*,#1078,.T.);
#1527=ORIENTED_EDGE('',*,*,#1080,.T.);
#1528=ORIENTED_EDGE('',*,*,#1082,.T.);
#1529=ORIENTED_EDGE('',*,*,#1081,.T.);
#1530=ORIENTED_EDGE('',*,*,#1082,.F.);
#1531=B_SPLINE_SURFACE_WITH_KNOTS('',3,3,((#2279,#2280,#2281,#2282,#2283,
#2284,#2285,#2286,#2287,#2288,#2289,#2290,#2291),(#2292,#2293,#2294,#2295,
#2296,#2297,#2298,#2299,#2300,#2301,#2302,#2303,#2304),(#2305,#2306,#2307,
#2308,#2309,#2310,#2311,#2312,#2313,#2314,#2315,#2316,#2317),(#2318,#2319,
#2320,#2321,#2322,#2323,#2324,#2325,#2326,#2327,#2328,#2329,#2330),(#2331,
#2332,#2333,#2334,#2335,#2336,#2337,#2338,#2339,#2340,#2341,#2342,#2343)),
 .UNSPECIFIED.,.F.,.F.,.F.,(4,1,4),(4,2,1,1,1,1,1,1,1,4),(0.,0.5,1.),(0.228222275872717,
0.232055901770069,0.382822754713748,0.533589607657426,0.684356460601104,
0.835123313544782,0.98589016648846,1.13665701943214,1.43819072531949,1.73972443120685),
 .UNSPECIFIED.);
#1532=B_SPLINE_SURFACE_WITH_KNOTS('',3,3,((#2460,#2461,#2462,#2463,#2464,
#2465,#2466,#2467,#2468,#2469,#2470,#2471),(#2472,#2473,#2474,#2475,#2476,
#2477,#2478,#2479,#2480,#2481,#2482,#2483),(#2484,#2485,#2486,#2487,#2488,
#2489,#2490,#2491,#2492,#2493,#2494,#2495),(#2496,#2497,#2498,#2499,#2500,
#2501,#2502,#2503,#2504,#2505,#2506,#2507),(#2508,#2509,#2510,#2511,#2512,
#2513,#2514,#2515,#2516,#2517,#2518,#2519)),.UNSPECIFIED.,.F.,.F.,.F.,(4,
1,4),(4,1,1,1,1,1,1,2,4),(0.,0.571428571428571,1.),(-4.44819333694851E-15,
0.301533705887353,0.603067411774711,0.753834264718389,0.829217691190229,
0.904601117662068,1.20613482354943,1.50766852943678,1.51150215533413),
 .UNSPECIFIED.);
#1533=B_SPLINE_SURFACE_WITH_KNOTS('',3,3,((#2955,#2956,#2957,#2958,#2959,
#2960,#2961,#2962),(#2963,#2964,#2965,#2966,#2967,#2968,#2969,#2970),(#2971,
#2972,#2973,#2974,#2975,#2976,#2977,#2978),(#2979,#2980,#2981,#2982,#2983,
#2984,#2985,#2986),(#2987,#2988,#2989,#2990,#2991,#2992,#2993,#2994)),
 .UNSPECIFIED.,.F.,.F.,.F.,(4,1,4),(4,1,1,2,4),(0.,0.5,1.),(0.,0.422129259674479,
0.562839012899306,0.984968272573785,0.988824735777342),.UNSPECIFIED.);
#1534=B_SPLINE_SURFACE_WITH_KNOTS('',3,3,((#3083,#3084,#3085,#3086,#3087,
#3088,#3089,#3090),(#3091,#3092,#3093,#3094,#3095,#3096,#3097,#3098),(#3099,
#3100,#3101,#3102,#3103,#3104,#3105,#3106),(#3107,#3108,#3109,#3110,#3111,
#3112,#3113,#3114),(#3115,#3116,#3117,#3118,#3119,#3120,#3121,#3122)),
 .UNSPECIFIED.,.F.,.F.,.F.,(4,1,4),(4,2,1,1,4),(0.,0.5,1.),(-0.00385646320355443,
0.,0.422129259674479,0.562839012899306,0.984968272573785),.UNSPECIFIED.);
#1535=B_SPLINE_SURFACE_WITH_KNOTS('',3,1,((#3375,#3376),(#3377,#3378),(#3379,
#3380),(#3381,#3382),(#3383,#3384),(#3385,#3386)),.UNSPECIFIED.,.F.,.F.,
 .F.,(4,2,4),(2,2),(-1.07019357026314,-0.522889106608115,0.),(0.,7.48),
 .UNSPECIFIED.);
#1536=B_SPLINE_SURFACE_WITH_KNOTS('',3,1,((#3388,#3389),(#3390,#3391),(#3392,
#3393),(#3394,#3395)),.UNSPECIFIED.,.F.,.F.,.F.,(4,4),(2,2),(-0.717314331283451,
0.),(0.,7.48),.UNSPECIFIED.);
#1537=ADVANCED_FACE('',(#468),#1531,.F.);
#1538=ADVANCED_FACE('',(#469),#1532,.F.);
#1539=ADVANCED_FACE('',(#470),#434,.T.);
#1540=ADVANCED_FACE('',(#471),#435,.T.);
#1541=ADVANCED_FACE('',(#472),#104,.T.);
#1542=ADVANCED_FACE('',(#473),#105,.T.);
#1543=ADVANCED_FACE('',(#474),#436,.T.);
#1544=ADVANCED_FACE('',(#475),#437,.T.);
#1545=ADVANCED_FACE('',(#476),#54,.T.);
#1546=ADVANCED_FACE('',(#477),#49,.F.);
#1547=ADVANCED_FACE('',(#478),#55,.T.);
#1548=ADVANCED_FACE('',(#479),#106,.T.);
#1549=ADVANCED_FACE('',(#480),#438,.T.);
#1550=ADVANCED_FACE('',(#481),#1533,.F.);
#1551=ADVANCED_FACE('',(#482),#50,.F.);
#1552=ADVANCED_FACE('',(#483),#56,.F.);
#1553=ADVANCED_FACE('',(#484),#1534,.F.);
#1554=ADVANCED_FACE('',(#485),#439,.T.);
#1555=ADVANCED_FACE('',(#486),#107,.T.);
#1556=ADVANCED_FACE('',(#487),#440,.T.);
#1557=ADVANCED_FACE('',(#488),#51,.F.);
#1558=ADVANCED_FACE('',(#489),#57,.F.);
#1559=ADVANCED_FACE('',(#490),#58,.T.);
#1560=ADVANCED_FACE('',(#491),#441,.F.);
#1561=ADVANCED_FACE('',(#492),#59,.T.);
#1562=ADVANCED_FACE('',(#493),#60,.T.);
#1563=ADVANCED_FACE('',(#494),#61,.F.);
#1564=ADVANCED_FACE('',(#495),#62,.T.);
#1565=ADVANCED_FACE('',(#496),#442,.F.);
#1566=ADVANCED_FACE('',(#497),#63,.T.);
#1567=ADVANCED_FACE('',(#498),#64,.F.);
#1568=ADVANCED_FACE('',(#499),#65,.F.);
#1569=ADVANCED_FACE('',(#500),#66,.F.);
#1570=ADVANCED_FACE('',(#501),#67,.F.);
#1571=ADVANCED_FACE('',(#502),#68,.F.);
#1572=ADVANCED_FACE('',(#503),#69,.T.);
#1573=ADVANCED_FACE('',(#504),#70,.F.);
#1574=ADVANCED_FACE('',(#505),#71,.F.);
#1575=ADVANCED_FACE('',(#506),#72,.F.);
#1576=ADVANCED_FACE('',(#507),#73,.T.);
#1577=ADVANCED_FACE('',(#508),#443,.T.);
#1578=ADVANCED_FACE('',(#509),#74,.F.);
#1579=ADVANCED_FACE('',(#510),#444,.F.);
#1580=ADVANCED_FACE('',(#511),#75,.F.);
#1581=ADVANCED_FACE('',(#512),#445,.F.);
#1582=ADVANCED_FACE('',(#513),#76,.T.);
#1583=ADVANCED_FACE('',(#514),#77,.F.);
#1584=ADVANCED_FACE('',(#515),#78,.F.);
#1585=ADVANCED_FACE('',(#516),#446,.F.);
#1586=ADVANCED_FACE('',(#517),#447,.F.);
#1587=ADVANCED_FACE('',(#518),#448,.F.);
#1588=ADVANCED_FACE('',(#519),#449,.T.);
#1589=ADVANCED_FACE('',(#520),#79,.T.);
#1590=ADVANCED_FACE('',(#521),#1535,.T.);
#1591=ADVANCED_FACE('',(#522),#1536,.T.);
#1592=ADVANCED_FACE('',(#523),#52,.T.);
#1593=ADVANCED_FACE('',(#524),#80,.T.);
#1594=ADVANCED_FACE('',(#525),#81,.T.);
#1595=ADVANCED_FACE('',(#526),#450,.F.);
#1596=ADVANCED_FACE('',(#527),#82,.F.);
#1597=ADVANCED_FACE('',(#528),#83,.F.);
#1598=ADVANCED_FACE('',(#529),#84,.F.);
#1599=ADVANCED_FACE('',(#530),#85,.F.);
#1600=ADVANCED_FACE('',(#531),#86,.T.);
#1601=ADVANCED_FACE('',(#532),#53,.F.);
#1602=ADVANCED_FACE('',(#533),#87,.F.);
#1603=ADVANCED_FACE('',(#534),#451,.T.);
#1604=ADVANCED_FACE('',(#535),#21,.F.);
#1605=ADVANCED_FACE('',(#536),#452,.F.);
#1606=ADVANCED_FACE('',(#537,#13),#88,.T.);
#1607=ADVANCED_FACE('',(#538),#453,.T.);
#1608=ADVANCED_FACE('',(#539),#89,.F.);
#1609=ADVANCED_FACE('',(#540),#22,.F.);
#1610=ADVANCED_FACE('',(#541),#454,.F.);
#1611=ADVANCED_FACE('',(#542,#14),#90,.T.);
#1612=ADVANCED_FACE('',(#543),#91,.F.);
#1613=ADVANCED_FACE('',(#544),#455,.T.);
#1614=ADVANCED_FACE('',(#545),#23,.F.);
#1615=ADVANCED_FACE('',(#546),#456,.F.);
#1616=ADVANCED_FACE('',(#547,#15),#92,.T.);
#1617=ADVANCED_FACE('',(#548),#93,.F.);
#1618=ADVANCED_FACE('',(#549),#457,.T.);
#1619=ADVANCED_FACE('',(#550),#24,.F.);
#1620=ADVANCED_FACE('',(#551),#458,.F.);
#1621=ADVANCED_FACE('',(#552),#459,.T.);
#1622=ADVANCED_FACE('',(#553),#94,.T.);
#1623=ADVANCED_FACE('',(#554,#16),#95,.F.);
#1624=ADVANCED_FACE('',(#555),#25,.F.);
#1625=ADVANCED_FACE('',(#556),#460,.F.);
#1626=ADVANCED_FACE('',(#557),#461,.T.);
#1627=ADVANCED_FACE('',(#558),#96,.T.);
#1628=ADVANCED_FACE('',(#559,#17),#97,.F.);
#1629=ADVANCED_FACE('',(#560),#26,.F.);
#1630=ADVANCED_FACE('',(#561),#462,.F.);
#1631=ADVANCED_FACE('',(#562),#98,.F.);
#1632=ADVANCED_FACE('',(#563),#463,.T.);
#1633=ADVANCED_FACE('',(#564,#18),#99,.F.);
#1634=ADVANCED_FACE('',(#565),#27,.F.);
#1635=ADVANCED_FACE('',(#566),#464,.F.);
#1636=ADVANCED_FACE('',(#567),#100,.F.);
#1637=ADVANCED_FACE('',(#568),#465,.T.);
#1638=ADVANCED_FACE('',(#569,#19),#101,.F.);
#1639=ADVANCED_FACE('',(#570),#28,.F.);
#1640=ADVANCED_FACE('',(#571),#466,.F.);
#1641=ADVANCED_FACE('',(#572),#102,.F.);
#1642=ADVANCED_FACE('',(#573,#20),#103,.T.);
#1643=ADVANCED_FACE('',(#574),#467,.T.);
#1644=CLOSED_SHELL('',(#1537,#1538,#1539,#1540,#1541,#1542,#1543,#1544,
#1545,#1546,#1547,#1548,#1549,#1550,#1551,#1552,#1553,#1554,#1555,#1556,
#1557,#1558,#1559,#1560,#1561,#1562,#1563,#1564,#1565,#1566,#1567,#1568,
#1569,#1570,#1571,#1572,#1573,#1574,#1575,#1576,#1577,#1578,#1579,#1580,
#1581,#1582,#1583,#1584,#1585,#1586,#1587,#1588,#1589,#1590,#1591,#1592,
#1593,#1594,#1595,#1596,#1597,#1598,#1599,#1600,#1601,#1602,#1603));
#1645=CLOSED_SHELL('',(#1604,#1605,#1606,#1607,#1608));
#1646=CLOSED_SHELL('',(#1609,#1610,#1611,#1612,#1613));
#1647=CLOSED_SHELL('',(#1614,#1615,#1616,#1617,#1618));
#1648=CLOSED_SHELL('',(#1619,#1620,#1621,#1622,#1623));
#1649=CLOSED_SHELL('',(#1624,#1625,#1626,#1627,#1628));
#1650=CLOSED_SHELL('',(#1629,#1630,#1631,#1632,#1633));
#1651=CLOSED_SHELL('',(#1634,#1635,#1636,#1637,#1638));
#1652=CLOSED_SHELL('',(#1639,#1640,#1641,#1642,#1643));
#1653=AXIS2_PLACEMENT_3D('',#2278,#1818,#1819);
#1654=AXIS2_PLACEMENT_3D('',#2628,#1820,#1821);
#1655=AXIS2_PLACEMENT_3D('',#2645,#1824,#1825);
#1656=AXIS2_PLACEMENT_3D('',#2650,#1827,#1828);
#1657=AXIS2_PLACEMENT_3D('',#2665,#1830,#1831);
#1658=AXIS2_PLACEMENT_3D('',#2666,#1832,#1833);
#1659=AXIS2_PLACEMENT_3D('',#2667,#1834,#1835);
#1660=AXIS2_PLACEMENT_3D('',#2668,#1836,#1837);
#1661=AXIS2_PLACEMENT_3D('',#2670,#1838,#1839);
#1662=AXIS2_PLACEMENT_3D('',#2672,#1840,#1841);
#1663=AXIS2_PLACEMENT_3D('',#2685,#1842,#1843);
#1664=AXIS2_PLACEMENT_3D('',#2688,#1846,#1847);
#1665=AXIS2_PLACEMENT_3D('',#2692,#1849,#1850);
#1666=AXIS2_PLACEMENT_3D('',#2694,#1852,#1853);
#1667=AXIS2_PLACEMENT_3D('',#2917,#1859,#1860);
#1668=AXIS2_PLACEMENT_3D('',#2923,#1863,#1864);
#1669=AXIS2_PLACEMENT_3D('',#2927,#1866,#1867);
#1670=AXIS2_PLACEMENT_3D('',#2929,#1869,#1870);
#1671=AXIS2_PLACEMENT_3D('',#2932,#1871,#1872);
#1672=AXIS2_PLACEMENT_3D('',#2934,#1873,#1874);
#1673=AXIS2_PLACEMENT_3D('',#2948,#1875,#1876);
#1674=AXIS2_PLACEMENT_3D('',#2949,#1877,#1878);
#1675=AXIS2_PLACEMENT_3D('',#2952,#1879,#1880);
#1676=AXIS2_PLACEMENT_3D('',#3073,#1885,#1886);
#1677=AXIS2_PLACEMENT_3D('',#3077,#1888,#1889);
#1678=AXIS2_PLACEMENT_3D('',#3129,#1893,#1894);
#1679=AXIS2_PLACEMENT_3D('',#3130,#1895,#1896);
#1680=AXIS2_PLACEMENT_3D('',#3131,#1897,#1898);
#1681=AXIS2_PLACEMENT_3D('',#3132,#1899,#1900);
#1682=AXIS2_PLACEMENT_3D('',#3134,#1901,#1902);
#1683=AXIS2_PLACEMENT_3D('',#3135,#1903,#1904);
#1684=AXIS2_PLACEMENT_3D('',#3136,#1905,#1906);
#1685=AXIS2_PLACEMENT_3D('',#3193,#1908,#1909);
#1686=AXIS2_PLACEMENT_3D('',#3200,#1912,#1913);
#1687=AXIS2_PLACEMENT_3D('',#3202,#1915,#1916);
#1688=AXIS2_PLACEMENT_3D('',#3208,#1920,#1921);
#1689=AXIS2_PLACEMENT_3D('',#3210,#1922,#1923);
#1690=AXIS2_PLACEMENT_3D('',#3212,#1925,#1926);
#1691=AXIS2_PLACEMENT_3D('',#3216,#1929,#1930);
#1692=AXIS2_PLACEMENT_3D('',#3231,#1939,#1940);
#1693=AXIS2_PLACEMENT_3D('',#3234,#1942,#1943);
#1694=AXIS2_PLACEMENT_3D('',#3235,#1944,#1945);
#1695=AXIS2_PLACEMENT_3D('',#3241,#1949,#1950);
#1696=AXIS2_PLACEMENT_3D('',#3243,#1951,#1952);
#1697=AXIS2_PLACEMENT_3D('',#3245,#1954,#1955);
#1698=AXIS2_PLACEMENT_3D('',#3249,#1958,#1959);
#1699=AXIS2_PLACEMENT_3D('',#3255,#1963,#1964);
#1700=AXIS2_PLACEMENT_3D('',#3265,#1970,#1971);
#1701=AXIS2_PLACEMENT_3D('',#3269,#1974,#1975);
#1702=AXIS2_PLACEMENT_3D('',#3273,#1978,#1979);
#1703=AXIS2_PLACEMENT_3D('',#3277,#1982,#1983);
#1704=AXIS2_PLACEMENT_3D('',#3279,#1984,#1985);
#1705=AXIS2_PLACEMENT_3D('',#3287,#1989,#1990);
#1706=AXIS2_PLACEMENT_3D('',#3289,#1992,#1993);
#1707=AXIS2_PLACEMENT_3D('',#3291,#1995,#1996);
#1708=AXIS2_PLACEMENT_3D('',#3297,#1999,#2000);
#1709=AXIS2_PLACEMENT_3D('',#3301,#2002,#2003);
#1710=AXIS2_PLACEMENT_3D('',#3305,#2005,#2006);
#1711=AXIS2_PLACEMENT_3D('',#3308,#2008,#2009);
#1712=AXIS2_PLACEMENT_3D('',#3310,#2010,#2011);
#1713=AXIS2_PLACEMENT_3D('',#3314,#2013,#2014);
#1714=AXIS2_PLACEMENT_3D('',#3317,#2016,#2017);
#1715=AXIS2_PLACEMENT_3D('',#3318,#2018,#2019);
#1716=AXIS2_PLACEMENT_3D('',#3320,#2021,#2022);
#1717=AXIS2_PLACEMENT_3D('',#3323,#2025,#2026);
#1718=AXIS2_PLACEMENT_3D('',#3324,#2027,#2028);
#1719=AXIS2_PLACEMENT_3D('',#3333,#2034,#2035);
#1720=AXIS2_PLACEMENT_3D('',#3336,#2037,#2038);
#1721=AXIS2_PLACEMENT_3D('',#3337,#2039,#2040);
#1722=AXIS2_PLACEMENT_3D('',#3341,#2043,#2044);
#1723=AXIS2_PLACEMENT_3D('',#3344,#2046,#2047);
#1724=AXIS2_PLACEMENT_3D('',#3345,#2048,#2049);
#1725=AXIS2_PLACEMENT_3D('',#3348,#2050,#2051);
#1726=AXIS2_PLACEMENT_3D('',#3352,#2053,#2054);
#1727=AXIS2_PLACEMENT_3D('',#3354,#2056,#2057);
#1728=AXIS2_PLACEMENT_3D('',#3357,#2060,#2061);
#1729=AXIS2_PLACEMENT_3D('',#3359,#2063,#2064);
#1730=AXIS2_PLACEMENT_3D('',#3362,#2066,#2067);
#1731=AXIS2_PLACEMENT_3D('',#3363,#2068,#2069);
#1732=AXIS2_PLACEMENT_3D('',#3365,#2071,#2072);
#1733=AXIS2_PLACEMENT_3D('',#3367,#2073,#2074);
#1734=AXIS2_PLACEMENT_3D('',#3369,#2076,#2077);
#1735=AXIS2_PLACEMENT_3D('',#3371,#2079,#2080);
#1736=AXIS2_PLACEMENT_3D('',#3651,#2086,#2087);
#1737=AXIS2_PLACEMENT_3D('',#3653,#2089,#2090);
#1738=AXIS2_PLACEMENT_3D('',#3656,#2093,#2094);
#1739=AXIS2_PLACEMENT_3D('',#3657,#2095,#2096);
#1740=AXIS2_PLACEMENT_3D('',#3658,#2097,#2098);
#1741=AXIS2_PLACEMENT_3D('',#3659,#2099,#2100);
#1742=AXIS2_PLACEMENT_3D('',#3660,#2101,#2102);
#1743=AXIS2_PLACEMENT_3D('',#3667,#2103,#2104);
#1744=AXIS2_PLACEMENT_3D('',#3679,#2106,#2107);
#1745=AXIS2_PLACEMENT_3D('',#3680,#2108,#2109);
#1746=AXIS2_PLACEMENT_3D('',#3681,#2110,#2111);
#1747=AXIS2_PLACEMENT_3D('',#3683,#2112,#2113);
#1748=AXIS2_PLACEMENT_3D('',#3686,#2115,#2116);
#1749=AXIS2_PLACEMENT_3D('',#3688,#2117,#2118);
#1750=AXIS2_PLACEMENT_3D('',#3690,#2120,#2121);
#1751=AXIS2_PLACEMENT_3D('',#3692,#2122,#2123);
#1752=AXIS2_PLACEMENT_3D('',#3693,#2124,#2125);
#1753=AXIS2_PLACEMENT_3D('',#3696,#2127,#2128);
#1754=AXIS2_PLACEMENT_3D('',#3697,#2129,#2130);
#1755=AXIS2_PLACEMENT_3D('',#3698,#2131,#2132);
#1756=AXIS2_PLACEMENT_3D('',#3700,#2133,#2134);
#1757=AXIS2_PLACEMENT_3D('',#3703,#2136,#2137);
#1758=AXIS2_PLACEMENT_3D('',#3705,#2138,#2139);
#1759=AXIS2_PLACEMENT_3D('',#3707,#2141,#2142);
#1760=AXIS2_PLACEMENT_3D('',#3709,#2143,#2144);
#1761=AXIS2_PLACEMENT_3D('',#3710,#2145,#2146);
#1762=AXIS2_PLACEMENT_3D('',#3712,#2147,#2148);
#1763=AXIS2_PLACEMENT_3D('',#3713,#2149,#2150);
#1764=AXIS2_PLACEMENT_3D('',#3715,#2152,#2153);
#1765=AXIS2_PLACEMENT_3D('',#3717,#2154,#2155);
#1766=AXIS2_PLACEMENT_3D('',#3720,#2157,#2158);
#1767=AXIS2_PLACEMENT_3D('',#3722,#2159,#2160);
#1768=AXIS2_PLACEMENT_3D('',#3724,#2162,#2163);
#1769=AXIS2_PLACEMENT_3D('',#3726,#2164,#2165);
#1770=AXIS2_PLACEMENT_3D('',#3727,#2166,#2167);
#1771=AXIS2_PLACEMENT_3D('',#3729,#2168,#2169);
#1772=AXIS2_PLACEMENT_3D('',#3730,#2170,#2171);
#1773=AXIS2_PLACEMENT_3D('',#3732,#2173,#2174);
#1774=AXIS2_PLACEMENT_3D('',#3734,#2175,#2176);
#1775=AXIS2_PLACEMENT_3D('',#3737,#2178,#2179);
#1776=AXIS2_PLACEMENT_3D('',#3739,#2180,#2181);
#1777=AXIS2_PLACEMENT_3D('',#3741,#2183,#2184);
#1778=AXIS2_PLACEMENT_3D('',#3743,#2185,#2186);
#1779=AXIS2_PLACEMENT_3D('',#3746,#2188,#2189);
#1780=AXIS2_PLACEMENT_3D('',#3747,#2190,#2191);
#1781=AXIS2_PLACEMENT_3D('',#3748,#2192,#2193);
#1782=AXIS2_PLACEMENT_3D('',#3749,#2194,#2195);
#1783=AXIS2_PLACEMENT_3D('',#3751,#2196,#2197);
#1784=AXIS2_PLACEMENT_3D('',#3754,#2199,#2200);
#1785=AXIS2_PLACEMENT_3D('',#3756,#2201,#2202);
#1786=AXIS2_PLACEMENT_3D('',#3758,#2204,#2205);
#1787=AXIS2_PLACEMENT_3D('',#3760,#2206,#2207);
#1788=AXIS2_PLACEMENT_3D('',#3763,#2209,#2210);
#1789=AXIS2_PLACEMENT_3D('',#3764,#2211,#2212);
#1790=AXIS2_PLACEMENT_3D('',#3765,#2213,#2214);
#1791=AXIS2_PLACEMENT_3D('',#3766,#2215,#2216);
#1792=AXIS2_PLACEMENT_3D('',#3768,#2217,#2218);
#1793=AXIS2_PLACEMENT_3D('',#3771,#2220,#2221);
#1794=AXIS2_PLACEMENT_3D('',#3773,#2222,#2223);
#1795=AXIS2_PLACEMENT_3D('',#3775,#2225,#2226);
#1796=AXIS2_PLACEMENT_3D('',#3777,#2227,#2228);
#1797=AXIS2_PLACEMENT_3D('',#3778,#2229,#2230);
#1798=AXIS2_PLACEMENT_3D('',#3781,#2232,#2233);
#1799=AXIS2_PLACEMENT_3D('',#3782,#2234,#2235);
#1800=AXIS2_PLACEMENT_3D('',#3783,#2236,#2237);
#1801=AXIS2_PLACEMENT_3D('',#3785,#2238,#2239);
#1802=AXIS2_PLACEMENT_3D('',#3788,#2241,#2242);
#1803=AXIS2_PLACEMENT_3D('',#3790,#2243,#2244);
#1804=AXIS2_PLACEMENT_3D('',#3792,#2246,#2247);
#1805=AXIS2_PLACEMENT_3D('',#3794,#2248,#2249);
#1806=AXIS2_PLACEMENT_3D('',#3795,#2250,#2251);
#1807=AXIS2_PLACEMENT_3D('',#3798,#2253,#2254);
#1808=AXIS2_PLACEMENT_3D('',#3799,#2255,#2256);
#1809=AXIS2_PLACEMENT_3D('',#3800,#2257,#2258);
#1810=AXIS2_PLACEMENT_3D('',#3802,#2259,#2260);
#1811=AXIS2_PLACEMENT_3D('',#3805,#2262,#2263);
#1812=AXIS2_PLACEMENT_3D('',#3807,#2264,#2265);
#1813=AXIS2_PLACEMENT_3D('',#3809,#2267,#2268);
#1814=AXIS2_PLACEMENT_3D('',#3811,#2269,#2270);
#1815=AXIS2_PLACEMENT_3D('',#3812,#2271,#2272);
#1816=AXIS2_PLACEMENT_3D('',#3814,#2273,#2274);
#1817=AXIS2_PLACEMENT_3D('',#3815,#2275,#2276);
#1818=DIRECTION('axis',(0.,0.,1.));
#1819=DIRECTION('refdir',(1.,0.,0.));
#1820=DIRECTION('center_axis',(0.,-1.,0.));
#1821=DIRECTION('ref_axis',(-0.707106781186548,0.,0.707106781186548));
#1822=DIRECTION('',(0.,1.,0.));
#1823=DIRECTION('',(0.,-1.,0.));
#1824=DIRECTION('center_axis',(-1.,0.,0.));
#1825=DIRECTION('ref_axis',(0.,0.707106781186541,0.707106781186554));
#1826=DIRECTION('',(-1.,0.,0.));
#1827=DIRECTION('center_axis',(1.,8.88178419700128E-15,0.));
#1828=DIRECTION('ref_axis',(-8.88178419700128E-15,1.,0.));
#1829=DIRECTION('',(1.,0.,0.));
#1830=DIRECTION('center_axis',(0.,0.,1.));
#1831=DIRECTION('ref_axis',(1.,0.,0.));
#1832=DIRECTION('center_axis',(0.,0.,-1.));
#1833=DIRECTION('ref_axis',(-0.677688032678072,0.735349529383765,0.));
#1834=DIRECTION('center_axis',(0.,0.,1.));
#1835=DIRECTION('ref_axis',(-0.677688032678072,0.735349529383765,0.));
#1836=DIRECTION('center_axis',(0.,0.,1.));
#1837=DIRECTION('ref_axis',(1.,0.,0.));
#1838=DIRECTION('center_axis',(0.,0.,1.));
#1839=DIRECTION('ref_axis',(0.768196683004098,0.640213914423531,0.));
#1840=DIRECTION('center_axis',(0.,0.,-1.));
#1841=DIRECTION('ref_axis',(0.768196683004098,0.640213914423531,0.));
#1842=DIRECTION('center_axis',(0.,1.,0.));
#1843=DIRECTION('ref_axis',(0.707106781186548,0.,0.707106781186548));
#1844=DIRECTION('',(0.,1.,0.));
#1845=DIRECTION('',(0.,-1.,0.));
#1846=DIRECTION('center_axis',(0.,0.,1.));
#1847=DIRECTION('ref_axis',(0.994799025193027,-0.101857250478316,0.));
#1848=DIRECTION('',(0.,0.,-1.));
#1849=DIRECTION('center_axis',(0.,0.,-1.));
#1850=DIRECTION('ref_axis',(0.994799025193027,-0.101857250478316,0.));
#1851=DIRECTION('',(0.,0.,1.));
#1852=DIRECTION('center_axis',(1.,0.,0.));
#1853=DIRECTION('ref_axis',(0.,1.,0.));
#1854=DIRECTION('',(0.,1.,5.41572199064168E-17));
#1855=DIRECTION('',(0.,0.,1.));
#1856=DIRECTION('',(0.,-1.,0.));
#1857=DIRECTION('',(1.,0.,0.));
#1858=DIRECTION('',(-1.,0.,0.));
#1859=DIRECTION('center_axis',(0.,0.,1.));
#1860=DIRECTION('ref_axis',(1.,0.,0.));
#1861=DIRECTION('',(1.,0.,0.));
#1862=DIRECTION('',(0.,1.,0.));
#1863=DIRECTION('center_axis',(0.,0.,-1.));
#1864=DIRECTION('ref_axis',(0.,1.,0.));
#1865=DIRECTION('',(1.,0.,0.));
#1866=DIRECTION('center_axis',(0.,0.,-1.));
#1867=DIRECTION('ref_axis',(0.994799025193027,-0.101857250478316,0.));
#1868=DIRECTION('',(0.,-1.,0.));
#1869=DIRECTION('center_axis',(0.,5.41572199064168E-17,-1.));
#1870=DIRECTION('ref_axis',(-1.,0.,0.));
#1871=DIRECTION('center_axis',(0.,-1.,0.));
#1872=DIRECTION('ref_axis',(0.,0.,1.));
#1873=DIRECTION('center_axis',(0.,-5.41572199064168E-17,1.));
#1874=DIRECTION('ref_axis',(-0.511400027818696,-0.859342778841503,-4.94838140146741E-17));
#1875=DIRECTION('center_axis',(0.,5.41572199064168E-17,-1.));
#1876=DIRECTION('ref_axis',(-0.511400027818696,-0.859342778841503,-4.65396158487106E-17));
#1877=DIRECTION('center_axis',(0.,-1.,-5.41572199064168E-17));
#1878=DIRECTION('ref_axis',(-0.707106781186546,0.,0.707106781186549));
#1879=DIRECTION('center_axis',(0.,-1.,0.));
#1880=DIRECTION('ref_axis',(0.,0.,1.));
#1881=DIRECTION('',(0.,-1.,-5.41572199064168E-17));
#1882=DIRECTION('',(0.,1.,5.41572199064168E-17));
#1883=DIRECTION('',(-1.,0.,0.));
#1884=DIRECTION('',(-1.,0.,0.));
#1885=DIRECTION('center_axis',(0.,5.41572199064168E-17,-1.));
#1886=DIRECTION('ref_axis',(0.,-1.,-5.41572199064168E-17));
#1887=DIRECTION('',(-1.,2.6736532290443E-16,1.44797625878853E-32));
#1888=DIRECTION('center_axis',(0.,5.41572199064168E-17,-1.));
#1889=DIRECTION('ref_axis',(0.70712004424695,-0.707093517877367,-3.82942191420864E-17));
#1890=DIRECTION('',(0.,-1.,-5.41572199064168E-17));
#1891=DIRECTION('',(-1.,0.,0.));
#1892=DIRECTION('',(1.,0.,0.));
#1893=DIRECTION('center_axis',(-2.22044604925032E-15,1.,0.));
#1894=DIRECTION('ref_axis',(0.,0.,1.));
#1895=DIRECTION('center_axis',(0.,-1.,-5.41572199064168E-17));
#1896=DIRECTION('ref_axis',(0.707106781186546,0.,0.707106781186549));
#1897=DIRECTION('center_axis',(0.,1.,0.));
#1898=DIRECTION('ref_axis',(0.,0.,1.));
#1899=DIRECTION('center_axis',(0.,5.41572199064168E-17,-1.));
#1900=DIRECTION('ref_axis',(0.707121938949524,-0.707091623098637,0.));
#1901=DIRECTION('center_axis',(1.,0.,0.));
#1902=DIRECTION('ref_axis',(0.,0.,1.));
#1903=DIRECTION('center_axis',(0.,-5.41572199064168E-17,1.));
#1904=DIRECTION('ref_axis',(0.70712004424695,-0.707093517877367,-3.46944690025482E-17));
#1905=DIRECTION('center_axis',(-1.,2.6736532290443E-16,1.44797625878853E-32));
#1906=DIRECTION('ref_axis',(0.,-0.707106781186551,0.707106781186544));
#1907=DIRECTION('',(1.,-2.6736532290443E-16,-1.44797625878853E-32));
#1908=DIRECTION('center_axis',(9.8817179648503E-12,1.,2.08847274349121E-9));
#1909=DIRECTION('ref_axis',(1.,-9.88171796485056E-12,1.22464679914735E-16));
#1910=DIRECTION('',(0.,0.,-1.));
#1911=DIRECTION('',(0.999999991046749,-1.52325105740005E-7,-0.000133815092017366));
#1912=DIRECTION('center_axis',(0.,1.,0.));
#1913=DIRECTION('ref_axis',(-0.998864565651319,0.,0.0476401037593471));
#1914=DIRECTION('',(1.,-9.8817179648503E-12,0.));
#1915=DIRECTION('center_axis',(-0.00013381509201705,2.08847403161641E-9,
-0.999999991046761));
#1916=DIRECTION('ref_axis',(0.999999991046749,-1.52325105740005E-7,-0.000133815092017366));
#1917=DIRECTION('',(0.,-1.,-2.08847405031502E-9));
#1918=DIRECTION('',(-0.999999991046749,1.52325105740005E-7,0.000133815092017366));
#1919=DIRECTION('',(-9.88098491916367E-12,-1.,-2.0884727280901E-9));
#1920=DIRECTION('center_axis',(-9.88098491916367E-12,-1.,-2.0884727280901E-9));
#1921=DIRECTION('ref_axis',(-0.998864565651319,-8.96252917552915E-11,0.0476401037593471));
#1922=DIRECTION('center_axis',(0.,1.,0.));
#1923=DIRECTION('ref_axis',(-0.998864565651319,0.,0.0476401037593471));
#1924=DIRECTION('',(-3.69817285667053E-7,0.999999999999932,-2.22044604915073E-15));
#1925=DIRECTION('center_axis',(9.8817179648503E-12,1.,2.08847274349121E-9));
#1926=DIRECTION('ref_axis',(1.,-9.88171796485056E-12,1.22464679914735E-16));
#1927=DIRECTION('',(0.,0.,-1.));
#1928=DIRECTION('',(-1.,0.,0.));
#1929=DIRECTION('center_axis',(0.,1.,0.));
#1930=DIRECTION('ref_axis',(-1.,0.,0.));
#1931=DIRECTION('',(1.,0.,0.));
#1932=DIRECTION('',(0.,0.,1.));
#1933=DIRECTION('',(0.,0.,1.));
#1934=DIRECTION('',(-1.,0.,0.));
#1935=DIRECTION('',(-1.,0.,0.));
#1936=DIRECTION('',(0.,0.,-1.));
#1937=DIRECTION('',(1.,0.,0.));
#1938=DIRECTION('',(0.,0.,1.));
#1939=DIRECTION('center_axis',(-9.8815955001709E-12,-1.,2.08847274349121E-9));
#1940=DIRECTION('ref_axis',(-1.,9.88159550017065E-12,-1.22464679914735E-16));
#1941=DIRECTION('',(-0.999999991046749,1.5232510561754E-7,-0.000133815092017611));
#1942=DIRECTION('center_axis',(1.22464679914735E-16,-1.,1.49975978266186E-32));
#1943=DIRECTION('ref_axis',(0.998864565651319,1.2232562931066E-16,0.0476401037593473));
#1944=DIRECTION('center_axis',(0.000133815092017295,-2.08847403160003E-9,
-0.999999991046761));
#1945=DIRECTION('ref_axis',(-0.999999991046749,1.5232510561754E-7,-0.000133815092017611));
#1946=DIRECTION('',(0.,1.,-2.08847405029863E-9));
#1947=DIRECTION('',(0.999999991046749,-1.5232510561754E-7,0.000133815092017611));
#1948=DIRECTION('',(9.88086245448427E-12,1.,-2.0884727280901E-9));
#1949=DIRECTION('center_axis',(9.88086245448427E-12,1.,-2.0884727280901E-9));
#1950=DIRECTION('ref_axis',(0.998864565651319,8.96254140809208E-11,0.0476401037593473));
#1951=DIRECTION('center_axis',(1.22464679914735E-16,-1.,1.49975978266186E-32));
#1952=DIRECTION('ref_axis',(0.998864565651319,1.2232562931066E-16,0.0476401037593473));
#1953=DIRECTION('',(3.69817287887499E-7,-0.999999999999932,-2.22044604915073E-15));
#1954=DIRECTION('center_axis',(-9.8815955001709E-12,-1.,2.08847274349121E-9));
#1955=DIRECTION('ref_axis',(-1.,9.88159550017065E-12,-1.22464679914735E-16));
#1956=DIRECTION('',(0.,0.,-1.));
#1957=DIRECTION('',(1.,-9.8815955001709E-12,0.));
#1958=DIRECTION('center_axis',(0.,0.,1.));
#1959=DIRECTION('ref_axis',(1.,0.,0.));
#1960=DIRECTION('',(0.,1.,0.));
#1961=DIRECTION('',(1.,0.,0.));
#1962=DIRECTION('',(0.,-1.,0.));
#1963=DIRECTION('center_axis',(0.,1.,0.));
#1964=DIRECTION('ref_axis',(-1.,0.,0.));
#1965=DIRECTION('',(0.,0.,-1.));
#1966=DIRECTION('',(-1.,0.,0.));
#1967=DIRECTION('',(0.,0.,-1.));
#1968=DIRECTION('',(-1.,0.,0.));
#1969=DIRECTION('',(0.,0.,1.));
#1970=DIRECTION('center_axis',(-1.,0.,0.));
#1971=DIRECTION('ref_axis',(0.,-1.,0.));
#1972=DIRECTION('',(0.,-1.,0.));
#1973=DIRECTION('',(0.,0.,1.));
#1974=DIRECTION('center_axis',(0.,1.,0.));
#1975=DIRECTION('ref_axis',(-1.,0.,0.));
#1976=DIRECTION('',(-1.,0.,0.));
#1977=DIRECTION('',(0.,0.,1.));
#1978=DIRECTION('center_axis',(1.,0.,0.));
#1979=DIRECTION('ref_axis',(0.,1.,0.));
#1980=DIRECTION('',(0.,1.,0.));
#1981=DIRECTION('',(0.,0.,1.));
#1982=DIRECTION('center_axis',(0.,0.,-1.));
#1983=DIRECTION('ref_axis',(0.,1.,0.));
#1984=DIRECTION('center_axis',(0.,0.,1.));
#1985=DIRECTION('ref_axis',(0.994799025193027,-0.101857250478316,0.));
#1986=DIRECTION('',(0.,1.,0.));
#1987=DIRECTION('',(1.,0.,0.));
#1988=DIRECTION('',(0.,-1.,0.));
#1989=DIRECTION('center_axis',(0.,0.,1.));
#1990=DIRECTION('ref_axis',(0.,1.,0.));
#1991=DIRECTION('',(-1.,0.,0.));
#1992=DIRECTION('center_axis',(1.,0.,0.));
#1993=DIRECTION('ref_axis',(0.,1.,0.));
#1994=DIRECTION('',(0.,1.,0.));
#1995=DIRECTION('center_axis',(0.,0.,1.));
#1996=DIRECTION('ref_axis',(1.,0.,0.));
#1997=DIRECTION('',(0.,-1.,0.));
#1998=DIRECTION('',(-1.,0.,0.));
#1999=DIRECTION('center_axis',(0.,0.,1.));
#2000=DIRECTION('ref_axis',(0.,1.,0.));
#2001=DIRECTION('',(0.,-1.,0.));
#2002=DIRECTION('center_axis',(0.,0.,1.));
#2003=DIRECTION('ref_axis',(-1.,-4.22261879591885E-15,0.));
#2004=DIRECTION('',(1.,-2.6736532290443E-16,0.));
#2005=DIRECTION('center_axis',(0.,0.,1.));
#2006=DIRECTION('ref_axis',(-2.22044601616309E-15,-1.,0.));
#2007=DIRECTION('',(0.,1.,0.));
#2008=DIRECTION('center_axis',(0.,0.,1.));
#2009=DIRECTION('ref_axis',(0.994799025193027,-0.101857250478316,0.));
#2010=DIRECTION('center_axis',(0.,0.,-1.));
#2011=DIRECTION('ref_axis',(-2.22044601616309E-15,-1.,0.));
#2012=DIRECTION('',(-1.,2.6736532290443E-16,0.));
#2013=DIRECTION('center_axis',(0.,0.,-1.));
#2014=DIRECTION('ref_axis',(-1.,-4.22261879591885E-15,0.));
#2015=DIRECTION('',(0.,1.,0.));
#2016=DIRECTION('center_axis',(0.,0.,-1.));
#2017=DIRECTION('ref_axis',(0.,1.,0.));
#2018=DIRECTION('center_axis',(-1.,0.,0.));
#2019=DIRECTION('ref_axis',(0.,-1.,0.));
#2020=DIRECTION('',(0.,0.,-1.));
#2021=DIRECTION('center_axis',(-2.6736532290443E-16,-1.,0.));
#2022=DIRECTION('ref_axis',(1.,-2.6736532290443E-16,0.));
#2023=DIRECTION('',(0.,0.,1.));
#2024=DIRECTION('',(0.,0.,1.));
#2025=DIRECTION('center_axis',(0.,0.,1.));
#2026=DIRECTION('ref_axis',(-2.22044601616309E-15,-1.,0.));
#2027=DIRECTION('center_axis',(1.,0.,0.));
#2028=DIRECTION('ref_axis',(0.,1.,0.));
#2029=DIRECTION('',(0.,0.,1.));
#2030=DIRECTION('',(0.,1.,0.));
#2031=DIRECTION('',(0.,0.,1.));
#2032=DIRECTION('',(0.,0.,-1.));
#2033=DIRECTION('',(0.,0.,-1.));
#2034=DIRECTION('center_axis',(0.,0.,1.));
#2035=DIRECTION('ref_axis',(-2.22044601616309E-15,-1.,0.));
#2036=DIRECTION('',(0.,0.,1.));
#2037=DIRECTION('center_axis',(0.,0.,1.));
#2038=DIRECTION('ref_axis',(-2.22044601616309E-15,-1.,0.));
#2039=DIRECTION('center_axis',(-2.6736532290443E-16,-1.,0.));
#2040=DIRECTION('ref_axis',(1.,-2.6736532290443E-16,0.));
#2041=DIRECTION('',(0.,0.,1.));
#2042=DIRECTION('',(1.,-2.6736532290443E-16,0.));
#2043=DIRECTION('center_axis',(0.,0.,1.));
#2044=DIRECTION('ref_axis',(-1.,-4.22261879591885E-15,0.));
#2045=DIRECTION('',(0.,0.,1.));
#2046=DIRECTION('center_axis',(0.,0.,1.));
#2047=DIRECTION('ref_axis',(-1.,-4.22261879591885E-15,0.));
#2048=DIRECTION('center_axis',(0.,0.,1.));
#2049=DIRECTION('ref_axis',(1.,0.,0.));
#2050=DIRECTION('center_axis',(0.,0.,-1.));
#2051=DIRECTION('ref_axis',(0.994799025193027,-0.101857250478316,0.));
#2052=DIRECTION('',(1.,0.,0.));
#2053=DIRECTION('center_axis',(0.,0.,-1.));
#2054=DIRECTION('ref_axis',(0.,1.,0.));
#2055=DIRECTION('',(1.,0.,0.));
#2056=DIRECTION('center_axis',(0.,1.,0.));
#2057=DIRECTION('ref_axis',(-1.,0.,0.));
#2058=DIRECTION('',(0.,0.,-1.));
#2059=DIRECTION('',(0.,0.,1.));
#2060=DIRECTION('center_axis',(0.,1.,0.));
#2061=DIRECTION('ref_axis',(-1.,0.,0.));
#2062=DIRECTION('',(0.,0.,1.));
#2063=DIRECTION('center_axis',(0.,0.,1.));
#2064=DIRECTION('ref_axis',(0.,1.,0.));
#2065=DIRECTION('',(0.,0.,-1.));
#2066=DIRECTION('center_axis',(0.,-0.00168823231480873,-0.99999857493481));
#2067=DIRECTION('ref_axis',(0.,0.99999857493481,-0.00168823231480873));
#2068=DIRECTION('center_axis',(0.,0.,1.));
#2069=DIRECTION('ref_axis',(0.,1.,0.));
#2070=DIRECTION('',(0.,0.,-1.));
#2071=DIRECTION('center_axis',(0.,0.,1.));
#2072=DIRECTION('ref_axis',(0.994799025193027,-0.101857250478316,0.));
#2073=DIRECTION('center_axis',(0.,-0.00168823231480873,-0.99999857493481));
#2074=DIRECTION('ref_axis',(1.5960413620701E-12,-0.99999857493481,0.00168823231480873));
#2075=DIRECTION('',(0.,0.,-1.));
#2076=DIRECTION('center_axis',(0.,0.,1.));
#2077=DIRECTION('ref_axis',(-1.,-4.22261879591885E-15,0.));
#2078=DIRECTION('',(0.,0.,1.));
#2079=DIRECTION('center_axis',(0.,0.,-1.));
#2080=DIRECTION('ref_axis',(0.,1.,0.));
#2081=DIRECTION('',(0.,-1.,0.));
#2082=DIRECTION('',(1.,0.,0.));
#2083=DIRECTION('',(1.,0.,0.));
#2084=DIRECTION('',(1.,0.,0.));
#2085=DIRECTION('',(1.,0.,0.));
#2086=DIRECTION('center_axis',(0.,1.,0.));
#2087=DIRECTION('ref_axis',(0.,0.,1.));
#2088=DIRECTION('',(0.,0.,-1.));
#2089=DIRECTION('center_axis',(0.,0.00168823231480873,0.99999857493481));
#2090=DIRECTION('ref_axis',(0.,-0.99999857493481,0.00168823231480873));
#2091=DIRECTION('',(0.,0.99999857493481,-0.00168823231480873));
#2092=DIRECTION('',(0.,-0.99999857493481,0.00168823231480873));
#2093=DIRECTION('center_axis',(0.,0.,1.));
#2094=DIRECTION('ref_axis',(0.994799025193027,-0.101857250478316,0.));
#2095=DIRECTION('center_axis',(1.,0.,0.));
#2096=DIRECTION('ref_axis',(0.,1.,0.));
#2097=DIRECTION('center_axis',(1.,0.,0.));
#2098=DIRECTION('ref_axis',(0.,1.,0.));
#2099=DIRECTION('center_axis',(-1.,0.,0.));
#2100=DIRECTION('ref_axis',(0.,-1.,0.));
#2101=DIRECTION('center_axis',(-1.,0.,0.));
#2102=DIRECTION('ref_axis',(0.,-1.,0.));
#2103=DIRECTION('center_axis',(-1.,0.,0.));
#2104=DIRECTION('ref_axis',(0.,-1.,0.));
#2105=DIRECTION('',(0.,0.,1.));
#2106=DIRECTION('center_axis',(-1.,0.,0.));
#2107=DIRECTION('ref_axis',(0.,-1.,0.));
#2108=DIRECTION('center_axis',(0.,0.,1.));
#2109=DIRECTION('ref_axis',(0.,1.,0.));
#2110=DIRECTION('center_axis',(0.,0.,-1.));
#2111=DIRECTION('ref_axis',(-1.,0.,0.));
#2112=DIRECTION('center_axis',(0.,0.,1.));
#2113=DIRECTION('ref_axis',(-1.,0.,0.));
#2114=DIRECTION('',(-0.857167300702112,-1.04972719113862E-16,0.515038074910054));
#2115=DIRECTION('center_axis',(0.,0.,1.));
#2116=DIRECTION('ref_axis',(-1.,0.,0.));
#2117=DIRECTION('center_axis',(0.,0.,1.));
#2118=DIRECTION('ref_axis',(-1.,0.,0.));
#2119=DIRECTION('',(0.,0.,1.));
#2120=DIRECTION('center_axis',(0.,0.,-1.));
#2121=DIRECTION('ref_axis',(1.,0.,0.));
#2122=DIRECTION('center_axis',(0.,0.,1.));
#2123=DIRECTION('ref_axis',(1.,0.,0.));
#2124=DIRECTION('center_axis',(0.,0.,-1.));
#2125=DIRECTION('ref_axis',(1.,0.,0.));
#2126=DIRECTION('',(0.,0.,1.));
#2127=DIRECTION('center_axis',(0.,0.,-1.));
#2128=DIRECTION('ref_axis',(1.,0.,0.));
#2129=DIRECTION('center_axis',(0.,0.,-1.));
#2130=DIRECTION('ref_axis',(1.,0.,0.));
#2131=DIRECTION('center_axis',(0.,0.,-1.));
#2132=DIRECTION('ref_axis',(-1.,0.,0.));
#2133=DIRECTION('center_axis',(0.,0.,1.));
#2134=DIRECTION('ref_axis',(-1.,0.,0.));
#2135=DIRECTION('',(-0.857167300702112,-1.04972719113862E-16,0.515038074910054));
#2136=DIRECTION('center_axis',(0.,0.,1.));
#2137=DIRECTION('ref_axis',(-1.,0.,0.));
#2138=DIRECTION('center_axis',(0.,0.,1.));
#2139=DIRECTION('ref_axis',(-1.,0.,0.));
#2140=DIRECTION('',(0.,0.,1.));
#2141=DIRECTION('center_axis',(0.,0.,-1.));
#2142=DIRECTION('ref_axis',(1.,0.,0.));
#2143=DIRECTION('center_axis',(0.,0.,1.));
#2144=DIRECTION('ref_axis',(1.,0.,0.));
#2145=DIRECTION('center_axis',(0.,0.,-1.));
#2146=DIRECTION('ref_axis',(1.,0.,0.));
#2147=DIRECTION('center_axis',(0.,0.,1.));
#2148=DIRECTION('ref_axis',(1.,0.,0.));
#2149=DIRECTION('center_axis',(0.,0.,1.));
#2150=DIRECTION('ref_axis',(1.,0.,0.));
#2151=DIRECTION('',(0.,0.,-1.));
#2152=DIRECTION('center_axis',(0.,0.,-1.));
#2153=DIRECTION('ref_axis',(-1.,0.,0.));
#2154=DIRECTION('center_axis',(0.,0.,1.));
#2155=DIRECTION('ref_axis',(-1.,0.,0.));
#2156=DIRECTION('',(-0.857167300702112,-1.04972719113862E-16,0.515038074910054));
#2157=DIRECTION('center_axis',(0.,0.,1.));
#2158=DIRECTION('ref_axis',(-1.,0.,0.));
#2159=DIRECTION('center_axis',(0.,0.,1.));
#2160=DIRECTION('ref_axis',(-1.,0.,0.));
#2161=DIRECTION('',(0.,0.,1.));
#2162=DIRECTION('center_axis',(0.,0.,-1.));
#2163=DIRECTION('ref_axis',(1.,0.,0.));
#2164=DIRECTION('center_axis',(0.,0.,1.));
#2165=DIRECTION('ref_axis',(1.,0.,0.));
#2166=DIRECTION('center_axis',(0.,0.,-1.));
#2167=DIRECTION('ref_axis',(1.,0.,0.));
#2168=DIRECTION('center_axis',(0.,0.,1.));
#2169=DIRECTION('ref_axis',(1.,0.,0.));
#2170=DIRECTION('center_axis',(0.,0.,1.));
#2171=DIRECTION('ref_axis',(1.,0.,0.));
#2172=DIRECTION('',(0.,0.,-1.));
#2173=DIRECTION('center_axis',(0.,0.,-1.));
#2174=DIRECTION('ref_axis',(-1.,0.,0.));
#2175=DIRECTION('center_axis',(0.,0.,1.));
#2176=DIRECTION('ref_axis',(-1.,0.,0.));
#2177=DIRECTION('',(-0.857167300702112,-1.04972719113862E-16,0.515038074910054));
#2178=DIRECTION('center_axis',(0.,0.,1.));
#2179=DIRECTION('ref_axis',(-1.,0.,0.));
#2180=DIRECTION('center_axis',(0.,0.,1.));
#2181=DIRECTION('ref_axis',(-1.,0.,0.));
#2182=DIRECTION('',(0.,0.,1.));
#2183=DIRECTION('center_axis',(0.,0.,1.));
#2184=DIRECTION('ref_axis',(1.,0.,0.));
#2185=DIRECTION('center_axis',(0.,0.,-1.));
#2186=DIRECTION('ref_axis',(1.,0.,0.));
#2187=DIRECTION('',(0.,0.,-1.));
#2188=DIRECTION('center_axis',(0.,0.,-1.));
#2189=DIRECTION('ref_axis',(1.,0.,0.));
#2190=DIRECTION('center_axis',(0.,0.,1.));
#2191=DIRECTION('ref_axis',(1.,0.,0.));
#2192=DIRECTION('center_axis',(0.,0.,1.));
#2193=DIRECTION('ref_axis',(1.,0.,0.));
#2194=DIRECTION('center_axis',(0.,0.,-1.));
#2195=DIRECTION('ref_axis',(-1.,0.,0.));
#2196=DIRECTION('center_axis',(0.,0.,1.));
#2197=DIRECTION('ref_axis',(-1.,0.,0.));
#2198=DIRECTION('',(-0.857167300702112,-1.04972719113862E-16,0.515038074910054));
#2199=DIRECTION('center_axis',(0.,0.,1.));
#2200=DIRECTION('ref_axis',(-1.,0.,0.));
#2201=DIRECTION('center_axis',(0.,0.,1.));
#2202=DIRECTION('ref_axis',(-1.,0.,0.));
#2203=DIRECTION('',(0.,0.,1.));
#2204=DIRECTION('center_axis',(0.,0.,1.));
#2205=DIRECTION('ref_axis',(1.,0.,0.));
#2206=DIRECTION('center_axis',(0.,0.,-1.));
#2207=DIRECTION('ref_axis',(1.,0.,0.));
#2208=DIRECTION('',(0.,0.,-1.));
#2209=DIRECTION('center_axis',(0.,0.,-1.));
#2210=DIRECTION('ref_axis',(1.,0.,0.));
#2211=DIRECTION('center_axis',(0.,0.,1.));
#2212=DIRECTION('ref_axis',(1.,0.,0.));
#2213=DIRECTION('center_axis',(0.,0.,1.));
#2214=DIRECTION('ref_axis',(1.,0.,0.));
#2215=DIRECTION('center_axis',(0.,0.,-1.));
#2216=DIRECTION('ref_axis',(-1.,0.,0.));
#2217=DIRECTION('center_axis',(0.,0.,1.));
#2218=DIRECTION('ref_axis',(-1.,0.,0.));
#2219=DIRECTION('',(-0.857167300702112,-1.04972719113862E-16,0.515038074910054));
#2220=DIRECTION('center_axis',(0.,0.,1.));
#2221=DIRECTION('ref_axis',(-1.,0.,0.));
#2222=DIRECTION('center_axis',(0.,0.,-1.));
#2223=DIRECTION('ref_axis',(-1.,0.,0.));
#2224=DIRECTION('',(0.,0.,1.));
#2225=DIRECTION('center_axis',(0.,5.41572199064168E-17,-1.));
#2226=DIRECTION('ref_axis',(0.,-1.,-5.41572199064168E-17));
#2227=DIRECTION('center_axis',(0.,5.41572199064168E-17,-1.));
#2228=DIRECTION('ref_axis',(1.,0.,0.));
#2229=DIRECTION('center_axis',(0.,0.,1.));
#2230=DIRECTION('ref_axis',(1.,0.,0.));
#2231=DIRECTION('',(0.,0.,-1.));
#2232=DIRECTION('center_axis',(0.,0.,-1.));
#2233=DIRECTION('ref_axis',(1.,0.,0.));
#2234=DIRECTION('center_axis',(0.,0.,1.));
#2235=DIRECTION('ref_axis',(1.,0.,0.));
#2236=DIRECTION('center_axis',(0.,0.,-1.));
#2237=DIRECTION('ref_axis',(-1.,0.,0.));
#2238=DIRECTION('center_axis',(0.,0.,1.));
#2239=DIRECTION('ref_axis',(-1.,0.,0.));
#2240=DIRECTION('',(-0.857167300702112,-1.04972719113862E-16,0.515038074910054));
#2241=DIRECTION('center_axis',(0.,0.,1.));
#2242=DIRECTION('ref_axis',(-1.,0.,0.));
#2243=DIRECTION('center_axis',(0.,0.,1.));
#2244=DIRECTION('ref_axis',(-1.,0.,0.));
#2245=DIRECTION('',(0.,0.,1.));
#2246=DIRECTION('center_axis',(0.,5.41572199064168E-17,-1.));
#2247=DIRECTION('ref_axis',(0.,-1.,-5.41572199064168E-17));
#2248=DIRECTION('center_axis',(0.,5.41572199064168E-17,-1.));
#2249=DIRECTION('ref_axis',(1.,0.,0.));
#2250=DIRECTION('center_axis',(0.,0.,1.));
#2251=DIRECTION('ref_axis',(1.,0.,0.));
#2252=DIRECTION('',(0.,0.,-1.));
#2253=DIRECTION('center_axis',(0.,0.,-1.));
#2254=DIRECTION('ref_axis',(1.,0.,0.));
#2255=DIRECTION('center_axis',(0.,0.,1.));
#2256=DIRECTION('ref_axis',(1.,0.,0.));
#2257=DIRECTION('center_axis',(0.,0.,-1.));
#2258=DIRECTION('ref_axis',(-1.,0.,0.));
#2259=DIRECTION('center_axis',(0.,0.,1.));
#2260=DIRECTION('ref_axis',(-1.,0.,0.));
#2261=DIRECTION('',(-0.857167300702112,-1.04972719113862E-16,0.515038074910054));
#2262=DIRECTION('center_axis',(0.,0.,1.));
#2263=DIRECTION('ref_axis',(-1.,0.,0.));
#2264=DIRECTION('center_axis',(0.,0.,1.));
#2265=DIRECTION('ref_axis',(-1.,0.,0.));
#2266=DIRECTION('',(0.,0.,1.));
#2267=DIRECTION('center_axis',(0.,5.41572199064168E-17,-1.));
#2268=DIRECTION('ref_axis',(0.,-1.,-5.41572199064168E-17));
#2269=DIRECTION('center_axis',(0.,5.41572199064168E-17,-1.));
#2270=DIRECTION('ref_axis',(1.,0.,0.));
#2271=DIRECTION('center_axis',(0.,0.,-1.));
#2272=DIRECTION('ref_axis',(1.,0.,0.));
#2273=DIRECTION('center_axis',(0.,0.,1.));
#2274=DIRECTION('ref_axis',(1.,0.,0.));
#2275=DIRECTION('center_axis',(0.,0.,1.));
#2276=DIRECTION('ref_axis',(1.,0.,0.));
#2277=DIRECTION('',(0.,0.,-1.));
#2278=CARTESIAN_POINT('',(0.,0.,0.));
#2279=CARTESIAN_POINT('Ctrl Pts',(37.3745783715213,4.31211287640319,12.6074790854494));
#2280=CARTESIAN_POINT('Ctrl Pts',(37.3745783715213,4.32152897560587,12.6162291823469));
#2281=CARTESIAN_POINT('Ctrl Pts',(37.3745783715214,4.33094536069981,12.6249801470988));
#2282=CARTESIAN_POINT('Ctrl Pts',(37.3745783715212,4.71073942422264,12.9778741694655));
#2283=CARTESIAN_POINT('Ctrl Pts',(37.3745783715213,5.45679417373331,13.6639571824159));
#2284=CARTESIAN_POINT('Ctrl Pts',(37.3745783715213,6.59280406159375,14.6639759805473));
#2285=CARTESIAN_POINT('Ctrl Pts',(37.3745783715213,7.76241216343947,15.6048763906315));
#2286=CARTESIAN_POINT('Ctrl Pts',(37.3745783715213,9.04414315983607,16.4058873362806));
#2287=CARTESIAN_POINT('Ctrl Pts',(37.3745783715213,10.5158397161403,16.8523687765684));
#2288=CARTESIAN_POINT('Ctrl Pts',(37.3745783715213,12.5064092197093,17.1415256623012));
#2289=CARTESIAN_POINT('Ctrl Pts',(37.3745783715213,15.0107718691666,17.3347641920553));
#2290=CARTESIAN_POINT('Ctrl Pts',(37.3745783715213,17.0224406271633,17.448068853711));
#2291=CARTESIAN_POINT('Ctrl Pts',(37.3745783715213,18.0261748163292,17.5006855769845));
#2292=CARTESIAN_POINT('Ctrl Pts',(37.3745783715213,4.22300608062479,12.7033681297095));
#2293=CARTESIAN_POINT('Ctrl Pts',(37.3745783715213,4.2324336448295,12.7121262350318));
#2294=CARTESIAN_POINT('Ctrl Pts',(37.3745783715214,4.24182323368043,12.7208581796177));
#2295=CARTESIAN_POINT('Ctrl Pts',(37.3745783715212,4.62225214434191,13.0742355710266));
#2296=CARTESIAN_POINT('Ctrl Pts',(37.3745783715213,5.36850172826732,13.7607869631203));
#2297=CARTESIAN_POINT('Ctrl Pts',(37.3745783715213,6.50847438756984,14.7639407814031));
#2298=CARTESIAN_POINT('Ctrl Pts',(37.3745783715213,7.68350202221237,15.7098005038837));
#2299=CARTESIAN_POINT('Ctrl Pts',(37.3745783715213,8.98858725598197,16.5260332083233));
#2300=CARTESIAN_POINT('Ctrl Pts',(37.3745783715213,10.4914437753741,16.9816934783394));
#2301=CARTESIAN_POINT('Ctrl Pts',(37.3745783715213,12.4938965794268,17.2715480749934));
#2302=CARTESIAN_POINT('Ctrl Pts',(37.3745783715213,15.0027565909861,17.4657050326613));
#2303=CARTESIAN_POINT('Ctrl Pts',(37.3745783715213,17.0150915517733,17.5786206631183));
#2304=CARTESIAN_POINT('Ctrl Pts',(37.3745783715213,18.0193223356585,17.6314057872492));
#2305=CARTESIAN_POINT('Ctrl Pts',(37.2661557088785,4.04549715714546,12.8943879152531));
#2306=CARTESIAN_POINT('Ctrl Pts',(37.2661557088785,4.05492117601064,12.9031435441183));
#2307=CARTESIAN_POINT('Ctrl Pts',(37.2661557088786,4.06430645675983,12.911869906093));
#2308=CARTESIAN_POINT('Ctrl Pts',(37.2661557088784,4.44526361023554,13.2657571466836));
#2309=CARTESIAN_POINT('Ctrl Pts',(37.2661557088785,5.19306368595895,13.9539195235935));
#2310=CARTESIAN_POINT('Ctrl Pts',(37.2661557088785,6.34014610977567,14.9628655692258));
#2311=CARTESIAN_POINT('Ctrl Pts',(37.2661557088785,7.52604116321506,15.9186718452992));
#2312=CARTESIAN_POINT('Ctrl Pts',(37.2661557088785,8.87792296594275,16.7654736107665));
#2313=CARTESIAN_POINT('Ctrl Pts',(37.2661557088785,10.4426288484374,17.2392108101908));
#2314=CARTESIAN_POINT('Ctrl Pts',(37.2661557088785,12.469259532846,17.5308825066817));
#2315=CARTESIAN_POINT('Ctrl Pts',(37.2661557088785,14.9866829006108,17.7262772077331));
#2316=CARTESIAN_POINT('Ctrl Pts',(37.2661557088785,17.00073783894,17.8390345073467));
#2317=CARTESIAN_POINT('Ctrl Pts',(37.2661557088785,18.0056715646215,17.8918124554319));
#2318=CARTESIAN_POINT('Ctrl Pts',(37.0054780654209,3.97174998813411,12.9737482546258));
#2319=CARTESIAN_POINT('Ctrl Pts',(37.0054780654209,3.98116608733679,12.9824983515232));
#2320=CARTESIAN_POINT('Ctrl Pts',(37.0054780654209,3.99056156843702,12.9912302880098));
#2321=CARTESIAN_POINT('Ctrl Pts',(37.0054780654209,4.37155824693067,13.3452186480898));
#2322=CARTESIAN_POINT('Ctrl Pts',(37.0054780654209,5.12028649140769,14.0342159614182));
#2323=CARTESIAN_POINT('Ctrl Pts',(37.0054780654209,6.27013104333237,15.0454577340191));
#2324=CARTESIAN_POINT('Ctrl Pts',(37.0054780654209,7.46055843200241,16.0054127732824));
#2325=CARTESIAN_POINT('Ctrl Pts',(37.0054780654209,8.83194880643123,16.8649747292192));
#2326=CARTESIAN_POINT('Ctrl Pts',(37.0054780654209,10.4222956185077,17.3461712428645));
#2327=CARTESIAN_POINT('Ctrl Pts',(37.0054780654209,12.4590946031497,17.6387022439172));
#2328=CARTESIAN_POINT('Ctrl Pts',(37.0054780654209,14.9799789608855,17.8344665628516));
#2329=CARTESIAN_POINT('Ctrl Pts',(37.0054780654209,16.9948444595074,17.947308754046));
#2330=CARTESIAN_POINT('Ctrl Pts',(37.0054780654209,18.0000002682209,18.));
#2331=CARTESIAN_POINT('Ctrl Pts',(36.8745783715213,3.97174998813411,12.9737482546258));
#2332=CARTESIAN_POINT('Ctrl Pts',(36.8745783715213,3.98116608733679,12.9824983515232));
#2333=CARTESIAN_POINT('Ctrl Pts',(36.8745783715214,3.99056156843702,12.9912302880098));
#2334=CARTESIAN_POINT('Ctrl Pts',(36.8745783715213,4.37155824693067,13.3452186480898));
#2335=CARTESIAN_POINT('Ctrl Pts',(36.8745783715213,5.12028649140769,14.0342159614182));
#2336=CARTESIAN_POINT('Ctrl Pts',(36.8745783715213,6.27013104333237,15.0454577340191));
#2337=CARTESIAN_POINT('Ctrl Pts',(36.8745783715213,7.46055843200241,16.0054127732824));
#2338=CARTESIAN_POINT('Ctrl Pts',(36.8745783715213,8.83194880643123,16.8649747292192));
#2339=CARTESIAN_POINT('Ctrl Pts',(36.8745783715213,10.4222956185077,17.3461712428645));
#2340=CARTESIAN_POINT('Ctrl Pts',(36.8745783715214,12.4590946031497,17.6387022439172));
#2341=CARTESIAN_POINT('Ctrl Pts',(36.8745783715213,14.9799789608855,17.8344665628516));
#2342=CARTESIAN_POINT('Ctrl Pts',(36.8745783715213,16.9948444595074,17.947308754046));
#2343=CARTESIAN_POINT('Ctrl Pts',(36.8745783715213,18.0000002682209,18.));
#2344=CARTESIAN_POINT('',(36.8745783715213,18.0000002682209,18.));
#2345=CARTESIAN_POINT('',(36.8745783715213,4.00000005960464,13.0000001937151));
#2346=CARTESIAN_POINT('Ctrl Pts',(36.8745783715213,18.0000002682209,18.));
#2347=CARTESIAN_POINT('Ctrl Pts',(36.8745783715213,16.9948444595074,17.947308754046));
#2348=CARTESIAN_POINT('Ctrl Pts',(36.8745783715213,14.9799789608855,17.8344665628516));
#2349=CARTESIAN_POINT('Ctrl Pts',(36.8745783715214,12.4590946031497,17.6387022439172));
#2350=CARTESIAN_POINT('Ctrl Pts',(36.8745783715213,10.4222956185077,17.3461712428645));
#2351=CARTESIAN_POINT('Ctrl Pts',(36.8745783715213,8.83194880643123,16.8649747292192));
#2352=CARTESIAN_POINT('Ctrl Pts',(36.8745783715213,7.46055843200241,16.0054127732824));
#2353=CARTESIAN_POINT('Ctrl Pts',(36.8745783715213,6.27013104333237,15.0454577340191));
#2354=CARTESIAN_POINT('Ctrl Pts',(36.8745783715213,5.12028649140769,14.0342159614182));
#2355=CARTESIAN_POINT('Ctrl Pts',(36.8745783715213,4.37155824693067,13.3452186480898));
#2356=CARTESIAN_POINT('Ctrl Pts',(36.8745783715213,4.00000619410112,13.0000053974507));
#2357=CARTESIAN_POINT('Ctrl Pts',(36.8745783715213,4.00000325049736,13.0000026625146));
#2358=CARTESIAN_POINT('Ctrl Pts',(36.8745783715214,4.00000030689865,12.999999927583));
#2359=CARTESIAN_POINT('',(37.3745783715213,4.31211287640319,12.6074790854494));
#2360=CARTESIAN_POINT('Ctrl Pts',(37.3745783715213,4.31211287640319,12.6074790854494));
#2361=CARTESIAN_POINT('Ctrl Pts',(37.3745783715213,4.31144876702222,12.6083142864928));
#2362=CARTESIAN_POINT('Ctrl Pts',(37.3745747904962,4.31078468434096,12.6091494616746));
#2363=CARTESIAN_POINT('Ctrl Pts',(37.3745676370957,4.31012063732199,12.6099845992091));
#2364=CARTESIAN_POINT('Ctrl Pts',(37.3743928213299,4.29389256666875,12.6303938029671));
#2365=CARTESIAN_POINT('Ctrl Pts',(37.3720896662648,4.27774796278261,12.6507019167989));
#2366=CARTESIAN_POINT('Ctrl Pts',(37.3678049150374,4.26181679747385,12.6707405102026));
#2367=CARTESIAN_POINT('Ctrl Pts',(37.3634175047429,4.24550393472654,12.6912592115976));
#2368=CARTESIAN_POINT('Ctrl Pts',(37.3569520541254,4.22941403951232,12.7114963119418));
#2369=CARTESIAN_POINT('Ctrl Pts',(37.3485126435438,4.21369196143286,12.7312677673076));
#2370=CARTESIAN_POINT('Ctrl Pts',(37.3440934569354,4.205459301553,12.7416208304671));
#2371=CARTESIAN_POINT('Ctrl Pts',(37.3391321750967,4.19732765844655,12.7518460710191));
#2372=CARTESIAN_POINT('Ctrl Pts',(37.3336386045554,4.18931958813654,12.761915297417));
#2373=CARTESIAN_POINT('Ctrl Pts',(37.3231590787422,4.17404340684473,12.7811233365536));
#2374=CARTESIAN_POINT('Ctrl Pts',(37.3108262518133,4.15933367424238,12.7996164366989));
#2375=CARTESIAN_POINT('Ctrl Pts',(37.2967585234373,4.14533342089275,12.817217795204));
#2376=CARTESIAN_POINT('Ctrl Pts',(37.282967757346,4.13160880139462,12.834472622106));
#2377=CARTESIAN_POINT('Ctrl Pts',(37.2675090527119,4.11856523312838,12.8508713222528));
#2378=CARTESIAN_POINT('Ctrl Pts',(37.2504518072133,4.10635412475188,12.8662289989231));
#2379=CARTESIAN_POINT('Ctrl Pts',(37.2432804492261,4.10122022258722,12.8726858091545));
#2380=CARTESIAN_POINT('Ctrl Pts',(37.2358260719828,4.09623373676712,12.8789583100526));
#2381=CARTESIAN_POINT('Ctrl Pts',(37.2280919636748,4.09140732569055,12.885031218753));
#2382=CARTESIAN_POINT('Ctrl Pts',(37.2270891936715,4.09078155474728,12.8858186050211));
#2383=CARTESIAN_POINT('Ctrl Pts',(37.2260817198356,4.09015847613049,12.8866026345246));
#2384=CARTESIAN_POINT('Ctrl Pts',(37.2250695755492,4.08953809986159,12.8873832928427));
#2385=CARTESIAN_POINT('Ctrl Pts',(37.2065341188804,4.07817711348299,12.9016795336286));
#2386=CARTESIAN_POINT('Ctrl Pts',(37.1865757351015,4.06780611844862,12.9147392571932));
#2387=CARTESIAN_POINT('Ctrl Pts',(37.16544450452,4.05845553584158,12.9265144253156));
#2388=CARTESIAN_POINT('Ctrl Pts',(37.143875394561,4.04891119133908,12.938533597367));
#2389=CARTESIAN_POINT('Ctrl Pts',(37.121083156443,4.04042951542903,12.9492149182884));
#2390=CARTESIAN_POINT('Ctrl Pts',(37.097300702608,4.03307121823363,12.9584765441147));
#2391=CARTESIAN_POINT('Ctrl Pts',(37.0863273676362,4.02967606563468,12.9627499014091));
#2392=CARTESIAN_POINT('Ctrl Pts',(37.0751428756215,4.02652050921262,12.9667205434716));
#2393=CARTESIAN_POINT('Ctrl Pts',(37.0637688859582,4.02361292706282,12.9703778290559));
#2394=CARTESIAN_POINT('Ctrl Pts',(37.0391280583044,4.01731388576214,12.9783010421438));
#2395=CARTESIAN_POINT('Ctrl Pts',(37.0137922926902,4.01222584156005,12.9846936972036));
#2396=CARTESIAN_POINT('Ctrl Pts',(36.9880029364492,4.00840189711343,12.9894925372155));
#2397=CARTESIAN_POINT('Ctrl Pts',(36.9627433817551,4.00465650955919,12.9941927926471));
#2398=CARTESIAN_POINT('Ctrl Pts',(36.9370474075967,4.00212357806282,12.9973643005127));
#2399=CARTESIAN_POINT('Ctrl Pts',(36.9111284376183,4.00088501646869,12.9989133682169));
#2400=CARTESIAN_POINT('Ctrl Pts',(36.8989867338827,4.00030481409387,12.9996390267267));
#2401=CARTESIAN_POINT('Ctrl Pts',(36.8867960183842,4.00000913770995,13.0000081323912));
#2402=CARTESIAN_POINT('Ctrl Pts',(36.8745783715214,4.00000913770995,13.0000081323912));
#2403=CARTESIAN_POINT('',(37.3745783715213,18.013101163904,17.5));
#2404=CARTESIAN_POINT('Ctrl Pts',(37.3745783715213,4.31211287640319,12.6074790854494));
#2405=CARTESIAN_POINT('Ctrl Pts',(37.3745783715213,4.32152897560587,12.6162291823469));
#2406=CARTESIAN_POINT('Ctrl Pts',(37.3745783715214,4.33094536069981,12.6249801470988));
#2407=CARTESIAN_POINT('Ctrl Pts',(37.3745783715212,4.71073942422264,12.9778741694655));
#2408=CARTESIAN_POINT('Ctrl Pts',(37.3745783715213,5.45679417373331,13.6639571824159));
#2409=CARTESIAN_POINT('Ctrl Pts',(37.3745783715213,6.59280406159375,14.6639759805473));
#2410=CARTESIAN_POINT('Ctrl Pts',(37.3745783715213,7.76241216343947,15.6048763906315));
#2411=CARTESIAN_POINT('Ctrl Pts',(37.3745783715213,9.04414315983607,16.4058873362806));
#2412=CARTESIAN_POINT('Ctrl Pts',(37.3745783715213,10.5158397161403,16.8523687765684));
#2413=CARTESIAN_POINT('Ctrl Pts',(37.3745783715213,12.5064092197093,17.1415256623012));
#2414=CARTESIAN_POINT('Ctrl Pts',(37.3745783715213,15.0064226602047,17.3344286037788));
#2415=CARTESIAN_POINT('Ctrl Pts',(37.3745783715213,17.0137067391381,17.4475767319448));
#2416=CARTESIAN_POINT('Ctrl Pts',(37.3745783715213,18.0131011628118,17.5000000208233));
#2417=CARTESIAN_POINT('Ctrl Pts',(37.3745783715213,18.0131054909862,17.5000002478579));
#2418=CARTESIAN_POINT('Ctrl Pts',(37.3745783715213,18.013074438621,17.5011290346734));
#2419=CARTESIAN_POINT('Ctrl Pts',(37.3745743396517,18.0130419391194,17.5022577042863));
#2420=CARTESIAN_POINT('Ctrl Pts',(37.374566286251,18.0130123414568,17.5033864664688));
#2421=CARTESIAN_POINT('Ctrl Pts',(37.3743808150905,18.0123307023496,17.5293820478029));
#2422=CARTESIAN_POINT('Ctrl Pts',(37.3720675819542,18.0116531797218,17.5552450078277));
#2423=CARTESIAN_POINT('Ctrl Pts',(37.3677739112457,18.0109848026242,17.5807632401821));
#2424=CARTESIAN_POINT('Ctrl Pts',(37.3633742050261,18.0102999194384,17.6069116649744));
#2425=CARTESIAN_POINT('Ctrl Pts',(37.3568946900494,18.0096245712117,17.6326994192507));
#2426=CARTESIAN_POINT('Ctrl Pts',(37.3484402800057,18.0089644606428,17.6578927520061));
#2427=CARTESIAN_POINT('Ctrl Pts',(37.3441324040611,18.0086281066659,17.6707298100128));
#2428=CARTESIAN_POINT('Ctrl Pts',(37.3393109650928,18.0082957199091,17.6834123268306));
#2429=CARTESIAN_POINT('Ctrl Pts',(37.3339851364733,18.0079681722201,17.6959071420182));
#2430=CARTESIAN_POINT('Ctrl Pts',(37.3235412277111,18.0073258537335,17.720409378035));
#2431=CARTESIAN_POINT('Ctrl Pts',(37.311241939359,18.006707021963,17.7440003597011));
#2432=CARTESIAN_POINT('Ctrl Pts',(37.2972080001898,18.0061180226555,17.7664538229307));
#2433=CARTESIAN_POINT('Ctrl Pts',(37.2834292054226,18.0055397316654,17.7884990703785));
#2434=CARTESIAN_POINT('Ctrl Pts',(37.2679775874581,18.0049901377558,17.8094489397142));
#2435=CARTESIAN_POINT('Ctrl Pts',(37.2509247803664,18.0044765191032,17.8290651215451));
#2436=CARTESIAN_POINT('Ctrl Pts',(37.2436078951336,18.0042561396246,17.8374818795833));
#2437=CARTESIAN_POINT('Ctrl Pts',(37.2359957443515,18.0040424046755,17.8456526952942));
#2438=CARTESIAN_POINT('Ctrl Pts',(37.2280919636748,18.0038360050407,17.8535565394574));
#2439=CARTESIAN_POINT('Ctrl Pts',(37.2272943373935,18.0038151757971,17.8543541721456));
#2440=CARTESIAN_POINT('Ctrl Pts',(37.2264937401467,18.0037944213286,17.8551490845888));
#2441=CARTESIAN_POINT('Ctrl Pts',(37.2256901888582,18.0037737416649,17.8559412681516));
#2442=CARTESIAN_POINT('Ctrl Pts',(37.2072003510827,18.0032978994477,17.8741695328233));
#2443=CARTESIAN_POINT('Ctrl Pts',(37.1872892720654,18.0028650483065,17.8908184150575));
#2444=CARTESIAN_POINT('Ctrl Pts',(37.1662081488079,18.0024745901237,17.9058336651601));
#2445=CARTESIAN_POINT('Ctrl Pts',(37.1446501959923,18.0020753002482,17.921188542093));
#2446=CARTESIAN_POINT('Ctrl Pts',(37.1218675116511,18.0017203066739,17.9348357381134));
#2447=CARTESIAN_POINT('Ctrl Pts',(37.0980948885753,18.0014111503506,17.9466757885479));
#2448=CARTESIAN_POINT('Ctrl Pts',(37.0870179939488,18.0012670984298,17.9521926804205));
#2449=CARTESIAN_POINT('Ctrl Pts',(37.0757258091287,18.0011330321532,17.9573165770009));
#2450=CARTESIAN_POINT('Ctrl Pts',(37.0642407688903,18.0010092986841,17.9620337781225));
#2451=CARTESIAN_POINT('Ctrl Pts',(37.0396017892488,18.0007438519497,17.9721536401332));
#2452=CARTESIAN_POINT('Ctrl Pts',(37.0142673411823,18.0005278300152,17.9803264945997));
#2453=CARTESIAN_POINT('Ctrl Pts',(36.9884794096818,18.0003642115977,17.9864708368026));
#2454=CARTESIAN_POINT('Ctrl Pts',(36.9632043555011,18.0002038472673,17.9924929786746));
#2455=CARTESIAN_POINT('Ctrl Pts',(36.9374923995675,18.0000938041647,17.9965668487878));
#2456=CARTESIAN_POINT('Ctrl Pts',(36.9115576570414,18.0000393471485,17.9985689351141));
#2457=CARTESIAN_POINT('Ctrl Pts',(36.8992736685378,18.0000135535875,17.9995172231254));
#2458=CARTESIAN_POINT('Ctrl Pts',(36.8869396149446,18.0000002682209,18.));
#2459=CARTESIAN_POINT('Ctrl Pts',(36.8745783715213,18.0000002682209,18.));
#2460=CARTESIAN_POINT('Ctrl Pts',(-37.5508987220218,18.0261748163292,17.5006855769845));
#2461=CARTESIAN_POINT('Ctrl Pts',(-37.5508987220218,17.0224406271634,17.448068853711));
#2462=CARTESIAN_POINT('Ctrl Pts',(-37.5508987220218,15.0105091313702,17.3313652589412));
#2463=CARTESIAN_POINT('Ctrl Pts',(-37.5508987220218,12.5064555173351,17.1429958115297));
#2464=CARTESIAN_POINT('Ctrl Pts',(-37.5508987220218,10.7643644654563,16.8846051883289));
#2465=CARTESIAN_POINT('Ctrl Pts',(-37.5508987220218,9.7786932423265,16.6304102367738));
#2466=CARTESIAN_POINT('Ctrl Pts',(-37.5508987220218,8.35723209951301,16.0811617869966));
#2467=CARTESIAN_POINT('Ctrl Pts',(-37.5508987220218,6.57620769044518,14.6819380985867));
#2468=CARTESIAN_POINT('Ctrl Pts',(-37.550898722022,5.0817643836689,13.3240171202615));
#2469=CARTESIAN_POINT('Ctrl Pts',(-37.5508987220218,4.33093966686328,12.6249627651383));
#2470=CARTESIAN_POINT('Ctrl Pts',(-37.5508987220218,4.32152897560588,12.6162291823469));
#2471=CARTESIAN_POINT('Ctrl Pts',(-37.5508987220218,4.31211287640321,12.6074790854494));
#2472=CARTESIAN_POINT('Ctrl Pts',(-37.5508987220218,18.0183434098485,17.6500801030013));
#2473=CARTESIAN_POINT('Ctrl Pts',(-37.5508987220218,17.0145567739685,17.5976451454787));
#2474=CARTESIAN_POINT('Ctrl Pts',(-37.5508987220218,15.0003392126794,17.4802787734643));
#2475=CARTESIAN_POINT('Ctrl Pts',(-37.5508987220218,12.4933188143934,17.2924372999255));
#2476=CARTESIAN_POINT('Ctrl Pts',(-37.5508987220218,10.7369788935498,17.031619521326));
#2477=CARTESIAN_POINT('Ctrl Pts',(-37.5508987220218,9.73450200067363,16.7741197980162));
#2478=CARTESIAN_POINT('Ctrl Pts',(-37.5508987220218,8.27471269067254,16.2084339159404));
#2479=CARTESIAN_POINT('Ctrl Pts',(-37.5508987220218,6.47554928589246,14.7919106636213));
#2480=CARTESIAN_POINT('Ctrl Pts',(-37.550898722022,4.98155344451658,13.4354236866096));
#2481=CARTESIAN_POINT('Ctrl Pts',(-37.5508987220218,4.22903566253494,12.7344626546413));
#2482=CARTESIAN_POINT('Ctrl Pts',(-37.5508987220218,4.21975931493652,12.7259041632127));
#2483=CARTESIAN_POINT('Ctrl Pts',(-37.5508987220218,4.21027653837075,12.7170665646038));
#2484=CARTESIAN_POINT('Ctrl Pts',(-37.4252839271292,18.0047881309048,17.9086651321137));
#2485=CARTESIAN_POINT('Ctrl Pts',(-37.4252839271292,17.0000424970609,17.8560696744585));
#2486=CARTESIAN_POINT('Ctrl Pts',(-37.4252839271292,14.9830114488969,17.7381794153913));
#2487=CARTESIAN_POINT('Ctrl Pts',(-37.4252839271292,12.4694867926259,17.5499326924594));
#2488=CARTESIAN_POINT('Ctrl Pts',(-37.4252839271292,10.6890996380662,17.28571916942));
#2489=CARTESIAN_POINT('Ctrl Pts',(-37.4252839271292,9.65624113300485,17.0209413021473));
#2490=CARTESIAN_POINT('Ctrl Pts',(-37.4252839271292,8.13279522167501,16.4296584840365));
#2491=CARTESIAN_POINT('Ctrl Pts',(-37.4252839271292,6.30276499606519,14.9838843469854));
#2492=CARTESIAN_POINT('Ctrl Pts',(-37.4252839271293,4.80545368473058,13.6253387221627));
#2493=CARTESIAN_POINT('Ctrl Pts',(-37.4252839271292,4.05279901217753,12.9241870486303));
#2494=CARTESIAN_POINT('Ctrl Pts',(-37.4252839271292,4.0434522979653,12.9155354229334));
#2495=CARTESIAN_POINT('Ctrl Pts',(-37.4252839271292,4.03400935417789,12.9067500974816));
#2496=CARTESIAN_POINT('Ctrl Pts',(-37.16309845965,18.0000002682209,18.));
#2497=CARTESIAN_POINT('Ctrl Pts',(-37.16309845965,16.9948444595075,17.947308754046));
#2498=CARTESIAN_POINT('Ctrl Pts',(-37.16309845965,14.9769137539997,17.829284745469));
#2499=CARTESIAN_POINT('Ctrl Pts',(-37.16309845965,12.4609790630463,17.6407863325772));
#2500=CARTESIAN_POINT('Ctrl Pts',(-37.16309845965,10.6721488676434,17.3754396745009));
#2501=CARTESIAN_POINT('Ctrl Pts',(-37.16309845965,9.62845287294265,17.1079628859133));
#2502=CARTESIAN_POINT('Ctrl Pts',(-37.16309845965,8.08274376388233,16.5078738619865));
#2503=CARTESIAN_POINT('Ctrl Pts',(-37.16309845965,6.24185465477233,15.0518250179581));
#2504=CARTESIAN_POINT('Ctrl Pts',(-37.1630984596501,4.74303571490218,13.6921785932798));
#2505=CARTESIAN_POINT('Ctrl Pts',(-37.16309845965,3.99056258187402,12.9912154768894));
#2506=CARTESIAN_POINT('Ctrl Pts',(-37.16309845965,3.9811660873368,12.9824983515233));
#2507=CARTESIAN_POINT('Ctrl Pts',(-37.16309845965,3.97174998813413,12.9737482546258));
#2508=CARTESIAN_POINT('Ctrl Pts',(-37.0508987220218,18.0000002682209,18.));
#2509=CARTESIAN_POINT('Ctrl Pts',(-37.0508987220218,16.9948444595075,17.947308754046));
#2510=CARTESIAN_POINT('Ctrl Pts',(-37.0508987220218,14.9769137539997,17.829284745469));
#2511=CARTESIAN_POINT('Ctrl Pts',(-37.0508987220218,12.4609790630463,17.6407863325772));
#2512=CARTESIAN_POINT('Ctrl Pts',(-37.0508987220218,10.6721488676434,17.3754396745009));
#2513=CARTESIAN_POINT('Ctrl Pts',(-37.0508987220218,9.62845287294265,17.1079628859133));
#2514=CARTESIAN_POINT('Ctrl Pts',(-37.0508987220218,8.08274376388233,16.5078738619865));
#2515=CARTESIAN_POINT('Ctrl Pts',(-37.0508987220218,6.24185465477233,15.0518250179581));
#2516=CARTESIAN_POINT('Ctrl Pts',(-37.0508987220219,4.74303571490218,13.6921785932798));
#2517=CARTESIAN_POINT('Ctrl Pts',(-37.0508987220218,3.99056258187402,12.9912154768894));
#2518=CARTESIAN_POINT('Ctrl Pts',(-37.0508987220218,3.9811660873368,12.9824983515233));
#2519=CARTESIAN_POINT('Ctrl Pts',(-37.0508987220218,3.97174998813413,12.9737482546258));
#2520=CARTESIAN_POINT('',(-37.5508987220218,18.0131055123829,17.5000002281135));
#2521=CARTESIAN_POINT('',(-37.5508987220218,4.31211287640321,12.6074790854494));
#2522=CARTESIAN_POINT('Ctrl Pts',(-37.5508987220218,18.0131055162777,17.5000001538213));
#2523=CARTESIAN_POINT('Ctrl Pts',(-37.5508987220218,17.0137085144596,17.4475621785153));
#2524=CARTESIAN_POINT('Ctrl Pts',(-37.5508987220218,15.0061619096325,17.331038235689));
#2525=CARTESIAN_POINT('Ctrl Pts',(-37.5508987220218,12.5064555173351,17.1429958115297));
#2526=CARTESIAN_POINT('Ctrl Pts',(-37.5508987220218,10.7643644654563,16.8846051883289));
#2527=CARTESIAN_POINT('Ctrl Pts',(-37.5508987220218,9.7786932423265,16.6304102367738));
#2528=CARTESIAN_POINT('Ctrl Pts',(-37.5508987220218,8.35723209951301,16.0811617869966));
#2529=CARTESIAN_POINT('Ctrl Pts',(-37.5508987220218,6.57620769044518,14.6819380985867));
#2530=CARTESIAN_POINT('Ctrl Pts',(-37.550898722022,5.0817643836689,13.3240171202615));
#2531=CARTESIAN_POINT('Ctrl Pts',(-37.5508987220218,4.33093966686328,12.6249627651383));
#2532=CARTESIAN_POINT('Ctrl Pts',(-37.5508987220218,4.32152897560588,12.6162291823469));
#2533=CARTESIAN_POINT('Ctrl Pts',(-37.5508987220218,4.31211287640321,12.6074790854494));
#2534=CARTESIAN_POINT('',(-37.0508987220218,4.00000005960464,13.0000001937151));
#2535=CARTESIAN_POINT('Ctrl Pts',(-37.0508987220218,4.00000923902944,13.000015469804));
#2536=CARTESIAN_POINT('Ctrl Pts',(-37.0769842672419,4.00000923902944,13.000015469804));
#2537=CARTESIAN_POINT('Ctrl Pts',(-37.1029778452668,4.00133227937911,12.9983582745394));
#2538=CARTESIAN_POINT('Ctrl Pts',(-37.1286453615176,4.00389419859904,12.9951401075382));
#2539=CARTESIAN_POINT('Ctrl Pts',(-37.1547826010343,4.00650300171108,12.9918630471132));
#2540=CARTESIAN_POINT('Ctrl Pts',(-37.180583101875,4.01039664335232,12.9869671230105));
#2541=CARTESIAN_POINT('Ctrl Pts',(-37.2057949845565,4.01552233971603,12.9805154864997));
#2542=CARTESIAN_POINT('Ctrl Pts',(-37.2174488727567,4.01789163093976,12.9775332954609));
#2543=CARTESIAN_POINT('Ctrl Pts',(-37.2289768014998,4.02052464864333,12.9742181947276));
#2544=CARTESIAN_POINT('Ctrl Pts',(-37.2403522941412,4.02341853452438,12.9705739318915));
#2545=CARTESIAN_POINT('Ctrl Pts',(-37.2649301158024,4.02967104712619,12.9627001593091));
#2546=CARTESIAN_POINT('Ctrl Pts',(-37.2886056108871,4.0370904286213,12.9533536224469));
#2547=CARTESIAN_POINT('Ctrl Pts',(-37.3111365756699,4.04561661910863,12.9426163689175));
#2548=CARTESIAN_POINT('Ctrl Pts',(-37.3291120904017,4.05241893157898,12.9340500398297));
#2549=CARTESIAN_POINT('Ctrl Pts',(-37.3463592845969,4.05992650806898,12.9245977019904));
#2550=CARTESIAN_POINT('Ctrl Pts',(-37.3627444510959,4.0681233897406,12.9142854662197));
#2551=CARTESIAN_POINT('Ctrl Pts',(-37.3761644610066,4.07483691525018,12.9058393935935));
#2552=CARTESIAN_POINT('Ctrl Pts',(-37.3890060381928,4.0820131706263,12.896816148778));
#2553=CARTESIAN_POINT('Ctrl Pts',(-37.4012381616304,4.08961418252124,12.8872615078304));
#2554=CARTESIAN_POINT('Ctrl Pts',(-37.419731886373,4.10110613831022,12.8728158638994));
#2555=CARTESIAN_POINT('Ctrl Pts',(-37.4366935399696,4.1134803744827,12.8572671086038));
#2556=CARTESIAN_POINT('Ctrl Pts',(-37.4520531667103,4.12658375056237,12.8408022286159));
#2557=CARTESIAN_POINT('Ctrl Pts',(-37.4677131395587,4.13994335344159,12.8240153901129));
#2558=CARTESIAN_POINT('Ctrl Pts',(-37.4817085632602,4.15406165426905,12.8062754212048));
#2559=CARTESIAN_POINT('Ctrl Pts',(-37.4939252725841,4.16879855042159,12.7877533655453));
#2560=CARTESIAN_POINT('Ctrl Pts',(-37.4995485212092,4.17558181986263,12.779227818996));
#2561=CARTESIAN_POINT('Ctrl Pts',(-37.5047942966654,4.18249638331945,12.7705362767868));
#2562=CARTESIAN_POINT('Ctrl Pts',(-37.5096480095836,4.18952944986053,12.7616943395465));
#2563=CARTESIAN_POINT('Ctrl Pts',(-37.520219155054,4.20484711919147,12.7424370397471));
#2564=CARTESIAN_POINT('Ctrl Pts',(-37.5288518358032,4.22060736146483,12.722616332292));
#2565=CARTESIAN_POINT('Ctrl Pts',(-37.5354487746895,4.23666673526826,12.7024116648251));
#2566=CARTESIAN_POINT('Ctrl Pts',(-37.5418424387411,4.25223126341487,12.682829574058));
#2567=CARTESIAN_POINT('Ctrl Pts',(-37.5463242155648,4.26807735962285,12.6628856091732));
#2568=CARTESIAN_POINT('Ctrl Pts',(-37.5487605114169,4.28408813265176,12.6427373242297));
#2569=CARTESIAN_POINT('Ctrl Pts',(-37.5500745051708,4.2927233957856,12.6318705321098));
#2570=CARTESIAN_POINT('Ctrl Pts',(-37.55079268141,4.30140674693453,12.6209443089067));
#2571=CARTESIAN_POINT('Ctrl Pts',(-37.5508878410394,4.31012075608518,12.6099845225527));
#2572=CARTESIAN_POINT('Ctrl Pts',(-37.5508950917751,4.31078472437544,12.609149436144));
#2573=CARTESIAN_POINT('Ctrl Pts',(-37.5508987220218,4.31144876702226,12.6083142864927));
#2574=CARTESIAN_POINT('Ctrl Pts',(-37.5508987220218,4.31211287640321,12.6074790854494));
#2575=CARTESIAN_POINT('',(-37.0508987220218,18.0000002682209,18.));
#2576=CARTESIAN_POINT('Ctrl Pts',(-37.0508987220218,3.99999670555203,13.0000037943182));
#2577=CARTESIAN_POINT('Ctrl Pts',(-37.0508987220218,4.00000088336802,13.0000076861306));
#2578=CARTESIAN_POINT('Ctrl Pts',(-37.0508987220218,4.00000506119383,13.0000115779592));
#2579=CARTESIAN_POINT('Ctrl Pts',(-37.0508987220219,4.74303571490218,13.6921785932798));
#2580=CARTESIAN_POINT('Ctrl Pts',(-37.0508987220218,6.24185465477233,15.0518250179581));
#2581=CARTESIAN_POINT('Ctrl Pts',(-37.0508987220218,8.08274376388233,16.5078738619865));
#2582=CARTESIAN_POINT('Ctrl Pts',(-37.0508987220218,9.62845287294265,17.1079628859133));
#2583=CARTESIAN_POINT('Ctrl Pts',(-37.0508987220218,10.6721488676434,17.3754396745009));
#2584=CARTESIAN_POINT('Ctrl Pts',(-37.0508987220218,12.4609790630463,17.6407863325772));
#2585=CARTESIAN_POINT('Ctrl Pts',(-37.0508987220218,14.9769137539997,17.829284745469));
#2586=CARTESIAN_POINT('Ctrl Pts',(-37.0508987220218,16.9948444595075,17.947308754046));
#2587=CARTESIAN_POINT('Ctrl Pts',(-37.0508987220218,18.0000002682209,18.));
#2588=CARTESIAN_POINT('Ctrl Pts',(-37.0508987220218,18.0000002682209,18.));
#2589=CARTESIAN_POINT('Ctrl Pts',(-37.0769939196751,18.0000002682209,18.));
#2590=CARTESIAN_POINT('Ctrl Pts',(-37.1029987871689,18.0000575971116,17.9978842872313));
#2591=CARTESIAN_POINT('Ctrl Pts',(-37.1286788262186,18.0001668086988,17.9937798375239));
#2592=CARTESIAN_POINT('Ctrl Pts',(-37.1548069105952,18.0002779257247,17.9896037765738));
#2593=CARTESIAN_POINT('Ctrl Pts',(-37.1806000978132,18.0004427682898,17.9833686636328));
#2594=CARTESIAN_POINT('Ctrl Pts',(-37.2058064546031,18.0006583698826,17.9751556957702));
#2595=CARTESIAN_POINT('Ctrl Pts',(-37.2176174612585,18.0007593948688,17.971307324548));
#2596=CARTESIAN_POINT('Ctrl Pts',(-37.2292994250252,18.000871602095,17.967023982078));
#2597=CARTESIAN_POINT('Ctrl Pts',(-37.2408247334779,18.0009948746001,17.9623104498819));
#2598=CARTESIAN_POINT('Ctrl Pts',(-37.2653826563614,18.0012575414682,17.9522669390593));
#2599=CARTESIAN_POINT('Ctrl Pts',(-37.2890412350013,18.0015682824456,17.940350772697));
#2600=CARTESIAN_POINT('Ctrl Pts',(-37.3115573079587,18.0019255503176,17.9266607122601));
#2601=CARTESIAN_POINT('Ctrl Pts',(-37.3293790779828,18.0022083325711,17.9158248480672));
#2602=CARTESIAN_POINT('Ctrl Pts',(-37.3464852218662,18.0025203222728,17.9038765357175));
#2603=CARTESIAN_POINT('Ctrl Pts',(-37.3627444510959,18.0028618317916,17.890844196841));
#2604=CARTESIAN_POINT('Ctrl Pts',(-37.3763888256792,18.0031484187959,17.8799077550937));
#2605=CARTESIAN_POINT('Ctrl Pts',(-37.3894366361414,18.0034558187636,17.8682074593946));
#2606=CARTESIAN_POINT('Ctrl Pts',(-37.4018547841405,18.0037818479557,17.8558052223407));
#2607=CARTESIAN_POINT('Ctrl Pts',(-37.4203725313029,18.0042680175639,17.8373112013297));
#2608=CARTESIAN_POINT('Ctrl Pts',(-37.4373507384384,18.0047918437786,17.8173992704677));
#2609=CARTESIAN_POINT('Ctrl Pts',(-37.4527168816095,18.0053458927168,17.7963113799273));
#2610=CARTESIAN_POINT('Ctrl Pts',(-37.4683408379096,18.0059092374873,17.7748696767884));
#2611=CARTESIAN_POINT('Ctrl Pts',(-37.4822989146786,18.0065038882726,17.7522110770686));
#2612=CARTESIAN_POINT('Ctrl Pts',(-37.4944743630536,18.0071237756362,17.7285560684454));
#2613=CARTESIAN_POINT('Ctrl Pts',(-37.5000240431167,18.0074063259323,17.7177739004541));
#2614=CARTESIAN_POINT('Ctrl Pts',(-37.5052027427973,18.0076941374789,17.7067843636642));
#2615=CARTESIAN_POINT('Ctrl Pts',(-37.5099960270912,18.0079866995959,17.6956070680081));
#2616=CARTESIAN_POINT('Ctrl Pts',(-37.5205181634476,18.0086289269915,17.6710708582243));
#2617=CARTESIAN_POINT('Ctrl Pts',(-37.529104028546,18.0092890207832,17.6458227614371));
#2618=CARTESIAN_POINT('Ctrl Pts',(-37.5356552159634,18.0099614678704,17.6200914432271));
#2619=CARTESIAN_POINT('Ctrl Pts',(-37.5420419344926,18.0106170330371,17.595006114977));
#2620=CARTESIAN_POINT('Ctrl Pts',(-37.5464952381566,18.0112844031182,17.5694603017452));
#2621=CARTESIAN_POINT('Ctrl Pts',(-37.5488778894511,18.0119591906338,17.5436514366359));
#2622=CARTESIAN_POINT('Ctrl Pts',(-37.5501112932062,18.0123085012768,17.5302912142593));
#2623=CARTESIAN_POINT('Ctrl Pts',(-37.5507890247403,18.0126598056894,17.5168603733852));
#2624=CARTESIAN_POINT('Ctrl Pts',(-37.5508864718198,18.0130124903862,17.5033863171904));
#2625=CARTESIAN_POINT('Ctrl Pts',(-37.5508946347336,18.0130420339581,17.5022576270275));
#2626=CARTESIAN_POINT('Ctrl Pts',(-37.5508987220218,18.013074481316,17.5011289757065));
#2627=CARTESIAN_POINT('Ctrl Pts',(-37.5508987220218,18.0131054835834,17.5000001521059));
#2628=CARTESIAN_POINT('Origin',(-37.0508987220218,21.0644392320271,17.5));
#2629=CARTESIAN_POINT('',(-37.0508987220218,40.5042293430215,18.));
#2630=CARTESIAN_POINT('',(-37.0508987220218,21.0644392320271,18.));
#2631=CARTESIAN_POINT('',(-37.5508987220218,40.5252665894825,17.5));
#2632=CARTESIAN_POINT('Ctrl Pts',(-37.0508987220218,40.5042293430215,18.));
#2633=CARTESIAN_POINT('Ctrl Pts',(-37.0524235236871,40.5042955552625,18.));
#2634=CARTESIAN_POINT('Ctrl Pts',(-37.0539483183042,40.5043617471503,17.9999930249396));
#2635=CARTESIAN_POINT('Ctrl Pts',(-37.1213387248982,40.5072863049916,17.9993764664121));
#2636=CARTESIAN_POINT('Ctrl Pts',(-37.1864465715424,40.5100732887537,17.9857643026316));
#2637=CARTESIAN_POINT('Ctrl Pts',(-37.306921496892,40.5151739820935,17.9343840899151));
#2638=CARTESIAN_POINT('Ctrl Pts',(-37.3612480515708,40.5174450974003,17.8973955207294));
#2639=CARTESIAN_POINT('Ctrl Pts',(-37.452635853293,40.5212387114559,17.8046962649525));
#2640=CARTESIAN_POINT('Ctrl Pts',(-37.4888382760027,40.522726327369,17.7498878622105));
#2641=CARTESIAN_POINT('Ctrl Pts',(-37.538201654513,40.5247495453663,17.6294883916519));
#2642=CARTESIAN_POINT('Ctrl Pts',(-37.5508987220218,40.5252665894825,17.5650566668551));
#2643=CARTESIAN_POINT('Ctrl Pts',(-37.5508987220218,40.5252665894825,17.5));
#2644=CARTESIAN_POINT('',(-37.5508987220218,21.0644392320271,17.5));
#2645=CARTESIAN_POINT('Origin',(16.5051742350371,43.9607940851848,17.5));
#2646=CARTESIAN_POINT('',(33.0863301336082,44.4607940851848,17.5));
#2647=CARTESIAN_POINT('',(-33.2805144857751,44.4607940851848,17.5));
#2648=CARTESIAN_POINT('',(16.5051742350371,44.4607940851848,17.5));
#2649=CARTESIAN_POINT('',(-33.2805144857751,43.9607940851848,18.));
#2650=CARTESIAN_POINT('Origin',(-33.2805144857751,43.9607940851848,17.5));
#2651=CARTESIAN_POINT('',(33.0659575721273,43.9607940851848,18.));
#2652=CARTESIAN_POINT('',(16.5051742350371,43.9607940851848,18.));
#2653=CARTESIAN_POINT('Ctrl Pts',(33.0659575721273,43.9607940851848,18.));
#2654=CARTESIAN_POINT('Ctrl Pts',(33.0660201295286,43.9622860222743,18.));
#2655=CARTESIAN_POINT('Ctrl Pts',(33.0660826698865,43.9637779526443,17.9999933223712));
#2656=CARTESIAN_POINT('Ctrl Pts',(33.0689066469356,44.0311633193024,17.9993900985944));
#2657=CARTESIAN_POINT('Ctrl Pts',(33.0716026965442,44.096300146397,17.9857795854256));
#2658=CARTESIAN_POINT('Ctrl Pts',(33.0765407639961,44.2168025087669,17.9343927176122));
#2659=CARTESIAN_POINT('Ctrl Pts',(33.0787415671205,44.2711305663577,17.8974055104433));
#2660=CARTESIAN_POINT('Ctrl Pts',(33.0824200776074,44.3625233087111,17.8047073259582));
#2661=CARTESIAN_POINT('Ctrl Pts',(33.0838638671652,44.3987283225601,17.7498976563898));
#2662=CARTESIAN_POINT('Ctrl Pts',(33.0858279268382,44.4480958867287,17.6294943216112));
#2663=CARTESIAN_POINT('Ctrl Pts',(33.0863301336081,44.4607940851848,17.5650595664589));
#2664=CARTESIAN_POINT('Ctrl Pts',(33.0863301336081,44.4607940851848,17.5));
#2665=CARTESIAN_POINT('Origin',(-33.2805144857751,40.1761641046496,17.5));
#2666=CARTESIAN_POINT('Origin',(-33.2805144857751,40.1761641046496,18.));
#2667=CARTESIAN_POINT('Origin',(-33.2805144857751,40.1761641046496,17.5));
#2668=CARTESIAN_POINT('Origin',(32.7157703467418,39.7923124997917,17.5));
#2669=CARTESIAN_POINT('',(37.3745783715213,39.3152981844447,17.5));
#2670=CARTESIAN_POINT('Origin',(32.7157703467418,39.7923124997917,17.5));
#2671=CARTESIAN_POINT('',(36.8745783715213,39.3415513284234,18.));
#2672=CARTESIAN_POINT('Origin',(32.7157703467418,39.7923124997917,18.));
#2673=CARTESIAN_POINT('Ctrl Pts',(36.8745783715213,39.3415513284234,18.));
#2674=CARTESIAN_POINT('Ctrl Pts',(36.8759554003291,39.3414769202333,18.));
#2675=CARTESIAN_POINT('Ctrl Pts',(36.877332424323,39.3414025307293,17.999994311375));
#2676=CARTESIAN_POINT('Ctrl Pts',(36.944776588387,39.3377599672185,17.9994370637174));
#2677=CARTESIAN_POINT('Ctrl Pts',(37.0100939523502,39.3342759860269,17.9858014356796));
#2678=CARTESIAN_POINT('Ctrl Pts',(37.1307360219971,39.3279052412269,17.9343034936119));
#2679=CARTESIAN_POINT('Ctrl Pts',(37.1850504848407,39.3250699445319,17.8973002949665));
#2680=CARTESIAN_POINT('Ctrl Pts',(37.2763924856422,39.3203323850771,17.8045888259328));
#2681=CARTESIAN_POINT('Ctrl Pts',(37.3125701177676,39.3184733038757,17.7497919078203));
#2682=CARTESIAN_POINT('Ctrl Pts',(37.3618925124101,39.3159447060705,17.6294296858699));
#2683=CARTESIAN_POINT('Ctrl Pts',(37.3745783715213,39.3152981844447,17.5650280206823));
#2684=CARTESIAN_POINT('Ctrl Pts',(37.3745783715213,39.3152981844447,17.5));
#2685=CARTESIAN_POINT('Origin',(36.8745783715213,-17.8202598924951,17.5));
#2686=CARTESIAN_POINT('',(37.3745783715213,-17.8202598924951,17.5));
#2687=CARTESIAN_POINT('',(36.8745783715213,-17.8202598924951,18.));
#2688=CARTESIAN_POINT('Origin',(32.7157703467418,39.7923124997917,0.));
#2689=CARTESIAN_POINT('',(37.3745783715213,39.3152981844447,-5.3));
#2690=CARTESIAN_POINT('',(37.3745783715213,39.3152981844447,0.));
#2691=CARTESIAN_POINT('',(33.0863301336082,44.4607940851848,-5.3));
#2692=CARTESIAN_POINT('Origin',(32.7157703467418,39.7923124997917,-5.3));
#2693=CARTESIAN_POINT('',(33.0863301336082,44.4607940851848,0.));
#2694=CARTESIAN_POINT('Origin',(37.3745783715213,-37.2441316595618,0.));
#2695=CARTESIAN_POINT('',(37.3745783715213,2.29732210041212,11.4177529374524));
#2696=CARTESIAN_POINT('Ctrl Pts',(37.3745783715213,4.31211287640319,12.6074790854494));
#2697=CARTESIAN_POINT('Ctrl Pts',(37.3745783715213,4.30146568259508,12.6002759517167));
#2698=CARTESIAN_POINT('Ctrl Pts',(37.3745783715213,4.29081848878696,12.5930728179839));
#2699=CARTESIAN_POINT('Ctrl Pts',(37.3745783715213,3.64453458783655,12.1558431167332));
#2700=CARTESIAN_POINT('Ctrl Pts',(37.3745783715213,2.98244469658832,11.7632539593235));
#2701=CARTESIAN_POINT('Ctrl Pts',(37.3745783715213,2.29646385758774,11.4194654384959));
#2702=CARTESIAN_POINT('',(37.3745783715213,-5.00000007450581,9.79388477216145));
#2703=CARTESIAN_POINT('Ctrl Pts',(37.3745783715213,-5.00000007450581,9.79388477216145));
#2704=CARTESIAN_POINT('Ctrl Pts',(37.3745783715213,-3.59290254225754,9.79388477216145));
#2705=CARTESIAN_POINT('Ctrl Pts',(37.3745783715214,-1.71217378741102,9.97732733061296));
#2706=CARTESIAN_POINT('Ctrl Pts',(37.3745783715213,0.704906572082036,10.6950157791625));
#2707=CARTESIAN_POINT('Ctrl Pts',(37.3745783715213,1.72469436767109,11.1329154708916));
#2708=CARTESIAN_POINT('Ctrl Pts',(37.3745783715213,2.29646385758774,11.4194654384959));
#2709=CARTESIAN_POINT('',(37.3745783715213,-37.2441316595618,9.79388477216145));
#2710=CARTESIAN_POINT('',(37.3745783715213,-21.1220658670338,9.79388477216145));
#2711=CARTESIAN_POINT('',(37.3745783715213,-37.2441316595618,-5.3));
#2712=CARTESIAN_POINT('',(37.3745783715213,-37.2441316595618,0.));
#2713=CARTESIAN_POINT('',(37.3745783715213,-17.8202598924951,-5.3));
#2714=CARTESIAN_POINT('Ctrl Pts',(38.6745783715213,18.0000002682209,18.));
#2715=CARTESIAN_POINT('Ctrl Pts',(35.6745783715213,18.0000002682209,18.));
#2716=CARTESIAN_POINT('Ctrl Pts',(38.6745783715213,8.86526975724014,17.5211485344808));
#2717=CARTESIAN_POINT('Ctrl Pts',(35.6745783715213,8.86526975724014,17.5211485344808));
#2718=CARTESIAN_POINT('Ctrl Pts',(38.6745783715213,4.00000005960464,13.0000001937151));
#2719=CARTESIAN_POINT('Ctrl Pts',(35.6745783715213,4.00000005960464,13.0000001937151));
#2720=CARTESIAN_POINT('Ctrl Pts',(38.6745783715213,2.70929743042021,11.8005891819895));
#2721=CARTESIAN_POINT('Ctrl Pts',(35.6745783715213,2.70929743042021,11.8005891819895));
#2722=CARTESIAN_POINT('Ctrl Pts',(38.6745783715213,1.41859480123578,10.6011781702638));
#2723=CARTESIAN_POINT('Ctrl Pts',(35.6745783715213,1.41859480123578,10.6011781702638));
#2724=CARTESIAN_POINT('',(36.3745783715213,18.0000002682209,18.));
#2725=CARTESIAN_POINT('',(2.44910127797817,18.0000002682209,18.));
#2726=CARTESIAN_POINT('',(36.3745783715213,7.80721763000896,16.2062664380549));
#2727=CARTESIAN_POINT('Ctrl Pts',(36.3745783715213,7.80721763000898,16.2062664380548));
#2728=CARTESIAN_POINT('Ctrl Pts',(36.3745783715213,7.86632190400356,16.2452923658548));
#2729=CARTESIAN_POINT('Ctrl Pts',(36.3745783715213,7.92406902771346,16.2825273279339));
#2730=CARTESIAN_POINT('Ctrl Pts',(36.3745783715213,7.98073622191918,16.3182078582278));
#2731=CARTESIAN_POINT('Ctrl Pts',(36.3745783715213,8.04063232613453,16.3559214735019));
#2732=CARTESIAN_POINT('Ctrl Pts',(36.3745783715213,8.09932154953108,16.3918981758903));
#2733=CARTESIAN_POINT('Ctrl Pts',(36.3745783715213,8.15708796167047,16.4263703236003));
#2734=CARTESIAN_POINT('Ctrl Pts',(36.3745783715213,8.21856091630869,16.4630543531943));
#2735=CARTESIAN_POINT('Ctrl Pts',(36.3745783715213,8.27898845282454,16.4980343050618));
#2736=CARTESIAN_POINT('Ctrl Pts',(36.3745783715213,8.33867127326229,16.5315427839677));
#2737=CARTESIAN_POINT('Ctrl Pts',(36.3745783715213,8.40248290832649,16.5673693553633));
#2738=CARTESIAN_POINT('Ctrl Pts',(36.3745783715213,8.46544277425143,16.601513584236));
#2739=CARTESIAN_POINT('Ctrl Pts',(36.3745783715213,8.52787896028513,16.6342111462265));
#2740=CARTESIAN_POINT('Ctrl Pts',(36.3745783715213,8.59508430961065,16.6694062985134));
#2741=CARTESIAN_POINT('Ctrl Pts',(36.3745783715213,8.66168233821251,16.7029251217005));
#2742=CARTESIAN_POINT('Ctrl Pts',(36.3745783715213,8.72804631609891,16.7350106765167));
#2743=CARTESIAN_POINT('Ctrl Pts',(36.3745783715213,8.80006799022799,16.7698316056837));
#2744=CARTESIAN_POINT('Ctrl Pts',(36.3745783715213,8.8718131384409,16.8029642757383));
#2745=CARTESIAN_POINT('Ctrl Pts',(36.3745783715213,8.94372978323233,16.8346649188402));
#2746=CARTESIAN_POINT('Ctrl Pts',(36.3745783715213,9.02373052815437,16.8699290092328));
#2747=CARTESIAN_POINT('Ctrl Pts',(36.3745783715213,9.10394193814898,16.9034209855906));
#2748=CARTESIAN_POINT('Ctrl Pts',(36.3745783715213,9.18496567075614,16.9354306046821));
#2749=CARTESIAN_POINT('Ctrl Pts',(36.3745783715213,9.26399429290287,16.9666520259972));
#2750=CARTESIAN_POINT('Ctrl Pts',(36.3745783715213,9.34379392070242,16.9964621147593));
#2751=CARTESIAN_POINT('Ctrl Pts',(36.3745783715213,9.424935504248,17.0250837876194));
#2752=CARTESIAN_POINT('Ctrl Pts',(36.3745783715213,9.4997295054795,17.0514664306688));
#2753=CARTESIAN_POINT('Ctrl Pts',(36.3745783715213,9.57566271246863,17.0768384613765));
#2754=CARTESIAN_POINT('Ctrl Pts',(36.3745783715213,9.65321199397944,17.1013486498511));
#2755=CARTESIAN_POINT('Ctrl Pts',(36.3745783715213,9.72473606543942,17.1239545133459));
#2756=CARTESIAN_POINT('Ctrl Pts',(36.3745783715213,9.79763427630338,17.1458267881086));
#2757=CARTESIAN_POINT('Ctrl Pts',(36.3745783715213,9.87231738872435,17.167067973746));
#2758=CARTESIAN_POINT('Ctrl Pts',(36.3745783715213,9.94184865992374,17.1868438854786));
#2759=CARTESIAN_POINT('Ctrl Pts',(36.3745783715213,10.0129266692816,17.2060725169373));
#2760=CARTESIAN_POINT('Ctrl Pts',(36.3745783715213,10.0859225354839,17.2248285074034));
#2761=CARTESIAN_POINT('Ctrl Pts',(36.3745783715213,10.1543715205118,17.2424161952738));
#2762=CARTESIAN_POINT('Ctrl Pts',(36.3745783715213,10.2245065487778,17.2595881370545));
#2763=CARTESIAN_POINT('Ctrl Pts',(36.3745783715213,10.2966747979434,17.2764012543125));
#2764=CARTESIAN_POINT('Ctrl Pts',(36.3745783715213,10.3646753777596,17.2922434250077));
#2765=CARTESIAN_POINT('Ctrl Pts',(36.3745783715213,10.4344808319282,17.3077669212115));
#2766=CARTESIAN_POINT('Ctrl Pts',(36.3745783715213,10.5064237004091,17.3230168200577));
#2767=CARTESIAN_POINT('Ctrl Pts',(36.3745783715213,10.5744353945838,17.3374334186507));
#2768=CARTESIAN_POINT('Ctrl Pts',(36.3745783715213,10.6443570235681,17.3516054379108));
#2769=CARTESIAN_POINT('Ctrl Pts',(36.3745783715213,10.7165122676324,17.3655697364939));
#2770=CARTESIAN_POINT('Ctrl Pts',(36.3745783715213,10.7848834784455,17.3788017061819));
#2771=CARTESIAN_POINT('Ctrl Pts',(36.3745783715213,10.8552599133206,17.3918471245431));
#2772=CARTESIAN_POINT('Ctrl Pts',(36.3745783715213,10.9279601503876,17.4047369902613));
#2773=CARTESIAN_POINT('Ctrl Pts',(36.3745783715213,10.9969657465596,17.4169717903714));
#2774=CARTESIAN_POINT('Ctrl Pts',(36.3745783715214,11.0680647031464,17.429066412197));
#2775=CARTESIAN_POINT('Ctrl Pts',(36.3745783715214,11.1415730365554,17.4410475914978));
#2776=CARTESIAN_POINT('Ctrl Pts',(36.3745783715214,11.2114373499338,17.4524348291957));
#2777=CARTESIAN_POINT('Ctrl Pts',(36.3745783715213,11.283477835738,17.4637195663948));
#2778=CARTESIAN_POINT('Ctrl Pts',(36.3745783715213,11.3580097231665,17.4749253915657));
#2779=CARTESIAN_POINT('Ctrl Pts',(36.3745783715213,11.4289211999269,17.4855868901351));
#2780=CARTESIAN_POINT('Ctrl Pts',(36.3745783715213,11.5020876734538,17.4961769354872));
#2781=CARTESIAN_POINT('Ctrl Pts',(36.3745783715213,11.5778248607705,17.5067167675724));
#2782=CARTESIAN_POINT('Ctrl Pts',(36.3745783715213,11.6499457687893,17.5167533465276));
#2783=CARTESIAN_POINT('Ctrl Pts',(36.3745783715213,11.7243975202615,17.5267443750637));
#2784=CARTESIAN_POINT('Ctrl Pts',(36.3745783715213,11.8014972598269,17.5367093280505));
#2785=CARTESIAN_POINT('Ctrl Pts',(36.3745783715213,11.8749703507372,17.5462055455584));
#2786=CARTESIAN_POINT('Ctrl Pts',(36.3745783715213,11.950847936594,17.5556780675586));
#2787=CARTESIAN_POINT('Ctrl Pts',(36.3745783715213,12.0294492991579,17.5651450371536));
#2788=CARTESIAN_POINT('Ctrl Pts',(36.3745783715213,12.104402523841,17.5741726147423));
#2789=CARTESIAN_POINT('Ctrl Pts',(36.3745783715213,12.1818323179517,17.5831951297246));
#2790=CARTESIAN_POINT('Ctrl Pts',(36.3745783715213,12.2620606486987,17.5922297198671));
#2791=CARTESIAN_POINT('Ctrl Pts',(36.3745783715213,12.3386105863131,17.6008500825911));
#2792=CARTESIAN_POINT('Ctrl Pts',(36.3745783715213,12.4177080871994,17.6094814261615));
#2793=CARTESIAN_POINT('Ctrl Pts',(36.3745783715213,12.4996782378283,17.6181401320136));
#2794=CARTESIAN_POINT('Ctrl Pts',(36.3745783715213,12.5779326491093,17.6264063353049));
#2795=CARTESIAN_POINT('Ctrl Pts',(36.3745783715213,12.6588049410899,17.6346974648662));
#2796=CARTESIAN_POINT('Ctrl Pts',(36.3745783715213,12.7426236709911,17.6430293378874));
#2797=CARTESIAN_POINT('Ctrl Pts',(36.3745783715213,12.8226834396851,17.6509875571023));
#2798=CARTESIAN_POINT('Ctrl Pts',(36.3745783715213,12.9054310635084,17.6589829364162));
#2799=CARTESIAN_POINT('Ctrl Pts',(36.3745783715213,12.9911988622097,17.6670308784889));
#2800=CARTESIAN_POINT('Ctrl Pts',(36.3745783715213,13.0731594990987,17.6747215790538));
#2801=CARTESIAN_POINT('Ctrl Pts',(36.3745783715213,13.1578779009267,17.6824602690589));
#2802=CARTESIAN_POINT('Ctrl Pts',(36.3745783715213,13.2456903981832,17.6902620544632));
#2803=CARTESIAN_POINT('Ctrl Pts',(36.3745783715213,13.3296432260588,17.6977209238455));
#2804=CARTESIAN_POINT('Ctrl Pts',(36.3745783715213,13.4164238992618,17.7052374538748));
#2805=CARTESIAN_POINT('Ctrl Pts',(36.3745783715213,13.506372975366,17.7128265474136));
#2806=CARTESIAN_POINT('Ctrl Pts',(36.3745783715213,13.5924060771342,17.7200852462801));
#2807=CARTESIAN_POINT('Ctrl Pts',(36.3745783715213,13.6813374762844,17.7274103181473));
#2808=CARTESIAN_POINT('Ctrl Pts',(36.3745783715213,13.7735121505351,17.7348165378245));
#2809=CARTESIAN_POINT('Ctrl Pts',(36.3745783715213,13.861711138708,17.7419033117895));
#2810=CARTESIAN_POINT('Ctrl Pts',(36.3745783715213,13.9528794219861,17.7490643746903));
#2811=CARTESIAN_POINT('Ctrl Pts',(36.3745783715213,14.0473665743889,17.7563144339999));
#2812=CARTESIAN_POINT('Ctrl Pts',(36.3745783715213,14.1378152240477,17.7632546164251));
#2813=CARTESIAN_POINT('Ctrl Pts',(36.3745783715213,14.2313048646248,17.7702763406336));
#2814=CARTESIAN_POINT('Ctrl Pts',(36.3745783715213,14.3281898304882,17.7773942963494));
#2815=CARTESIAN_POINT('Ctrl Pts',(36.3745783715213,14.4209706066324,17.784210724987));
#2816=CARTESIAN_POINT('Ctrl Pts',(36.3745783715213,14.5168649027883,17.7911153953283));
#2817=CARTESIAN_POINT('Ctrl Pts',(36.3745783715213,14.6162319692598,17.7981230202361));
#2818=CARTESIAN_POINT('Ctrl Pts',(36.3745783715213,14.7114264716057,17.8048363850301));
#2819=CARTESIAN_POINT('Ctrl Pts',(36.3745783715213,14.8098079777689,17.8116442300972));
#2820=CARTESIAN_POINT('Ctrl Pts',(36.3745783715213,14.9117408039233,17.8185613254973));
#2821=CARTESIAN_POINT('Ctrl Pts',(36.3745783715213,15.0072693458812,17.8250438303299));
#2822=CARTESIAN_POINT('Ctrl Pts',(36.3745783715213,15.105916936203,17.8316222867596));
#2823=CARTESIAN_POINT('Ctrl Pts',(36.3745783715213,15.2080285718197,17.8383105656766));
#2824=CARTESIAN_POINT('Ctrl Pts',(36.3745783715213,15.3062381612752,17.8447432618393));
#2825=CARTESIAN_POINT('Ctrl Pts',(36.3745783715213,15.407651875409,17.8512775383526));
#2826=CARTESIAN_POINT('Ctrl Pts',(36.3745783715213,15.5126220186587,17.8579274628725));
#2827=CARTESIAN_POINT('Ctrl Pts',(36.3745783715213,15.6136104435668,17.8643251430341));
#2828=CARTESIAN_POINT('Ctrl Pts',(36.3745783715213,15.7178903741375,17.8708298548819));
#2829=CARTESIAN_POINT('Ctrl Pts',(36.3745783715213,15.8258216946693,17.8774558861304));
#2830=CARTESIAN_POINT('Ctrl Pts',(36.3745783715213,15.9296887279873,17.8838324059863));
#2831=CARTESIAN_POINT('Ctrl Pts',(36.3745783715213,16.0369370932999,17.8903212710558));
#2832=CARTESIAN_POINT('Ctrl Pts',(36.3745783715213,16.1479345360201,17.896937010623));
#2833=CARTESIAN_POINT('Ctrl Pts',(36.3745783715213,16.2547822002358,17.9033054124753));
#2834=CARTESIAN_POINT('Ctrl Pts',(36.3745783715213,16.3651036093403,17.9097913699356));
#2835=CARTESIAN_POINT('Ctrl Pts',(36.3745783715213,16.4792746611352,17.9164096740135));
#2836=CARTESIAN_POINT('Ctrl Pts',(36.3745783715213,16.5894277938715,17.9227950660732));
#2837=CARTESIAN_POINT('Ctrl Pts',(36.3745783715213,16.7031641147752,17.9293036431651));
#2838=CARTESIAN_POINT('Ctrl Pts',(36.3745783715213,16.8208703452083,17.9359505700126));
#2839=CARTESIAN_POINT('Ctrl Pts',(36.3745783715213,16.9321037611355,17.9422319739446));
#2840=CARTESIAN_POINT('Ctrl Pts',(36.3745783715213,17.0468823857341,17.9486369265932));
#2841=CARTESIAN_POINT('Ctrl Pts',(36.3745783715213,17.1655794672298,17.9551800223291));
#2842=CARTESIAN_POINT('Ctrl Pts',(36.3745783715213,17.2805883106342,17.9615198064534));
#2843=CARTESIAN_POINT('Ctrl Pts',(36.3745783715213,17.3992755954235,17.9679892710957));
#2844=CARTESIAN_POINT('Ctrl Pts',(36.3745783715213,17.5220290696776,17.9746035409825));
#2845=CARTESIAN_POINT('Ctrl Pts',(36.3745783715213,17.6393713387983,17.9809262413525));
#2846=CARTESIAN_POINT('Ctrl Pts',(36.3745783715213,17.7604290367292,17.9873812551391));
#2847=CARTESIAN_POINT('Ctrl Pts',(36.3745783715213,17.8855887079315,17.9939836292758));
#2848=CARTESIAN_POINT('Ctrl Pts',(36.3745783715213,17.9233483337343,17.995975510322));
#2849=CARTESIAN_POINT('Ctrl Pts',(36.3745783715213,17.9614816649659,17.9979808173217));
#2850=CARTESIAN_POINT('Ctrl Pts',(36.3745783715213,18.0000002682209,18.));
#2851=CARTESIAN_POINT('',(36.3745783715213,4.00000005960464,13.0000001937151));
#2852=CARTESIAN_POINT('Ctrl Pts',(36.3745783715213,4.00000005960464,13.0000001937151));
#2853=CARTESIAN_POINT('Ctrl Pts',(36.3745783715213,4.07381760079548,13.0685966076069));
#2854=CARTESIAN_POINT('Ctrl Pts',(36.3745783715214,4.14510693712563,13.1346901474129));
#2855=CARTESIAN_POINT('Ctrl Pts',(36.3745783715214,4.2141299926589,13.1985371931463));
#2856=CARTESIAN_POINT('Ctrl Pts',(36.3745783715214,4.2894446616982,13.2682040469446));
#2857=CARTESIAN_POINT('Ctrl Pts',(36.3745783715213,4.36206116588563,13.3351962925506));
#2858=CARTESIAN_POINT('Ctrl Pts',(36.3745783715213,4.43227318696235,13.3998012987951));
#2859=CARTESIAN_POINT('Ctrl Pts',(36.3745783715213,4.50413196420929,13.4659215540103));
#2860=CARTESIAN_POINT('Ctrl Pts',(36.3745783715214,4.57347177104001,13.5295409083141));
#2861=CARTESIAN_POINT('Ctrl Pts',(36.3745783715214,4.64056363742945,13.5909244567476));
#2862=CARTESIAN_POINT('Ctrl Pts',(36.3745783715214,4.71065765735518,13.6550547291422));
#2863=CARTESIAN_POINT('Ctrl Pts',(36.3745783715213,4.77829784208914,13.7167444156139));
#2864=CARTESIAN_POINT('Ctrl Pts',(36.3745783715213,4.84375043887165,13.7762538049601));
#2865=CARTESIAN_POINT('Ctrl Pts',(36.3745783715213,4.91215751074904,13.8384493980229));
#2866=CARTESIAN_POINT('Ctrl Pts',(36.3745783715213,4.97817483030956,13.89826320711));
#2867=CARTESIAN_POINT('Ctrl Pts',(36.3745783715213,5.04206401714784,13.9559508440933));
#2868=CARTESIAN_POINT('Ctrl Pts',(36.3745783715213,5.10886272571505,14.0162655834329));
#2869=CARTESIAN_POINT('Ctrl Pts',(36.3745783715213,5.17333484337592,14.074255879624));
#2870=CARTESIAN_POINT('Ctrl Pts',(36.3745783715213,5.23573751806252,14.1301727928155));
#2871=CARTESIAN_POINT('Ctrl Pts',(36.3745783715213,5.30100762301324,14.1886591126865));
#2872=CARTESIAN_POINT('Ctrl Pts',(36.3745783715214,5.3640135194881,14.2448769182125));
#2873=CARTESIAN_POINT('Ctrl Pts',(36.3745783715214,5.42500804236933,14.2990728393789));
#2874=CARTESIAN_POINT('Ctrl Pts',(36.3745783715214,5.4888309342458,14.355781872475));
#2875=CARTESIAN_POINT('Ctrl Pts',(36.3745783715213,5.55045137818109,14.4102769541419));
#2876=CARTESIAN_POINT('Ctrl Pts',(36.3745783715213,5.61011805940432,14.4628004026598));
#2877=CARTESIAN_POINT('Ctrl Pts',(36.3745783715213,5.67257728497968,14.517782075039));
#2878=CARTESIAN_POINT('Ctrl Pts',(36.3745783715214,5.73289537663106,14.5706030359582));
#2879=CARTESIAN_POINT('Ctrl Pts',(36.3745783715214,5.79131704082539,14.6215014079887));
#2880=CARTESIAN_POINT('Ctrl Pts',(36.3745783715214,5.85397072194421,14.6760868158959));
#2881=CARTESIAN_POINT('Ctrl Pts',(36.3745783715213,5.91444320890852,14.728460943327));
#2882=CARTESIAN_POINT('Ctrl Pts',(36.3745783715213,5.97299274818044,14.7788746686447));
#2883=CARTESIAN_POINT('Ctrl Pts',(36.3745783715213,6.03426634788623,14.8316339296603));
#2884=CARTESIAN_POINT('Ctrl Pts',(36.3745783715213,6.09343365667629,14.8822458852092));
#2885=CARTESIAN_POINT('Ctrl Pts',(36.3745783715213,6.15074732365193,14.9309554610413));
#2886=CARTESIAN_POINT('Ctrl Pts',(36.3745783715213,6.210752719195,14.9819526754715));
#2887=CARTESIAN_POINT('Ctrl Pts',(36.3745783715213,6.26872602851487,15.0308643867975));
#2888=CARTESIAN_POINT('Ctrl Pts',(36.3745783715213,6.32491465251482,15.0779298059943));
#2889=CARTESIAN_POINT('Ctrl Pts',(36.3745783715213,6.38376795200228,15.1272272440574));
#2890=CARTESIAN_POINT('Ctrl Pts',(36.3745783715213,6.44066303915345,15.1744988880965));
#2891=CARTESIAN_POINT('Ctrl Pts',(36.3745783715213,6.4958424387636,15.2199784676479));
#2892=CARTESIAN_POINT('Ctrl Pts',(36.3745783715213,6.55366529200683,15.2676368160994));
#2893=CARTESIAN_POINT('Ctrl Pts',(36.3745783715213,6.60960389766537,15.3133270544129));
#2894=CARTESIAN_POINT('Ctrl Pts',(36.3745783715213,6.66389631024117,15.3572776620877));
#2895=CARTESIAN_POINT('Ctrl Pts',(36.3745783715213,6.72245524625376,15.4046820911864));
#2896=CARTESIAN_POINT('Ctrl Pts',(36.3745783715213,6.77909903247333,15.4500626776613));
#2897=CARTESIAN_POINT('Ctrl Pts',(36.3745783715213,6.8340819262925,15.4936621692534));
#2898=CARTESIAN_POINT('Ctrl Pts',(36.3745783715213,6.89144630416762,15.5391500935355));
#2899=CARTESIAN_POINT('Ctrl Pts',(36.3745783715214,6.94700248891247,15.582698995487));
#2900=CARTESIAN_POINT('Ctrl Pts',(36.3745783715214,7.00099595338393,15.6245416531096));
#2901=CARTESIAN_POINT('Ctrl Pts',(36.3745783715214,7.05751359430951,15.6683404410192));
#2902=CARTESIAN_POINT('Ctrl Pts',(36.3745783715213,7.11231870765598,15.7102694572602));
#2903=CARTESIAN_POINT('Ctrl Pts',(36.3745783715213,7.16565102895511,15.7505540874747));
#2904=CARTESIAN_POINT('Ctrl Pts',(36.3745783715213,7.2215067654943,15.7927447822922));
#2905=CARTESIAN_POINT('Ctrl Pts',(36.3745783715214,7.27574677041439,15.8331315450435));
#2906=CARTESIAN_POINT('Ctrl Pts',(36.3745783715214,7.32860600622267,15.8719328523303));
#2907=CARTESIAN_POINT('Ctrl Pts',(36.3745783715214,7.38515381269069,15.91344175388));
#2908=CARTESIAN_POINT('Ctrl Pts',(36.3745783715214,7.44012127240129,15.9531360808601));
#2909=CARTESIAN_POINT('Ctrl Pts',(36.3745783715214,7.4937540613982,15.991241026657));
#2910=CARTESIAN_POINT('Ctrl Pts',(36.3745783715214,7.55115699238274,16.0320245774411));
#2911=CARTESIAN_POINT('Ctrl Pts',(36.3745783715213,7.60703083476618,16.0709872920862));
#2912=CARTESIAN_POINT('Ctrl Pts',(36.3745783715213,7.6616329892065,16.1083606990265));
#2913=CARTESIAN_POINT('Ctrl Pts',(36.3745783715213,7.71115255510672,16.1422552386627));
#2914=CARTESIAN_POINT('Ctrl Pts',(36.3745783715213,7.75962531725384,16.1748417366604));
#2915=CARTESIAN_POINT('Ctrl Pts',(36.3745783715213,7.80721763000898,16.2062664380548));
#2916=CARTESIAN_POINT('',(2.44910127797817,4.00000005960464,13.0000001937151));
#2917=CARTESIAN_POINT('Origin',(-0.0759816635339217,1.60361187457158,18.));
#2918=CARTESIAN_POINT('',(-36.5508987220218,18.0000002682209,18.));
#2919=CARTESIAN_POINT('',(2.44910127797817,18.0000002682209,18.));
#2920=CARTESIAN_POINT('',(-36.5508987220148,40.4817472463284,18.));
#2921=CARTESIAN_POINT('',(-36.5508987220218,21.0644392320271,18.));
#2922=CARTESIAN_POINT('',(-33.2805144857751,43.4607940851848,18.));
#2923=CARTESIAN_POINT('Origin',(-33.2805144857751,40.1761641046496,18.));
#2924=CARTESIAN_POINT('',(33.044324193281,43.4607940851815,18.));
#2925=CARTESIAN_POINT('',(16.5051742350371,43.4607940851848,18.));
#2926=CARTESIAN_POINT('',(36.374578371516,39.3694311803904,18.));
#2927=CARTESIAN_POINT('Origin',(32.7157703467418,39.7923124997917,18.));
#2928=CARTESIAN_POINT('',(36.3745783715213,-17.8202598924951,18.));
#2929=CARTESIAN_POINT('Origin',(-33.3441329085482,-37.046804522568,9.79388477216145));
#2930=CARTESIAN_POINT('',(-37.0508987220218,-37.046804522568,10.2938847721614));
#2931=CARTESIAN_POINT('',(-37.5508987220218,-37.046804522568,9.79388477216145));
#2932=CARTESIAN_POINT('Origin',(-37.0508987220218,-37.046804522568,9.79388477216145));
#2933=CARTESIAN_POINT('',(-33.0647347608546,-41.2442817749751,9.79388477216145));
#2934=CARTESIAN_POINT('Origin',(-33.3441329085482,-37.046804522568,9.79388477216145));
#2935=CARTESIAN_POINT('',(-33.0818834779138,-40.7442817749752,10.2938847721614));
#2936=CARTESIAN_POINT('Ctrl Pts',(-33.0818834779137,-40.7442817749752,10.2938847721614));
#2937=CARTESIAN_POINT('Ctrl Pts',(-33.0818050285165,-40.7464966831396,10.2938847721614));
#2938=CARTESIAN_POINT('Ctrl Pts',(-33.0817266151359,-40.7487115682186,10.2938700547069));
#2939=CARTESIAN_POINT('Ctrl Pts',(-33.0793432788877,-40.8160620675381,10.2929749537291));
#2940=CARTESIAN_POINT('Ctrl Pts',(-33.0770975224282,-40.8804091193566,10.2793883883844));
#2941=CARTESIAN_POINT('Ctrl Pts',(-33.0729618713326,-41.0002253482403,10.2283161526445));
#2942=CARTESIAN_POINT('Ctrl Pts',(-33.0711105454677,-41.0545588209772,10.1913362704664));
#2943=CARTESIAN_POINT('Ctrl Pts',(-33.068018026404,-41.145973419021,10.0986444855272));
#2944=CARTESIAN_POINT('Ctrl Pts',(-33.0668054367443,-41.1821904296048,10.0438293771828));
#2945=CARTESIAN_POINT('Ctrl Pts',(-33.0651561957439,-41.2315780604306,9.92340797759617));
#2946=CARTESIAN_POINT('Ctrl Pts',(-33.0647347608548,-41.2442817749752,9.85895842812937));
#2947=CARTESIAN_POINT('Ctrl Pts',(-33.0647347608548,-41.2442817749752,9.79388477216145));
#2948=CARTESIAN_POINT('Origin',(-33.3441329085482,-37.046804522568,10.2938847721614));
#2949=CARTESIAN_POINT('Origin',(-37.0508987220218,17.7626332574884,9.79388477216145));
#2950=CARTESIAN_POINT('',(-37.0508987220218,-5.00000007450581,10.2938847721614));
#2951=CARTESIAN_POINT('',(-37.5508987220218,-5.00000007450581,9.79388477216145));
#2952=CARTESIAN_POINT('Origin',(-37.0508987220218,-5.00000007450581,9.79388477216145));
#2953=CARTESIAN_POINT('',(-37.5508987220218,17.7626332574884,9.79388477216145));
#2954=CARTESIAN_POINT('',(-37.0508987220218,17.7626332574884,10.2938847721615));
#2955=CARTESIAN_POINT('Ctrl Pts',(-37.0508987220218,-5.00000007450581,10.2938847721615));
#2956=CARTESIAN_POINT('Ctrl Pts',(-37.0508987220218,-3.62434160934374,10.2938847721615));
#2957=CARTESIAN_POINT('Ctrl Pts',(-37.0508987220218,-1.79968684514574,10.4730329949007));
#2958=CARTESIAN_POINT('Ctrl Pts',(-37.0508987220218,1.24458110869706,11.3771125831247));
#2959=CARTESIAN_POINT('Ctrl Pts',(-37.0508987220218,2.86338337625538,12.2310462213717));
#2960=CARTESIAN_POINT('Ctrl Pts',(-37.0508987220218,4.01064725341276,13.0072033274479));
#2961=CARTESIAN_POINT('Ctrl Pts',(-37.0508987220218,4.02129444722088,13.0144064611806));
#2962=CARTESIAN_POINT('Ctrl Pts',(-37.0508987220218,4.031941641029,13.0216095949134));
#2963=CARTESIAN_POINT('Ctrl Pts',(-37.1817984159214,-5.00000007450581,10.2938847721615));
#2964=CARTESIAN_POINT('Ctrl Pts',(-37.1817984159214,-3.62434160934374,10.2938847721615));
#2965=CARTESIAN_POINT('Ctrl Pts',(-37.1817984159214,-1.79968684514574,10.4730329949007));
#2966=CARTESIAN_POINT('Ctrl Pts',(-37.1817984159214,1.24458110869706,11.3771125831247));
#2967=CARTESIAN_POINT('Ctrl Pts',(-37.1817984159214,2.86338337625538,12.2310462213717));
#2968=CARTESIAN_POINT('Ctrl Pts',(-37.1817984159214,4.01064725341276,13.0072033274479));
#2969=CARTESIAN_POINT('Ctrl Pts',(-37.1817984159214,4.02129444722088,13.0144064611806));
#2970=CARTESIAN_POINT('Ctrl Pts',(-37.1817984159214,4.031941641029,13.0216095949134));
#2971=CARTESIAN_POINT('Ctrl Pts',(-37.4424749038006,-5.00000007450581,10.1854609539402));
#2972=CARTESIAN_POINT('Ctrl Pts',(-37.4424749038006,-3.61742101843965,10.185491444861));
#2973=CARTESIAN_POINT('Ctrl Pts',(-37.4424749038006,-1.78074510003361,10.3655373505469));
#2974=CARTESIAN_POINT('Ctrl Pts',(-37.4424749038006,1.2874729627817,11.2766864931934));
#2975=CARTESIAN_POINT('Ctrl Pts',(-37.4424749038006,2.91777236509615,12.1370007538808));
#2976=CARTESIAN_POINT('Ctrl Pts',(-37.4424749038006,4.07140172360282,12.9174001052919));
#2977=CARTESIAN_POINT('Ctrl Pts',(-37.4424749038006,4.08204891741094,12.9246032390247));
#2978=CARTESIAN_POINT('Ctrl Pts',(-37.4424749038006,4.09269611121906,12.9318063727574));
#2979=CARTESIAN_POINT('Ctrl Pts',(-37.5508987220218,-5.00000007450581,9.92478446606103));
#2980=CARTESIAN_POINT('Ctrl Pts',(-37.5508987220218,-3.60097877892049,9.92483015411418));
#2981=CARTESIAN_POINT('Ctrl Pts',(-37.5508987220218,-1.73513754067399,10.1070987263563));
#2982=CARTESIAN_POINT('Ctrl Pts',(-37.5508987220218,1.39053360720909,11.0352183654043));
#2983=CARTESIAN_POINT('Ctrl Pts',(-37.5508987220218,3.04875425857331,11.9109183130833));
#2984=CARTESIAN_POINT('Ctrl Pts',(-37.5508987220218,4.21746983088707,12.7014919318305));
#2985=CARTESIAN_POINT('Ctrl Pts',(-37.5508987220218,4.22811702469519,12.7086950655633));
#2986=CARTESIAN_POINT('Ctrl Pts',(-37.5508987220218,4.23876421850331,12.7158981992961));
#2987=CARTESIAN_POINT('Ctrl Pts',(-37.5508987220218,-5.00000007450581,9.79388477216145));
#2988=CARTESIAN_POINT('Ctrl Pts',(-37.5508987220218,-3.59290254225754,9.79388477216145));
#2989=CARTESIAN_POINT('Ctrl Pts',(-37.5508987220218,-1.71217393810741,9.97732857798375));
#2990=CARTESIAN_POINT('Ctrl Pts',(-37.5508987220218,1.44222946326819,10.9139458082876));
#2991=CARTESIAN_POINT('Ctrl Pts',(-37.5508987220218,3.1147272591879,11.7974131764471));
#2992=CARTESIAN_POINT('Ctrl Pts',(-37.5508987220218,4.29081848878697,12.5930728179839));
#2993=CARTESIAN_POINT('Ctrl Pts',(-37.5508987220218,4.30146568259509,12.6002759517167));
#2994=CARTESIAN_POINT('Ctrl Pts',(-37.5508987220218,4.31211287640321,12.6074790854494));
#2995=CARTESIAN_POINT('',(-37.5508987220218,2.29732210041212,11.4177529374524));
#2996=CARTESIAN_POINT('Ctrl Pts',(-37.5508987220218,2.29646358748679,11.4194659791528));
#2997=CARTESIAN_POINT('Ctrl Pts',(-37.5508987220218,1.72469401671906,11.1329162569275));
#2998=CARTESIAN_POINT('Ctrl Pts',(-37.5508987220218,0.704906092589517,10.6950170013436));
#2999=CARTESIAN_POINT('Ctrl Pts',(-37.5508987220218,-1.71217393810741,9.97732857798375));
#3000=CARTESIAN_POINT('Ctrl Pts',(-37.5508987220218,-3.59290254225754,9.79388477216145));
#3001=CARTESIAN_POINT('Ctrl Pts',(-37.5508987220218,-5.00000007450581,9.79388477216145));
#3002=CARTESIAN_POINT('Ctrl Pts',(-37.0508987220218,-5.00000007450581,10.2938847721615));
#3003=CARTESIAN_POINT('Ctrl Pts',(-37.0508987220218,-3.62434160934374,10.2938847721615));
#3004=CARTESIAN_POINT('Ctrl Pts',(-37.0508987220218,-1.79968684514574,10.4730329949007));
#3005=CARTESIAN_POINT('Ctrl Pts',(-37.0508987220218,1.24448127664228,11.3770829352342));
#3006=CARTESIAN_POINT('Ctrl Pts',(-37.0508987220218,2.86319757445743,12.2309482104717));
#3007=CARTESIAN_POINT('Ctrl Pts',(-37.0508987220218,4.0000000582482,13.0000001959754));
#3008=CARTESIAN_POINT('Ctrl Pts',(-37.5508987220218,2.29646358748679,11.4194659791528));
#3009=CARTESIAN_POINT('Ctrl Pts',(-37.5508987220218,2.98244454870047,11.7632542182221));
#3010=CARTESIAN_POINT('Ctrl Pts',(-37.5508987220218,3.64453457721641,12.1558431095483));
#3011=CARTESIAN_POINT('Ctrl Pts',(-37.5508987220218,4.29081848878697,12.5930728179839));
#3012=CARTESIAN_POINT('Ctrl Pts',(-37.5508987220218,4.30146568259509,12.6002759517167));
#3013=CARTESIAN_POINT('Ctrl Pts',(-37.5508987220218,4.31211287640321,12.6074790854494));
#3014=CARTESIAN_POINT('Ctrl Pts',(57.4491012779782,4.00000005960464,13.0000001937151));
#3015=CARTESIAN_POINT('Ctrl Pts',(-52.5508987220218,4.00000005960464,13.0000001937151));
#3016=CARTESIAN_POINT('Ctrl Pts',(57.4491012779782,0.,10.2938847721614));
#3017=CARTESIAN_POINT('Ctrl Pts',(-52.5508987220218,0.,10.2938847721614));
#3018=CARTESIAN_POINT('Ctrl Pts',(57.4491012779782,-5.00000007450581,10.2938847721614));
#3019=CARTESIAN_POINT('Ctrl Pts',(-52.5508987220218,-5.00000007450581,10.2938847721614));
#3020=CARTESIAN_POINT('',(-36.5508987220218,-5.00000007450581,10.2938847721614));
#3021=CARTESIAN_POINT('',(2.44910127797817,-5.00000007450581,10.2938847721614));
#3022=CARTESIAN_POINT('',(-36.5508987220218,4.00000005960464,13.0000001937151));
#3023=CARTESIAN_POINT('Ctrl Pts',(-36.5508987220218,4.00000005960464,13.0000001937151));
#3024=CARTESIAN_POINT('Ctrl Pts',(-36.5508987220218,3.82938759788848,12.8845759419952));
#3025=CARTESIAN_POINT('Ctrl Pts',(-36.5508987220218,3.66020239284761,12.77401248642));
#3026=CARTESIAN_POINT('Ctrl Pts',(-36.5508987220218,3.49209979986051,12.6679717472118));
#3027=CARTESIAN_POINT('Ctrl Pts',(-36.5508987220218,3.31459268383896,12.5559985440437));
#3028=CARTESIAN_POINT('Ctrl Pts',(-36.5508987220218,3.13829288743195,12.4490682564977));
#3029=CARTESIAN_POINT('Ctrl Pts',(-36.5508987220218,2.96281873270726,12.3468363130149));
#3030=CARTESIAN_POINT('Ctrl Pts',(-36.5508987220218,2.78108396548391,12.2409569116821));
#3031=CARTESIAN_POINT('Ctrl Pts',(-36.5508987220218,2.6002351157562,12.1401172493819));
#3032=CARTESIAN_POINT('Ctrl Pts',(-36.5508987220218,2.41986933760655,12.0439889115205));
#3033=CARTESIAN_POINT('Ctrl Pts',(-36.5508987220218,2.23330079450058,11.9445547276639));
#3034=CARTESIAN_POINT('Ctrl Pts',(-36.5508987220218,2.0472494860112,11.8501616308164));
#3035=CARTESIAN_POINT('Ctrl Pts',(-36.5508987220218,1.86128652969313,11.7605009075126));
#3036=CARTESIAN_POINT('Ctrl Pts',(-36.5508987220218,1.6694625025281,11.6680143103795));
#3037=CARTESIAN_POINT('Ctrl Pts',(-36.5508987220218,1.47773292265327,11.5805632328914));
#3038=CARTESIAN_POINT('Ctrl Pts',(-36.5508987220218,1.2856385579156,11.4978638418568));
#3039=CARTESIAN_POINT('Ctrl Pts',(-36.5508987220218,1.0885391501226,11.4130097076921));
#3040=CARTESIAN_POINT('Ctrl Pts',(-36.5508987220218,0.891056220768417,11.3331582430064));
#3041=CARTESIAN_POINT('Ctrl Pts',(-36.5508987220218,0.692698191794445,11.2580575486748));
#3042=CARTESIAN_POINT('Ctrl Pts',(-36.5508987220218,0.490948363011046,11.1816726788447));
#3043=CARTESIAN_POINT('Ctrl Pts',(-36.5508987220218,0.288293844088101,11.1102026040406));
#3044=CARTESIAN_POINT('Ctrl Pts',(-36.5508987220218,0.0842134592833723,
11.0434356299784));
#3045=CARTESIAN_POINT('Ctrl Pts',(-36.5508987220218,-0.120230948872757,
10.9765495619735));
#3046=CARTESIAN_POINT('Ctrl Pts',(-36.5508987220218,-0.326105701724377,
10.9143836049583));
#3047=CARTESIAN_POINT('Ctrl Pts',(-36.5508987220218,-0.53394777898801,10.8567749230596));
#3048=CARTESIAN_POINT('Ctrl Pts',(-36.5508987220218,-0.739051685066021,
10.7999251944724));
#3049=CARTESIAN_POINT('Ctrl Pts',(-36.5508987220218,-0.946070856725332,
10.7475136963883));
#3050=CARTESIAN_POINT('Ctrl Pts',(-36.5508987220218,-1.15554265471058,10.6994290017043));
#3051=CARTESIAN_POINT('Ctrl Pts',(-36.5508987220218,-1.36042723993638,10.6523973114205));
#3052=CARTESIAN_POINT('Ctrl Pts',(-36.5508987220218,-1.56765771225237,10.609505204805));
#3053=CARTESIAN_POINT('Ctrl Pts',(-36.5508987220218,-1.77776512600251,10.5706884217644));
#3054=CARTESIAN_POINT('Ctrl Pts',(-36.5508987220218,-1.98207205547304,10.5329432626888));
#3055=CARTESIAN_POINT('Ctrl Pts',(-36.5508987220218,-2.18909884379742,10.4990516804854));
#3056=CARTESIAN_POINT('Ctrl Pts',(-36.5508987220218,-2.39936738734473,10.468990091977));
#3057=CARTESIAN_POINT('Ctrl Pts',(-36.5508987220218,-2.60132567758266,10.4401166004191));
#3058=CARTESIAN_POINT('Ctrl Pts',(-36.5508987220218,-2.80627424282098,10.4147765064698));
#3059=CARTESIAN_POINT('Ctrl Pts',(-36.5508987220218,-3.01471205847294,10.3929797171261));
#3060=CARTESIAN_POINT('Ctrl Pts',(-36.5508987220218,-3.21526359290495,10.3720076131204));
#3061=CARTESIAN_POINT('Ctrl Pts',(-36.5508987220218,-3.41904507077794,10.3543158591971));
#3062=CARTESIAN_POINT('Ctrl Pts',(-36.5508987220218,-3.62653954593456,10.3399405845639));
#3063=CARTESIAN_POINT('Ctrl Pts',(-36.5508987220218,-3.82817215092428,10.3259714219174));
#3064=CARTESIAN_POINT('Ctrl Pts',(-36.5508987220218,-4.03331061078174,10.3151340157441));
#3065=CARTESIAN_POINT('Ctrl Pts',(-36.5508987220218,-4.24243965160189,10.3074870782204));
#3066=CARTESIAN_POINT('Ctrl Pts',(-36.5508987220218,-4.44326848304393,10.3001436431768));
#3067=CARTESIAN_POINT('Ctrl Pts',(-36.5508987220218,-4.64777720395536,10.2957424850188));
#3068=CARTESIAN_POINT('Ctrl Pts',(-36.5508987220218,-4.85643750943391,10.2943590520699));
#3069=CARTESIAN_POINT('Ctrl Pts',(-36.5508987220218,-4.90407315223233,10.2940432243056));
#3070=CARTESIAN_POINT('Ctrl Pts',(-36.5508987220218,-4.95192535437118,10.2938847721614));
#3071=CARTESIAN_POINT('Ctrl Pts',(-36.5508987220218,-5.0000000745058,10.2938847721614));
#3072=CARTESIAN_POINT('',(2.44910127797817,4.00000005960464,13.0000001937151));
#3073=CARTESIAN_POINT('Origin',(2.44910127797817,-5.00000007450581,10.2938847721614));
#3074=CARTESIAN_POINT('',(33.3745783147313,-40.7442817749752,10.2938847721614));
#3075=CARTESIAN_POINT('',(-15.3078167414382,-40.7442817749752,10.2938847721614));
#3076=CARTESIAN_POINT('',(36.8745783715213,-37.2441316595618,10.2938847721614));
#3077=CARTESIAN_POINT('Origin',(33.3745783147313,-37.2442817153705,10.2938847721614));
#3078=CARTESIAN_POINT('',(36.8745783715213,-5.00000007450581,10.2938847721615));
#3079=CARTESIAN_POINT('',(36.8745783715213,-21.1220658670338,10.2938847721614));
#3080=CARTESIAN_POINT('',(36.3745783715213,-5.00000007450581,10.2938847721614));
#3081=CARTESIAN_POINT('',(2.44910127797817,-5.00000007450581,10.2938847721614));
#3082=CARTESIAN_POINT('',(-37.5508987220218,-5.00000007450581,10.2938847721614));
#3083=CARTESIAN_POINT('Ctrl Pts',(36.8745783715213,4.03194164102899,13.0216095949134));
#3084=CARTESIAN_POINT('Ctrl Pts',(36.8745783715213,4.02129444722087,13.0144064611806));
#3085=CARTESIAN_POINT('Ctrl Pts',(36.8745783715213,4.01064725341276,13.0072033274479));
#3086=CARTESIAN_POINT('Ctrl Pts',(36.8745783715213,2.86338337625537,12.2310462213717));
#3087=CARTESIAN_POINT('Ctrl Pts',(36.8745783715213,1.2445815917639,11.3771113863237));
#3088=CARTESIAN_POINT('Ctrl Pts',(36.8745783715213,-1.7996866482115,10.4730317950427));
#3089=CARTESIAN_POINT('Ctrl Pts',(36.8745783715213,-3.62434160934374,10.2938847721615));
#3090=CARTESIAN_POINT('Ctrl Pts',(36.8745783715213,-5.00000007450581,10.2938847721615));
#3091=CARTESIAN_POINT('Ctrl Pts',(37.0054780654209,4.03194164102899,13.0216095949134));
#3092=CARTESIAN_POINT('Ctrl Pts',(37.0054780654209,4.02129444722087,13.0144064611806));
#3093=CARTESIAN_POINT('Ctrl Pts',(37.0054780654209,4.01064725341276,13.0072033274479));
#3094=CARTESIAN_POINT('Ctrl Pts',(37.0054780654209,2.86338337625537,12.2310462213717));
#3095=CARTESIAN_POINT('Ctrl Pts',(37.0054780654209,1.2445815917639,11.3771113863237));
#3096=CARTESIAN_POINT('Ctrl Pts',(37.0054780654209,-1.7996866482115,10.4730317950427));
#3097=CARTESIAN_POINT('Ctrl Pts',(37.0054780654209,-3.62434160934374,10.2938847721615));
#3098=CARTESIAN_POINT('Ctrl Pts',(37.0054780654209,-5.00000007450581,10.2938847721615));
#3099=CARTESIAN_POINT('Ctrl Pts',(37.2661548789675,4.09269592873381,12.931806642495));
#3100=CARTESIAN_POINT('Ctrl Pts',(37.2661548789674,4.0820487349257,12.9246035087622));
#3101=CARTESIAN_POINT('Ctrl Pts',(37.2661548789675,4.07140154111758,12.9174003750294));
#3102=CARTESIAN_POINT('Ctrl Pts',(37.2661548789674,2.91777237717252,12.1370010565636));
#3103=CARTESIAN_POINT('Ctrl Pts',(37.2661548789674,1.28747329904917,11.2766855730869));
#3104=CARTESIAN_POINT('Ctrl Pts',(37.2661548789674,-1.78074492404143,10.3655364600605));
#3105=CARTESIAN_POINT('Ctrl Pts',(37.2661548789675,-3.6174211974301,10.185491723651));
#3106=CARTESIAN_POINT('Ctrl Pts',(37.2661548789675,-5.00000007450581,10.1854612796076));
#3107=CARTESIAN_POINT('Ctrl Pts',(37.3745783715213,4.23876421850329,12.715898199296));
#3108=CARTESIAN_POINT('Ctrl Pts',(37.3745783715213,4.22811702469518,12.7086950655633));
#3109=CARTESIAN_POINT('Ctrl Pts',(37.3745783715213,4.21746983088706,12.7014919318305));
#3110=CARTESIAN_POINT('Ctrl Pts',(37.3745783715213,3.04875425857331,11.9109183130833));
#3111=CARTESIAN_POINT('Ctrl Pts',(37.3745783715213,1.39053417092292,11.0352171461337));
#3112=CARTESIAN_POINT('Ctrl Pts',(37.3745783715214,-1.7351373899776,10.1070974789856));
#3113=CARTESIAN_POINT('Ctrl Pts',(37.3745783715213,-3.60097877892049,9.92483015411418));
#3114=CARTESIAN_POINT('Ctrl Pts',(37.3745783715213,-5.00000007450581,9.92478446606103));
#3115=CARTESIAN_POINT('Ctrl Pts',(37.3745783715213,4.31211287640319,12.6074790854494));
#3116=CARTESIAN_POINT('Ctrl Pts',(37.3745783715213,4.30146568259508,12.6002759517167));
#3117=CARTESIAN_POINT('Ctrl Pts',(37.3745783715213,4.29081848878696,12.5930728179839));
#3118=CARTESIAN_POINT('Ctrl Pts',(37.3745783715213,3.1147272591879,11.7974131764471));
#3119=CARTESIAN_POINT('Ctrl Pts',(37.3745783715213,1.44223002698202,10.9139445890169));
#3120=CARTESIAN_POINT('Ctrl Pts',(37.3745783715214,-1.71217378741102,9.97732733061296));
#3121=CARTESIAN_POINT('Ctrl Pts',(37.3745783715213,-3.59290254225754,9.79388477216145));
#3122=CARTESIAN_POINT('Ctrl Pts',(37.3745783715213,-5.00000007450581,9.79388477216145));
#3123=CARTESIAN_POINT('Ctrl Pts',(36.8745783715213,4.00000005824822,13.0000001959754));
#3124=CARTESIAN_POINT('Ctrl Pts',(36.8745783715213,2.86319757451288,12.2309482103343));
#3125=CARTESIAN_POINT('Ctrl Pts',(36.8745783715213,1.24448175969974,11.377081738433));
#3126=CARTESIAN_POINT('Ctrl Pts',(36.8745783715213,-1.7996866482115,10.4730317950427));
#3127=CARTESIAN_POINT('Ctrl Pts',(36.8745783715213,-3.62434160934374,10.2938847721615));
#3128=CARTESIAN_POINT('Ctrl Pts',(36.8745783715213,-5.00000007450581,10.2938847721615));
#3129=CARTESIAN_POINT('Origin',(36.8745783715213,-5.00000007450581,9.79388477216145));
#3130=CARTESIAN_POINT('Origin',(36.8745783715213,-21.1220658670338,9.79388477216145));
#3131=CARTESIAN_POINT('Origin',(36.8745783715213,-37.2441316595618,9.79388477216145));
#3132=CARTESIAN_POINT('Origin',(33.3745783147313,-37.2442817153705,9.79388477216145));
#3133=CARTESIAN_POINT('',(33.3745783147313,-41.2442817749752,9.79388477216145));
#3134=CARTESIAN_POINT('Origin',(33.3745783147313,-40.7442817749752,9.79388477216145));
#3135=CARTESIAN_POINT('Origin',(33.3745783147313,-37.2442817153705,9.79388477216145));
#3136=CARTESIAN_POINT('Origin',(-15.3078167414382,-40.7442817749752,9.79388477216145));
#3137=CARTESIAN_POINT('',(-15.3078167414382,-41.2442817749752,9.79388477216145));
#3138=CARTESIAN_POINT('Ctrl Pts',(57.4491012779782,4.00000005960464,13.0000001937151));
#3139=CARTESIAN_POINT('Ctrl Pts',(-52.5508987220218,4.00000005960464,13.0000001937151));
#3140=CARTESIAN_POINT('Ctrl Pts',(57.4491012779782,0.,10.2938847721614));
#3141=CARTESIAN_POINT('Ctrl Pts',(-52.5508987220218,0.,10.2938847721614));
#3142=CARTESIAN_POINT('Ctrl Pts',(57.4491012779782,-5.00000007450581,10.2938847721614));
#3143=CARTESIAN_POINT('Ctrl Pts',(-52.5508987220218,-5.00000007450581,10.2938847721614));
#3144=CARTESIAN_POINT('Ctrl Pts',(36.3745783715213,-5.0000000745058,10.2938847721614));
#3145=CARTESIAN_POINT('Ctrl Pts',(36.3745783715213,-4.79000880593221,10.2938847721614));
#3146=CARTESIAN_POINT('Ctrl Pts',(36.3745783715213,-4.58425936058886,10.2969060555307));
#3147=CARTESIAN_POINT('Ctrl Pts',(36.3745783715213,-4.38227349389486,10.3028683086883));
#3148=CARTESIAN_POINT('Ctrl Pts',(36.3745783715213,-4.16905743519785,10.3091620565629));
#3149=CARTESIAN_POINT('Ctrl Pts',(36.3745783715213,-3.96003522136016,10.3187327969714));
#3150=CARTESIAN_POINT('Ctrl Pts',(36.3745783715213,-3.75469596619953,10.3315140184162));
#3151=CARTESIAN_POINT('Ctrl Pts',(36.3745783715213,-3.54205547292615,10.344749701143));
#3152=CARTESIAN_POINT('Ctrl Pts',(36.3745783715213,-3.33336482730744,10.3614281935902));
#3153=CARTESIAN_POINT('Ctrl Pts',(36.3745783715213,-3.12810678496288,10.3815057623845));
#3154=CARTESIAN_POINT('Ctrl Pts',(36.3745783715213,-2.91570901569073,10.4022817123819));
#3155=CARTESIAN_POINT('Ctrl Pts',(36.3745783715213,-2.7069871590316,10.4266972414992));
#3156=CARTESIAN_POINT('Ctrl Pts',(36.3745783715213,-2.50141549821727,10.4547364941171));
#3157=CARTESIAN_POINT('Ctrl Pts',(36.3745783715213,-2.28909245230703,10.483696611953));
#3158=CARTESIAN_POINT('Ctrl Pts',(36.3745783715213,-2.08013032006508,10.5165222596386));
#3159=CARTESIAN_POINT('Ctrl Pts',(36.3745783715213,-1.87399364468418,10.5532316866466));
#3160=CARTESIAN_POINT('Ctrl Pts',(36.3745783715213,-1.66190753112938,10.5910006071484));
#3161=CARTESIAN_POINT('Ctrl Pts',(36.3745783715213,-1.45281278774697,10.6328805559453));
#3162=CARTESIAN_POINT('Ctrl Pts',(36.3745783715213,-1.2461650626742,10.6789308353832));
#3163=CARTESIAN_POINT('Ctrl Pts',(36.3745783715213,-1.03501268589158,10.7259849510354));
#3164=CARTESIAN_POINT('Ctrl Pts',(36.3745783715213,-0.826415711674815,10.7773929852868));
#3165=CARTESIAN_POINT('Ctrl Pts',(36.3745783715213,-0.61982556639079,10.8332616267835));
#3166=CARTESIAN_POINT('Ctrl Pts',(36.3745783715213,-0.41088979098223,10.8897646023541));
#3167=CARTESIAN_POINT('Ctrl Pts',(36.3745783715213,-0.204007273957416,10.9508298268764));
#3168=CARTESIAN_POINT('Ctrl Pts',(36.3745783715213,0.00136567108338209,
11.0166147893193));
#3169=CARTESIAN_POINT('Ctrl Pts',(36.3745783715213,0.205169590237934,11.0818971621491));
#3170=CARTESIAN_POINT('Ctrl Pts',(36.3745783715213,0.407486292573306,11.1518272768085));
#3171=CARTESIAN_POINT('Ctrl Pts',(36.3745783715213,0.608833054573153,11.2266078039355));
#3172=CARTESIAN_POINT('Ctrl Pts',(36.3745783715213,0.806580864753603,11.3000516742844));
#3173=CARTESIAN_POINT('Ctrl Pts',(36.3745783715213,1.0033925333958,11.3781739742405));
#3174=CARTESIAN_POINT('Ctrl Pts',(36.3745783715213,1.19975325241241,11.4612159406039));
#3175=CARTESIAN_POINT('Ctrl Pts',(36.3745783715213,1.39115996221666,11.5421628307807));
#3176=CARTESIAN_POINT('Ctrl Pts',(36.3745783715213,1.58213770390711,11.6277841550961));
#3177=CARTESIAN_POINT('Ctrl Pts',(36.3745783715213,1.77313886178876,11.7183523869439));
#3178=CARTESIAN_POINT('Ctrl Pts',(36.3745783715213,1.95639758424582,11.8052493390237));
#3179=CARTESIAN_POINT('Ctrl Pts',(36.3745783715214,2.13967748944908,11.8967002395158));
#3180=CARTESIAN_POINT('Ctrl Pts',(36.3745783715214,2.32338704773689,11.9929924134583));
#3181=CARTESIAN_POINT('Ctrl Pts',(36.3745783715214,2.50061151402331,12.0858853978711));
#3182=CARTESIAN_POINT('Ctrl Pts',(36.3745783715213,2.67823552539381,12.1832837901623));
#3183=CARTESIAN_POINT('Ctrl Pts',(36.3745783715213,2.85663912509029,12.2854908794164));
#3184=CARTESIAN_POINT('Ctrl Pts',(36.3745783715213,3.02996841169195,12.3847909041704));
#3185=CARTESIAN_POINT('Ctrl Pts',(36.3745783715213,3.20403328360952,12.4886297975904));
#3186=CARTESIAN_POINT('Ctrl Pts',(36.3745783715213,3.37919937501274,12.5973312953461));
#3187=CARTESIAN_POINT('Ctrl Pts',(36.3745783715213,3.54734045420517,12.7016733343564));
#3188=CARTESIAN_POINT('Ctrl Pts',(36.3745783715213,3.7164959856693,12.8104956793353));
#3189=CARTESIAN_POINT('Ctrl Pts',(36.3745783715213,3.88700882720866,12.924129026443));
#3190=CARTESIAN_POINT('Ctrl Pts',(36.3745783715213,3.92460522435914,12.9491840569546));
#3191=CARTESIAN_POINT('Ctrl Pts',(36.3745783715213,3.96226769319123,12.9744731594347));
#3192=CARTESIAN_POINT('Ctrl Pts',(36.3745783715213,4.00000005960464,13.0000001937151));
#3193=CARTESIAN_POINT('Origin',(-12.9727164063952,43.4607940897966,12.6274347160303));
#3194=CARTESIAN_POINT('',(-15.2672635200121,43.4607940851848,14.8));
#3195=CARTESIAN_POINT('',(-15.2672635200121,43.4607940984625,10.4548810984689));
#3196=CARTESIAN_POINT('',(-15.2672635200121,43.4607940851848,6.00000008940697));
#3197=CARTESIAN_POINT('',(-15.1800960748882,43.4607940851848,10.4548694341491));
#3198=CARTESIAN_POINT('',(-15.1800960748882,43.4607940851848,10.4548694341491));
#3199=CARTESIAN_POINT('',(-10.6484775272774,43.4607940851848,14.7999999979115));
#3200=CARTESIAN_POINT('Origin',(-10.6227122138184,43.4607940851848,10.2375083949466));
#3201=CARTESIAN_POINT('',(-6.42817402546111,43.4607940851946,14.8));
#3202=CARTESIAN_POINT('Origin',(-15.2969552855031,44.4607941029853,10.4548850737638));
#3203=CARTESIAN_POINT('',(-15.2672635200121,44.4607940984625,10.4548811005574));
#3204=CARTESIAN_POINT('',(-15.2672635200121,44.4803973721261,10.4548811005984));
#3205=CARTESIAN_POINT('',(-15.1800960748783,44.4607940851848,10.4548694362376));
#3206=CARTESIAN_POINT('',(-15.1800960748783,44.4607940851848,10.4548694362376));
#3207=CARTESIAN_POINT('',(-15.1800960748783,44.4607940851848,10.4548694362376));
#3208=CARTESIAN_POINT('Origin',(-10.6227122138085,44.4607940851848,10.2375083970351));
#3209=CARTESIAN_POINT('',(-10.6484775272675,44.4607940851848,14.8));
#3210=CARTESIAN_POINT('Origin',(-10.6227122138085,44.4607940851848,10.2375083970351));
#3211=CARTESIAN_POINT('',(-10.6484773423594,43.9607940851624,14.8));
#3212=CARTESIAN_POINT('Origin',(-12.9727164063853,44.4607940897966,12.6274347181188));
#3213=CARTESIAN_POINT('',(-15.2672635200121,44.4607940851848,14.8));
#3214=CARTESIAN_POINT('',(-15.2672635200121,44.4607940851848,0.));
#3215=CARTESIAN_POINT('',(16.6013492445431,44.4607940851848,14.8));
#3216=CARTESIAN_POINT('Origin',(33.0863301336082,44.4607940851848,0.));
#3217=CARTESIAN_POINT('',(15.500000230968,44.4607940851848,-5.3));
#3218=CARTESIAN_POINT('',(16.5051742350371,44.4607940851848,-5.3));
#3219=CARTESIAN_POINT('',(15.500000230968,44.4607940704307,10.4548823953735));
#3220=CARTESIAN_POINT('',(15.500000230968,44.4607940851848,0.));
#3221=CARTESIAN_POINT('',(15.500000230968,44.4607940851848,14.8));
#3222=CARTESIAN_POINT('',(15.500000230968,44.4607940851848,0.));
#3223=CARTESIAN_POINT('',(10.8715224727423,44.4607940851848,14.7999999979115));
#3224=CARTESIAN_POINT('',(16.6013492445431,44.4607940851848,14.8));
#3225=CARTESIAN_POINT('',(16.6013492445431,44.4607940851848,14.8));
#3226=CARTESIAN_POINT('',(-15.2672635200121,44.4607940851848,-5.3));
#3227=CARTESIAN_POINT('',(-15.2672635200121,44.4607940851848,0.));
#3228=CARTESIAN_POINT('',(-33.2805144857751,44.4607940851848,-5.3));
#3229=CARTESIAN_POINT('',(16.5051742350371,44.4607940851848,-5.3));
#3230=CARTESIAN_POINT('',(-33.2805144857751,44.4607940851848,0.));
#3231=CARTESIAN_POINT('Origin',(13.1957613518601,44.4607940805729,12.6274347160303));
#3232=CARTESIAN_POINT('',(15.4031410203531,44.4607940851848,10.4548694341492));
#3233=CARTESIAN_POINT('',(15.4031410203531,44.4607940851848,10.4548694341492));
#3234=CARTESIAN_POINT('Origin',(10.8457571592833,44.4607940851848,10.2375083949466));
#3235=CARTESIAN_POINT('Origin',(15.520000230968,43.4607940673842,10.4548850737638));
#3236=CARTESIAN_POINT('',(15.500000230968,43.4607940704307,10.4548823974619));
#3237=CARTESIAN_POINT('',(15.500000230968,43.4431944140048,10.4548823974987));
#3238=CARTESIAN_POINT('',(15.4031410203432,43.4607940851848,10.4548694362376));
#3239=CARTESIAN_POINT('',(15.4031410203432,43.4607940851848,10.4548694362376));
#3240=CARTESIAN_POINT('',(15.4031410203432,43.4607940851848,10.4548694362376));
#3241=CARTESIAN_POINT('Origin',(10.8457571592734,43.4607940851848,10.2375083970351));
#3242=CARTESIAN_POINT('',(10.8715224727325,43.4607940851848,14.8));
#3243=CARTESIAN_POINT('Origin',(10.8457571592734,43.4607940851848,10.2375083970351));
#3244=CARTESIAN_POINT('',(10.8715222878251,43.9607940852071,14.8));
#3245=CARTESIAN_POINT('Origin',(13.1957613518502,43.4607940805729,12.6274347181188));
#3246=CARTESIAN_POINT('',(15.500000230968,43.4607940851848,14.8));
#3247=CARTESIAN_POINT('',(15.500000230968,43.4607940851848,0.));
#3248=CARTESIAN_POINT('',(6.6560648536616,43.4607940851749,14.8));
#3249=CARTESIAN_POINT('Origin',(0.116368355477936,43.9627977009461,14.8));
#3250=CARTESIAN_POINT('',(15.500000230968,43.4255947387906,14.8));
#3251=CARTESIAN_POINT('',(15.500000230968,43.4255947387906,14.8));
#3252=CARTESIAN_POINT('',(-15.2672635200121,43.4255947387906,14.8));
#3253=CARTESIAN_POINT('',(-15.2672635200121,43.4255947387906,14.8));
#3254=CARTESIAN_POINT('',(-15.2672635200121,44.5000006631017,14.8));
#3255=CARTESIAN_POINT('Origin',(33.0863301336082,43.4607940851848,0.));
#3256=CARTESIAN_POINT('',(15.500000230968,43.4607940851848,-5.3));
#3257=CARTESIAN_POINT('',(15.500000230968,43.4607940851848,0.));
#3258=CARTESIAN_POINT('',(33.044324193172,43.4607940851848,-5.3));
#3259=CARTESIAN_POINT('',(16.5051742350371,43.4607940851848,-5.3));
#3260=CARTESIAN_POINT('',(33.044324193172,43.4607940851848,15.0000001788139));
#3261=CARTESIAN_POINT('',(33.044324193172,43.4607940851848,0.));
#3262=CARTESIAN_POINT('',(15.500000230968,43.4607940851848,15.0000001788139));
#3263=CARTESIAN_POINT('',(34.705799743207,43.4607940851848,15.0000001788139));
#3264=CARTESIAN_POINT('',(15.500000230968,43.4607940851848,12.0000001788139));
#3265=CARTESIAN_POINT('Origin',(15.500000230968,43.4607940851848,12.0000001788139));
#3266=CARTESIAN_POINT('',(15.500000230968,43.4255947387906,15.0000001788139));
#3267=CARTESIAN_POINT('',(15.500000230968,25.2127974215494,15.0000001788139));
#3268=CARTESIAN_POINT('',(15.500000230968,43.4255947387906,12.0000001788139));
#3269=CARTESIAN_POINT('Origin',(15.500000230968,43.4255947387906,12.0000001788139));
#3270=CARTESIAN_POINT('',(-15.2672635200121,43.4255947387906,15.0000001788139));
#3271=CARTESIAN_POINT('',(-26.409081121017,43.4255947387906,15.0000001788139));
#3272=CARTESIAN_POINT('',(-15.2672635200121,43.4255947387906,12.0000001788139));
#3273=CARTESIAN_POINT('Origin',(-15.2672635200121,43.4255947387906,12.0000001788139));
#3274=CARTESIAN_POINT('',(-15.2672635200121,43.4607940851848,15.0000001788139));
#3275=CARTESIAN_POINT('',(-15.2672635200121,25.7500003837049,15.0000001788139));
#3276=CARTESIAN_POINT('',(-15.2672635200121,43.4607940851848,12.0000001788139));
#3277=CARTESIAN_POINT('Origin',(-37.5508987220218,7.00000010430813,15.0000001788139));
#3278=CARTESIAN_POINT('',(36.374578371516,39.3694311803904,15.0000001788139));
#3279=CARTESIAN_POINT('Origin',(32.7157703467418,39.7923124997917,15.0000001788139));
#3280=CARTESIAN_POINT('',(36.3745783715213,7.00000010430813,15.0000001788139));
#3281=CARTESIAN_POINT('',(36.3745783715213,-15.1220657776268,15.0000001788139));
#3282=CARTESIAN_POINT('',(-36.5508987220218,7.00000010430813,15.0000001788139));
#3283=CARTESIAN_POINT('',(-37.5508987220218,7.00000010430813,15.0000001788139));
#3284=CARTESIAN_POINT('',(-36.5508987220218,40.4817472461014,15.0000001788139));
#3285=CARTESIAN_POINT('',(-36.5508987220218,23.7626333468953,15.0000001788139));
#3286=CARTESIAN_POINT('',(-33.2805144857751,43.4607940851848,15.0000001788139));
#3287=CARTESIAN_POINT('Origin',(-33.2805144857751,40.1761641046496,15.0000001788139));
#3288=CARTESIAN_POINT('',(34.705799743207,43.4607940851848,15.0000001788139));
#3289=CARTESIAN_POINT('Origin',(15.500000230968,43.4255947387906,0.));
#3290=CARTESIAN_POINT('',(15.500000230968,22.5146033066811,-5.3));
#3291=CARTESIAN_POINT('Origin',(-0.0759816635339217,1.60361187457158,-5.3));
#3292=CARTESIAN_POINT('',(-15.2672635200121,43.4607940851848,-5.3));
#3293=CARTESIAN_POINT('',(-15.2672635200121,23.0518062688366,-5.3));
#3294=CARTESIAN_POINT('',(-33.2805144857751,43.4607940851848,-5.3));
#3295=CARTESIAN_POINT('',(16.5051742350371,43.4607940851848,-5.3));
#3296=CARTESIAN_POINT('',(-36.5508987220218,40.4817472461014,-5.3));
#3297=CARTESIAN_POINT('Origin',(-33.2805144857751,40.1761641046496,-5.3));
#3298=CARTESIAN_POINT('',(-36.5508987220218,-37.046804522568,-5.3));
#3299=CARTESIAN_POINT('',(-36.5508987220218,21.0644392320271,-5.3));
#3300=CARTESIAN_POINT('',(-33.1002349733341,-40.2442817749752,-5.3));
#3301=CARTESIAN_POINT('Origin',(-33.3441329085482,-37.046804522568,-5.3));
#3302=CARTESIAN_POINT('',(33.3745783147313,-40.2442817749752,-5.3));
#3303=CARTESIAN_POINT('',(-16.5703582121943,-40.2442817749752,-5.3));
#3304=CARTESIAN_POINT('',(36.3745783715213,-37.2441316595618,-5.3));
#3305=CARTESIAN_POINT('Origin',(33.3745783147313,-37.2442817153705,-5.3));
#3306=CARTESIAN_POINT('',(36.374578371516,39.3694311803904,-5.3));
#3307=CARTESIAN_POINT('',(36.3745783715213,-17.8202598924951,-5.3));
#3308=CARTESIAN_POINT('Origin',(32.7157703467418,39.7923124997917,-5.3));
#3309=CARTESIAN_POINT('',(33.3745783147313,-41.2442817749752,-5.3));
#3310=CARTESIAN_POINT('Origin',(33.3745783147313,-37.2442817153705,-5.3));
#3311=CARTESIAN_POINT('',(-33.0647347608546,-41.2442817749751,-5.3));
#3312=CARTESIAN_POINT('',(-16.5703582121943,-41.2442817749751,-5.3));
#3313=CARTESIAN_POINT('',(-37.5508987220218,-37.046804522568,-5.3));
#3314=CARTESIAN_POINT('Origin',(-33.3441329085482,-37.046804522568,-5.3));
#3315=CARTESIAN_POINT('',(-37.5508987220218,40.5252665894825,-5.3));
#3316=CARTESIAN_POINT('',(-37.5508987220218,21.0644392320271,-5.3));
#3317=CARTESIAN_POINT('Origin',(-33.2805144857751,40.1761641046496,-5.3));
#3318=CARTESIAN_POINT('Origin',(-15.2672635200121,44.5000006631017,0.));
#3319=CARTESIAN_POINT('',(-15.2672635200121,43.4607940851848,6.00000008940697));
#3320=CARTESIAN_POINT('Origin',(-33.0647347608546,-41.2442817749751,0.));
#3321=CARTESIAN_POINT('',(-33.0647347608546,-41.2442817749751,0.));
#3322=CARTESIAN_POINT('',(33.3745783147313,-41.2442817749752,0.));
#3323=CARTESIAN_POINT('Origin',(33.3745783147313,-37.2442817153705,0.));
#3324=CARTESIAN_POINT('Origin',(36.3745783715213,-37.2441316595618,0.));
#3325=CARTESIAN_POINT('',(36.3745783715213,-37.2441316595618,0.));
#3326=CARTESIAN_POINT('',(36.3745783715213,-37.2441316595618,9.00000013411045));
#3327=CARTESIAN_POINT('',(36.3745783715213,-37.2441316595618,0.));
#3328=CARTESIAN_POINT('',(36.3745783715213,7.00000010430813,9.00000013411045));
#3329=CARTESIAN_POINT('',(36.3745783715213,-37.1454680910649,9.00000013411045));
#3330=CARTESIAN_POINT('',(36.3745783715213,7.00000010430813,12.0000001788139));
#3331=CARTESIAN_POINT('',(36.374578371516,39.3694311803904,0.));
#3332=CARTESIAN_POINT('',(36.3745783715213,-37.2441316595618,0.));
#3333=CARTESIAN_POINT('Origin',(33.3745783147313,-37.2442817153705,0.));
#3334=CARTESIAN_POINT('',(33.3745783147313,-40.2442817749752,9.00000013411045));
#3335=CARTESIAN_POINT('',(33.3745783147313,-40.2442817749752,0.));
#3336=CARTESIAN_POINT('Origin',(33.3745783147313,-37.2442817153705,9.00000013411045));
#3337=CARTESIAN_POINT('Origin',(-33.0647347608546,-40.2442817749752,0.));
#3338=CARTESIAN_POINT('',(-33.1002349733341,-40.2442817749752,9.00000013411045));
#3339=CARTESIAN_POINT('',(-33.1002349733341,-40.2442817749752,0.));
#3340=CARTESIAN_POINT('',(-35.3078167414382,-40.2442817749752,9.00000013411045));
#3341=CARTESIAN_POINT('Origin',(-33.3441329085482,-37.046804522568,0.));
#3342=CARTESIAN_POINT('',(-36.5508987220218,-37.046804522568,9.00000013411045));
#3343=CARTESIAN_POINT('',(-36.5508987220218,-37.046804522568,0.));
#3344=CARTESIAN_POINT('Origin',(-33.3441329085482,-37.046804522568,9.00000013411045));
#3345=CARTESIAN_POINT('Origin',(-36.5465398322956,40.5252665894825,17.9619720633045));
#3346=CARTESIAN_POINT('',(33.044324193172,43.4607940851848,17.9619720633045));
#3347=CARTESIAN_POINT('',(36.3252693528058,40.5252665894825,17.9619720633045));
#3348=CARTESIAN_POINT('Origin',(32.7157703467418,39.7923124997917,17.9619720633045));
#3349=CARTESIAN_POINT('',(-33.2805144857751,43.4607940851848,17.9619720633045));
#3350=CARTESIAN_POINT('',(-1.73010484934369,43.4607940851848,17.9619720633045));
#3351=CARTESIAN_POINT('',(-36.5465398322956,40.5252665894825,17.9619720633045));
#3352=CARTESIAN_POINT('Origin',(-33.2805144857751,40.1761641046496,17.9619720633045));
#3353=CARTESIAN_POINT('',(-37.5508987220218,40.5252665894825,17.9619720633045));
#3354=CARTESIAN_POINT('Origin',(33.0863301336082,43.4607940851848,0.));
#3355=CARTESIAN_POINT('',(33.044324193172,43.4607940851848,0.));
#3356=CARTESIAN_POINT('',(-33.2805144857751,43.4607940851848,0.));
#3357=CARTESIAN_POINT('Origin',(33.0863301336082,43.4607940851848,0.));
#3358=CARTESIAN_POINT('',(-33.2805144857751,43.4607940851848,12.0000001788139));
#3359=CARTESIAN_POINT('Origin',(-33.2805144857751,40.1761641046496,0.));
#3360=CARTESIAN_POINT('',(-36.5508987220218,40.4817472461014,17.962045534171));
#3361=CARTESIAN_POINT('',(-36.5508987220218,40.4817472461014,0.));
#3362=CARTESIAN_POINT('Origin',(-33.2805144857751,40.1761641046496,17.9625614302404));
#3363=CARTESIAN_POINT('Origin',(-33.2805144857751,40.1761641046496,0.));
#3364=CARTESIAN_POINT('',(-36.5508987220218,40.4817472461014,0.));
#3365=CARTESIAN_POINT('Origin',(32.7157703467418,39.7923124997917,0.));
#3366=CARTESIAN_POINT('',(36.374578371516,39.3694311803904,17.9639233847735));
#3367=CARTESIAN_POINT('Origin',(32.7157703467418,39.7923124997917,17.9632094618473));
#3368=CARTESIAN_POINT('',(36.374578371516,39.3694311803904,0.));
#3369=CARTESIAN_POINT('Origin',(-33.3441329085482,-37.046804522568,0.));
#3370=CARTESIAN_POINT('',(-37.5508987220218,-37.046804522568,0.));
#3371=CARTESIAN_POINT('Origin',(-37.5508987220218,-37.046804522568,9.00000013411045));
#3372=CARTESIAN_POINT('',(-36.5508987220218,7.00000010430813,9.00000013411045));
#3373=CARTESIAN_POINT('',(-36.5508987220218,1.73923103345727,9.00000013411045));
#3374=CARTESIAN_POINT('',(-37.5508987220218,7.00000010430813,9.00000013411045));
#3375=CARTESIAN_POINT('Ctrl Pts',(-37.5508987220218,4.00000005960464,13.0000001937151));
#3376=CARTESIAN_POINT('Ctrl Pts',(37.2491012779782,4.00000005960464,13.0000001937151));
#3377=CARTESIAN_POINT('Ctrl Pts',(-37.5508987220218,2.68019083726297,12.1071111844983));
#3378=CARTESIAN_POINT('Ctrl Pts',(37.2491012779782,2.68019083726297,12.1071111844983));
#3379=CARTESIAN_POINT('Ctrl Pts',(-37.5508987220218,1.29494995113649,11.4032116668094));
#3380=CARTESIAN_POINT('Ctrl Pts',(37.2491012779782,1.29494995113649,11.4032116668094));
#3381=CARTESIAN_POINT('Ctrl Pts',(-37.5508987220218,-1.70539030518562,10.5010708983033));
#3382=CARTESIAN_POINT('Ctrl Pts',(37.2491012779782,-1.70539030518562,10.5010708983033));
#3383=CARTESIAN_POINT('Ctrl Pts',(-37.5508987220218,-3.25703638581209,10.2938847721614));
#3384=CARTESIAN_POINT('Ctrl Pts',(37.2491012779782,-3.25703638581209,10.2938847721614));
#3385=CARTESIAN_POINT('Ctrl Pts',(-37.5508987220218,-5.00000007450581,10.2938847721614));
#3386=CARTESIAN_POINT('Ctrl Pts',(37.2491012779782,-5.00000007450581,10.2938847721614));
#3387=CARTESIAN_POINT('',(-37.5508987220218,4.00000005960464,13.0000001937151));
#3388=CARTESIAN_POINT('Ctrl Pts',(-37.5508987220218,7.80721763000899,16.2062664380548));
#3389=CARTESIAN_POINT('Ctrl Pts',(37.2491012779782,7.80721763000899,16.2062664380548));
#3390=CARTESIAN_POINT('Ctrl Pts',(-37.5508987220218,6.88008626529194,15.5940913912239));
#3391=CARTESIAN_POINT('Ctrl Pts',(37.2491012779782,6.88008626529194,15.5940913912239));
#3392=CARTESIAN_POINT('Ctrl Pts',(-37.5508987220218,5.75153422065447,14.6276480443314));
#3393=CARTESIAN_POINT('Ctrl Pts',(37.2491012779782,5.75153422065447,14.6276480443314));
#3394=CARTESIAN_POINT('Ctrl Pts',(-37.5508987220218,4.00000005960464,13.0000001937151));
#3395=CARTESIAN_POINT('Ctrl Pts',(37.2491012779782,4.00000005960464,13.0000001937151));
#3396=CARTESIAN_POINT('',(-36.5508987220218,7.80721763000896,16.2062664380549));
#3397=CARTESIAN_POINT('',(-37.5508987220218,7.80721763000896,16.2062664380549));
#3398=CARTESIAN_POINT('Ctrl Pts',(-36.5508987220218,7.80721763000899,16.2062664380548));
#3399=CARTESIAN_POINT('Ctrl Pts',(-36.5508987220218,6.88008626529194,15.5940913912239));
#3400=CARTESIAN_POINT('Ctrl Pts',(-36.5508987220218,5.75153422065447,14.6276480443314));
#3401=CARTESIAN_POINT('Ctrl Pts',(-36.5508987220218,4.00000005960464,13.0000001937151));
#3402=CARTESIAN_POINT('Ctrl Pts',(-37.5508987220218,18.0000002682209,18.));
#3403=CARTESIAN_POINT('Ctrl Pts',(37.2491012779782,18.0000002682209,18.));
#3404=CARTESIAN_POINT('Ctrl Pts',(-37.5508987220218,9.80953861022511,17.4941373715288));
#3405=CARTESIAN_POINT('Ctrl Pts',(37.2491012779782,9.80953861022511,17.4941373715288));
#3406=CARTESIAN_POINT('Ctrl Pts',(-37.5508987220218,7.80721763000896,16.2062664380549));
#3407=CARTESIAN_POINT('Ctrl Pts',(37.2491012779782,7.80721763000896,16.2062664380549));
#3408=CARTESIAN_POINT('Ctrl Pts',(36.3745783715213,18.0000002682209,18.));
#3409=CARTESIAN_POINT('Ctrl Pts',(36.3745783715213,17.8700801058326,17.9919758180208));
#3410=CARTESIAN_POINT('Ctrl Pts',(36.3745783715214,17.7444741514901,17.984150600422));
#3411=CARTESIAN_POINT('Ctrl Pts',(36.3745783715214,17.6227714300759,17.9765042611799));
#3412=CARTESIAN_POINT('Ctrl Pts',(36.3745783715214,17.4960747132881,17.9685441591693));
#3413=CARTESIAN_POINT('Ctrl Pts',(36.3745783715213,17.373608385735,17.9607779292145));
#3414=CARTESIAN_POINT('Ctrl Pts',(36.3745783715213,17.25496666126,17.9531857092169));
#3415=CARTESIAN_POINT('Ctrl Pts',(36.3745783715213,17.1314171396833,17.9452794253815));
#3416=CARTESIAN_POINT('Ctrl Pts',(36.3745783715213,17.0120154374352,17.9375618578297));
#3417=CARTESIAN_POINT('Ctrl Pts',(36.3745783715213,16.896360872761,17.9300133595317));
#3418=CARTESIAN_POINT('Ctrl Pts',(36.3745783715213,16.7758829979274,17.922150055254));
#3419=CARTESIAN_POINT('Ctrl Pts',(36.3745783715213,16.6594715730523,17.9144702283643));
#3420=CARTESIAN_POINT('Ctrl Pts',(36.3745783715213,16.5467309374165,17.9069544371831));
#3421=CARTESIAN_POINT('Ctrl Pts',(36.3745783715213,16.4292497453655,17.8991226194698));
#3422=CARTESIAN_POINT('Ctrl Pts',(36.3745783715213,16.3157547845108,17.8914689345657));
#3423=CARTESIAN_POINT('Ctrl Pts',(36.3745783715213,16.2058553326481,17.8839741353458));
#3424=CARTESIAN_POINT('Ctrl Pts',(36.3745783715213,16.09129631542,17.8761615683275));
#3425=CARTESIAN_POINT('Ctrl Pts',(36.3745783715213,15.9806444092678,17.8685216578647));
#3426=CARTESIAN_POINT('Ctrl Pts',(36.3745783715213,15.8735137484115,17.8610353392474));
#3427=CARTESIAN_POINT('Ctrl Pts',(36.3745783715213,15.7618027120988,17.8532289427944));
#3428=CARTESIAN_POINT('Ctrl Pts',(36.3745783715213,15.6539207108142,17.8455895648802));
#3429=CARTESIAN_POINT('Ctrl Pts',(36.3745783715213,15.5494866530419,17.8380983093957));
#3430=CARTESIAN_POINT('Ctrl Pts',(36.3745783715213,15.4405495595382,17.8302840425121));
#3431=CARTESIAN_POINT('Ctrl Pts',(36.3745783715213,15.3353644112472,17.8226309593923));
#3432=CARTESIAN_POINT('Ctrl Pts',(36.3745783715213,15.2335548080763,17.815120316628));
#3433=CARTESIAN_POINT('Ctrl Pts',(36.3745783715213,15.1228601574435,17.8069542109667));
#3434=CARTESIAN_POINT('Ctrl Pts',(36.3745783715213,15.0161558129013,17.7989564867732));
#3435=CARTESIAN_POINT('Ctrl Pts',(36.3745783715213,14.9130224077365,17.7911061511994));
#3436=CARTESIAN_POINT('Ctrl Pts',(36.3745783715213,14.8073272093502,17.7830608163775));
#3437=CARTESIAN_POINT('Ctrl Pts',(36.3745783715214,14.7053830414617,17.7751703070172));
#3438=CARTESIAN_POINT('Ctrl Pts',(36.3745783715214,14.6067995952032,17.7674149592874));
#3439=CARTESIAN_POINT('Ctrl Pts',(36.3745783715214,14.5038634273579,17.7593171923102));
#3440=CARTESIAN_POINT('Ctrl Pts',(36.3745783715213,14.4045915911004,17.7513668002732));
#3441=CARTESIAN_POINT('Ctrl Pts',(36.3745783715213,14.3085997263453,17.7435442696937));
#3442=CARTESIAN_POINT('Ctrl Pts',(36.3745783715213,14.2083319435674,17.735373287716));
#3443=CARTESIAN_POINT('Ctrl Pts',(36.3745783715213,14.1116431381323,17.7273418263415));
#3444=CARTESIAN_POINT('Ctrl Pts',(36.3745783715213,14.0181547292031,17.7194304856959));
#3445=CARTESIAN_POINT('Ctrl Pts',(36.3745783715213,13.9204643026153,17.711163554518));
#3446=CARTESIAN_POINT('Ctrl Pts',(36.3745783715213,13.8262687208708,17.7030277993038));
#3447=CARTESIAN_POINT('Ctrl Pts',(36.3745783715213,13.7351950077452,17.6950038900949));
#3448=CARTESIAN_POINT('Ctrl Pts',(36.3745783715213,13.6399900951713,17.6866160079221));
#3449=CARTESIAN_POINT('Ctrl Pts',(36.3745783715213,13.5481969833111,17.6783503633653));
#3450=CARTESIAN_POINT('Ctrl Pts',(36.3745783715213,13.4594481178873,17.6701876438026));
#3451=CARTESIAN_POINT('Ctrl Pts',(36.3745783715213,13.3666355571131,17.6616511639065));
#3452=CARTESIAN_POINT('Ctrl Pts',(36.3745783715213,13.2771526948579,17.6532272651516));
#3453=CARTESIAN_POINT('Ctrl Pts',(36.3745783715213,13.1906372043008,17.6448965882652));
#3454=CARTESIAN_POINT('Ctrl Pts',(36.3745783715213,13.1001219074852,17.6361807653969));
#3455=CARTESIAN_POINT('Ctrl Pts',(36.3745783715213,13.0128549862762,17.6275669983763));
#3456=CARTESIAN_POINT('Ctrl Pts',(36.3745783715213,12.9284791300069,17.6190358025666));
#3457=CARTESIAN_POINT('Ctrl Pts',(36.3745783715213,12.8401633496314,17.6101062432259));
#3458=CARTESIAN_POINT('Ctrl Pts',(36.3745783715214,12.7550152185092,17.6012671618247));
#3459=CARTESIAN_POINT('Ctrl Pts',(36.3745783715214,12.6726822073835,17.5924988505256));
#3460=CARTESIAN_POINT('Ctrl Pts',(36.3745783715214,12.5864646332701,17.5833168405524));
#3461=CARTESIAN_POINT('Ctrl Pts',(36.3745783715214,12.503334371098,17.5742124521304));
#3462=CARTESIAN_POINT('Ctrl Pts',(36.3745783715214,12.4229434059168,17.5651656313678));
#3463=CARTESIAN_POINT('Ctrl Pts',(36.3745783715214,12.338718037057,17.5556873048666));
#3464=CARTESIAN_POINT('Ctrl Pts',(36.3745783715213,12.2574997937375,17.5462721851916));
#3465=CARTESIAN_POINT('Ctrl Pts',(36.3745783715213,12.178944863695,17.536899716546));
#3466=CARTESIAN_POINT('Ctrl Pts',(36.3745783715213,12.0946731379282,17.5268451711848));
#3467=CARTESIAN_POINT('Ctrl Pts',(36.3745783715213,12.013466561344,17.5168397200986));
#3468=CARTESIAN_POINT('Ctrl Pts',(36.3745783715213,11.9349613655464,17.506860605625));
#3469=CARTESIAN_POINT('Ctrl Pts',(36.3745783715213,11.8526510857018,17.4963978114547));
#3470=CARTESIAN_POINT('Ctrl Pts',(36.3745783715213,11.7733107330757,17.4859639905918));
#3471=CARTESIAN_POINT('Ctrl Pts',(36.3745783715213,11.6965817633414,17.4755354296643));
#3472=CARTESIAN_POINT('Ctrl Pts',(36.3745783715213,11.6160811365607,17.464594246771));
#3473=CARTESIAN_POINT('Ctrl Pts',(36.3745783715214,11.538455261696,17.4536588774727));
#3474=CARTESIAN_POINT('Ctrl Pts',(36.3745783715214,11.4633500777357,17.4427042798122));
#3475=CARTESIAN_POINT('Ctrl Pts',(36.3745783715214,11.3844935333516,17.4312025209311));
#3476=CARTESIAN_POINT('Ctrl Pts',(36.3745783715214,11.3084161063568,17.4196795917183));
#3477=CARTESIAN_POINT('Ctrl Pts',(36.3745783715214,11.2347672968242,17.4081086269804));
#3478=CARTESIAN_POINT('Ctrl Pts',(36.3745783715214,11.1573704319501,17.3959488052539));
#3479=CARTESIAN_POINT('Ctrl Pts',(36.3745783715214,11.0826559944165,17.3837359657348));
#3480=CARTESIAN_POINT('Ctrl Pts',(36.3745783715214,11.0102758600259,17.3714407529854));
#3481=CARTESIAN_POINT('Ctrl Pts',(36.3745783715214,10.9341282587946,17.3585055606792));
#3482=CARTESIAN_POINT('Ctrl Pts',(36.3745783715214,10.8605646242634,17.345479234674));
#3483=CARTESIAN_POINT('Ctrl Pts',(36.3745783715214,10.7892376349149,17.3323290128774));
#3484=CARTESIAN_POINT('Ctrl Pts',(36.3745783715214,10.7140923484969,17.3184748295957));
#3485=CARTESIAN_POINT('Ctrl Pts',(36.3745783715214,10.6414299199411,17.3044831787565));
#3486=CARTESIAN_POINT('Ctrl Pts',(36.3745783715214,10.5709016736266,17.2903166043616));
#3487=CARTESIAN_POINT('Ctrl Pts',(36.3745783715214,10.4943539839962,17.2749409414666));
#3488=CARTESIAN_POINT('Ctrl Pts',(36.3745783715214,10.4203204285432,17.2593592927822));
#3489=CARTESIAN_POINT('Ctrl Pts',(36.3745783715214,10.3484178847652,17.2435238016765));
#3490=CARTESIAN_POINT('Ctrl Pts',(36.3745783715214,10.2723329597377,17.2267672018368));
#3491=CARTESIAN_POINT('Ctrl Pts',(36.3745783715214,10.1986345971431,17.2097264735806));
#3492=CARTESIAN_POINT('Ctrl Pts',(36.3745783715214,10.1269314837975,17.192343552709));
#3493=CARTESIAN_POINT('Ctrl Pts',(36.3745783715214,10.050747411455,17.1738743170033));
#3494=CARTESIAN_POINT('Ctrl Pts',(36.3745783715214,9.97681621767804,17.1550189380248));
#3495=CARTESIAN_POINT('Ctrl Pts',(36.3745783715214,9.90473019632824,17.1357042221451));
#3496=CARTESIAN_POINT('Ctrl Pts',(36.3745783715214,9.82769005999324,17.1150621015678));
#3497=CARTESIAN_POINT('Ctrl Pts',(36.3745783715214,9.75275794929164,17.0938955891248));
#3498=CARTESIAN_POINT('Ctrl Pts',(36.3745783715214,9.67949671291752,17.0721081765393));
#3499=CARTESIAN_POINT('Ctrl Pts',(36.3745783715214,9.60059970541769,17.0486447224776));
#3500=CARTESIAN_POINT('Ctrl Pts',(36.3745783715214,9.52364119257407,17.0244616036661));
#3501=CARTESIAN_POINT('Ctrl Pts',(36.3745783715214,9.44813365680564,16.9994247468153));
#3502=CARTESIAN_POINT('Ctrl Pts',(36.3745783715214,9.36403008094721,16.971537607234));
#3503=CARTESIAN_POINT('Ctrl Pts',(36.3745783715214,9.281727534608,16.9425922929422));
#3504=CARTESIAN_POINT('Ctrl Pts',(36.3745783715214,9.20061020846638,16.9123755679454));
#3505=CARTESIAN_POINT('Ctrl Pts',(36.3745783715214,9.11871204423482,16.8818679757448));
#3506=CARTESIAN_POINT('Ctrl Pts',(36.3745783715214,9.03802400072972,16.8500652622678));
#3507=CARTESIAN_POINT('Ctrl Pts',(36.3745783715214,8.95794439692355,16.8167068432687));
#3508=CARTESIAN_POINT('Ctrl Pts',(36.3745783715214,8.88300882465443,16.7854912515465));
#3509=CARTESIAN_POINT('Ctrl Pts',(36.3745783715214,8.80860766000393,16.7529137664711));
#3510=CARTESIAN_POINT('Ctrl Pts',(36.3745783715214,8.73424992292913,16.7187169852782));
#3511=CARTESIAN_POINT('Ctrl Pts',(36.3745783715214,8.66582686411888,16.6872495353162));
#3512=CARTESIAN_POINT('Ctrl Pts',(36.3745783715214,8.59744152908697,16.6544111341968));
#3513=CARTESIAN_POINT('Ctrl Pts',(36.3745783715214,8.52869611157114,16.6199593387572));
#3514=CARTESIAN_POINT('Ctrl Pts',(36.3745783715214,8.46726606747843,16.5891736458426));
#3515=CARTESIAN_POINT('Ctrl Pts',(36.3745783715213,8.40554889157499,16.557099586538));
#3516=CARTESIAN_POINT('Ctrl Pts',(36.3745783715213,8.34323972043586,16.5235290023617));
#3517=CARTESIAN_POINT('Ctrl Pts',(36.3745783715213,8.28425872988682,16.4917515565728));
#3518=CARTESIAN_POINT('Ctrl Pts',(36.3745783715214,8.22474773644373,16.4586334324759));
#3519=CARTESIAN_POINT('Ctrl Pts',(36.3745783715214,8.16442233987867,16.4239630316132));
#3520=CARTESIAN_POINT('Ctrl Pts',(36.3745783715214,8.10675408590318,16.3908197520622));
#3521=CARTESIAN_POINT('Ctrl Pts',(36.3745783715214,8.04834202765984,16.3562582429181));
#3522=CARTESIAN_POINT('Ctrl Pts',(36.3745783715214,7.98890724179817,16.3200566966838));
#3523=CARTESIAN_POINT('Ctrl Pts',(36.3745783715214,7.93364894447025,16.2863990368379));
#3524=CARTESIAN_POINT('Ctrl Pts',(36.3745783715213,7.87750682663051,16.2513238567939));
#3525=CARTESIAN_POINT('Ctrl Pts',(36.3745783715213,7.82022549763079,16.2146174850316));
#3526=CARTESIAN_POINT('Ctrl Pts',(36.3745783715213,7.81589610593157,16.2118431733319));
#3527=CARTESIAN_POINT('Ctrl Pts',(36.3745783715213,7.81156018965748,16.2090595248794));
#3528=CARTESIAN_POINT('Ctrl Pts',(36.3745783715213,7.80721763000896,16.2062664380549));
#3529=CARTESIAN_POINT('',(-37.5508987220218,18.0000002682209,18.));
#3530=CARTESIAN_POINT('Ctrl Pts',(-36.5508987220218,7.80721763000896,16.2062664380549));
#3531=CARTESIAN_POINT('Ctrl Pts',(-36.5508987220218,7.86617693756321,16.2441884191993));
#3532=CARTESIAN_POINT('Ctrl Pts',(-36.5508987220218,7.92391494622196,16.2803742117009));
#3533=CARTESIAN_POINT('Ctrl Pts',(-36.5508987220218,7.98070999903483,16.3150573259626));
#3534=CARTESIAN_POINT('Ctrl Pts',(-36.5508987220218,8.04110210072512,16.3519370550886));
#3535=CARTESIAN_POINT('Ctrl Pts',(-36.5508987220218,8.1004276501737,16.3871174782475));
#3536=CARTESIAN_POINT('Ctrl Pts',(-36.5508987220218,8.15897929235707,16.4208318400083));
#3537=CARTESIAN_POINT('Ctrl Pts',(-36.5508987220218,8.2215044989761,16.456834202308));
#3538=CARTESIAN_POINT('Ctrl Pts',(-36.5508987220218,8.28314676566386,16.4911645180759));
#3539=CARTESIAN_POINT('Ctrl Pts',(-36.5508987220218,8.34422240956589,16.5240583522733));
#3540=CARTESIAN_POINT('Ctrl Pts',(-36.5508987220218,8.4098447046211,16.5594009005509));
#3541=CARTESIAN_POINT('Ctrl Pts',(-36.5508987220218,8.4748123406871,16.5930849063741));
#3542=CARTESIAN_POINT('Ctrl Pts',(-36.5508987220218,8.5394806432731,16.6253522349611));
#3543=CARTESIAN_POINT('Ctrl Pts',(-36.5508987220218,8.6095353799234,16.6603072146989));
#3544=CARTESIAN_POINT('Ctrl Pts',(-36.5508987220218,8.67923808242054,16.6935994829908));
#3545=CARTESIAN_POINT('Ctrl Pts',(-36.5508987220218,8.74900893955599,16.7254830301807));
#3546=CARTESIAN_POINT('Ctrl Pts',(-36.5508987220218,8.82496734429642,16.7601941328021));
#3547=CARTESIAN_POINT('Ctrl Pts',(-36.5508987220218,8.90100527196381,16.7932353446636));
#3548=CARTESIAN_POINT('Ctrl Pts',(-36.5508987220218,8.97764525706721,16.8248770217113));
#3549=CARTESIAN_POINT('Ctrl Pts',(-36.5508987220218,9.05751600496583,16.8578525553986));
#3550=CARTESIAN_POINT('Ctrl Pts',(-36.5508987220218,9.13803875124802,16.8893074382686));
#3551=CARTESIAN_POINT('Ctrl Pts',(-36.5508987220218,9.21980960242782,16.9194954788884));
#3552=CARTESIAN_POINT('Ctrl Pts',(-36.5508987220218,9.29581320420436,16.9475543749935));
#3553=CARTESIAN_POINT('Ctrl Pts',(-36.5508987220218,9.37289382434577,16.9745178125666));
#3554=CARTESIAN_POINT('Ctrl Pts',(-36.5508987220218,9.45155611532639,17.0005586531959));
#3555=CARTESIAN_POINT('Ctrl Pts',(-36.5508987220218,9.52390891064359,17.0245107602151));
#3556=CARTESIAN_POINT('Ctrl Pts',(-36.5508987220218,9.59759916348097,17.0476817613519));
#3557=CARTESIAN_POINT('Ctrl Pts',(-36.5508987220218,9.67305474854308,17.0701894889286));
#3558=CARTESIAN_POINT('Ctrl Pts',(-36.5508987220218,9.74310822626038,17.0910858160986));
#3559=CARTESIAN_POINT('Ctrl Pts',(-36.5508987220218,9.8146828764349,17.111410131053));
#3560=CARTESIAN_POINT('Ctrl Pts',(-36.5508987220218,9.88816005155365,17.1312475399981));
#3561=CARTESIAN_POINT('Ctrl Pts',(-36.5508987220218,9.95693201976083,17.1498146345425));
#3562=CARTESIAN_POINT('Ctrl Pts',(-36.5508987220218,10.0273703080796,17.1679550047853));
#3563=CARTESIAN_POINT('Ctrl Pts',(-36.5508987220218,10.0998283913695,17.1857333589918));
#3564=CARTESIAN_POINT('Ctrl Pts',(-36.5508987220218,10.1680209488431,17.2024651214945));
#3565=CARTESIAN_POINT('Ctrl Pts',(-36.5508987220218,10.2380021944128,17.2188761226482));
#3566=CARTESIAN_POINT('Ctrl Pts',(-36.5508987220218,10.3101086228014,17.2350176537004));
#3567=CARTESIAN_POINT('Ctrl Pts',(-36.5508987220218,10.3782226033175,17.2502654472213));
#3568=CARTESIAN_POINT('Ctrl Pts',(-36.5508987220218,10.4482326681744,17.2652727089432));
#3569=CARTESIAN_POINT('Ctrl Pts',(-36.5508987220218,10.5204649840273,17.2800815361959));
#3570=CARTESIAN_POINT('Ctrl Pts',(-36.5508987220218,10.5888745035965,17.2941066265696));
#3571=CARTESIAN_POINT('Ctrl Pts',(-36.5508987220218,10.659277017979,17.3079536766791));
#3572=CARTESIAN_POINT('Ctrl Pts',(-36.5508987220218,10.7319926277187,17.3216582937792));
#3573=CARTESIAN_POINT('Ctrl Pts',(-36.5508987220218,10.8009891522195,17.3346619796852));
#3574=CARTESIAN_POINT('Ctrl Pts',(-36.5508987220218,10.8720679613006,17.347537389766));
#3575=CARTESIAN_POINT('Ctrl Pts',(-36.5508987220218,10.945545935559,17.3603154500411));
#3576=CARTESIAN_POINT('Ctrl Pts',(-36.5508987220218,11.0153648662018,17.3724571906524));
#3577=CARTESIAN_POINT('Ctrl Pts',(-36.5508987220218,11.0873497190034,17.3845110047038));
#3578=CARTESIAN_POINT('Ctrl Pts',(-36.5508987220218,11.1618161221679,17.3965043887203));
#3579=CARTESIAN_POINT('Ctrl Pts',(-36.5508987220218,11.2326534869905,17.4079132883439));
#3580=CARTESIAN_POINT('Ctrl Pts',(-36.5508987220218,11.3057361825842,17.4192674793292));
#3581=CARTESIAN_POINT('Ctrl Pts',(-36.5508987220218,11.3813799857193,17.4305919182578));
#3582=CARTESIAN_POINT('Ctrl Pts',(-36.5508987220218,11.4534033522299,17.4413743509446));
#3583=CARTESIAN_POINT('Ctrl Pts',(-36.5508987220218,11.5277482963177,17.4521297903074));
#3584=CARTESIAN_POINT('Ctrl Pts',(-36.5508987220218,11.6047317674011,17.4628812988279));
#3585=CARTESIAN_POINT('Ctrl Pts',(-36.5508987220218,11.6780876441505,17.4731261776674));
#3586=CARTESIAN_POINT('Ctrl Pts',(-36.5508987220218,11.7538390055417,17.4833674690612));
#3587=CARTESIAN_POINT('Ctrl Pts',(-36.5508987220218,11.8323047407107,17.493626818687));
#3588=CARTESIAN_POINT('Ctrl Pts',(-36.5508987220218,11.9071237624332,17.5034093626325));
#3589=CARTESIAN_POINT('Ctrl Pts',(-36.5508987220218,11.9844104827386,17.5132083088833));
#3590=CARTESIAN_POINT('Ctrl Pts',(-36.5508987220218,12.0644863187223,17.5230442444127));
#3591=CARTESIAN_POINT('Ctrl Pts',(-36.5508987220218,12.1408869828393,17.5324287484573));
#3592=CARTESIAN_POINT('Ctrl Pts',(-36.5508987220218,12.2198263836728,17.5418469093169));
#3593=CARTESIAN_POINT('Ctrl Pts',(-36.5508987220218,12.301628928064,17.5513185275002));
#3594=CARTESIAN_POINT('Ctrl Pts',(-36.5508987220218,12.3797203547019,17.5603604488979));
#3595=CARTESIAN_POINT('Ctrl Pts',(-36.5508987220218,12.460420800301,17.5694510731937));
#3596=CARTESIAN_POINT('Ctrl Pts',(-36.5508987220218,12.5440580326566,17.578609623862));
#3597=CARTESIAN_POINT('Ctrl Pts',(-36.5508987220218,12.6239420483057,17.5873571850176));
#3598=CARTESIAN_POINT('Ctrl Pts',(-36.5508987220218,12.7065049546,17.5961666995752));
#3599=CARTESIAN_POINT('Ctrl Pts',(-36.5508987220218,12.7920781859785,17.6050569768485));
#3600=CARTESIAN_POINT('Ctrl Pts',(-36.5508987220218,12.8738509273458,17.6135524179163));
#3601=CARTESIAN_POINT('Ctrl Pts',(-36.5508987220218,12.9583723079613,17.6221215944473));
#3602=CARTESIAN_POINT('Ctrl Pts',(-36.5508987220218,13.0459776868749,17.6307830295664));
#3603=CARTESIAN_POINT('Ctrl Pts',(-36.5508987220218,13.1297308571457,17.6390636015966));
#3604=CARTESIAN_POINT('Ctrl Pts',(-36.5508987220218,13.2163025343627,17.6474284844696));
#3605=CARTESIAN_POINT('Ctrl Pts',(-36.5508987220218,13.3060322252619,17.655896016669));
#3606=CARTESIAN_POINT('Ctrl Pts',(-36.5508987220218,13.3918540938641,17.6639947789461));
#3607=CARTESIAN_POINT('Ctrl Pts',(-36.5508987220218,13.4805646626372,17.6721874320505));
#3608=CARTESIAN_POINT('Ctrl Pts',(-36.5508987220218,13.5725077835645,17.6804922111904));
#3609=CARTESIAN_POINT('Ctrl Pts',(-36.5508987220218,13.6604839935602,17.688438678378));
#3610=CARTESIAN_POINT('Ctrl Pts',(-36.5508987220218,13.7514196005527,17.6964877928823));
#3611=CARTESIAN_POINT('Ctrl Pts',(-36.5508987220218,13.845662980757,17.7046577524728));
#3612=CARTESIAN_POINT('Ctrl Pts',(-36.5508987220218,13.9358772098923,17.7124784249161));
#3613=CARTESIAN_POINT('Ctrl Pts',(-36.5508987220218,14.0291221919394,17.7204098185494));
#3614=CARTESIAN_POINT('Ctrl Pts',(-36.5508987220218,14.1257509929488,17.7284701475094));
#3615=CARTESIAN_POINT('Ctrl Pts',(-36.5508987220218,14.2182855019753,17.7361889495137));
#3616=CARTESIAN_POINT('Ctrl Pts',(-36.5508987220218,14.3139229163738,17.7440259802083));
#3617=CARTESIAN_POINT('Ctrl Pts',(-36.5508987220218,14.4130211481909,17.751999514528));
#3618=CARTESIAN_POINT('Ctrl Pts',(-36.5508987220218,14.5079572414068,17.7596381593712));
#3619=CARTESIAN_POINT('Ctrl Pts',(-36.5508987220218,14.6060693120527,17.7674020705637));
#3620=CARTESIAN_POINT('Ctrl Pts',(-36.5508987220218,14.7077202679033,17.7753096209282));
#3621=CARTESIAN_POINT('Ctrl Pts',(-36.5508987220218,14.807031323124,17.7830351476028));
#3622=CARTESIAN_POINT('Ctrl Pts',(-36.5508987220218,14.9097197904898,17.7908977559203));
#3623=CARTESIAN_POINT('Ctrl Pts',(-36.5508987220218,15.0161761348492,17.798917073517));
#3624=CARTESIAN_POINT('Ctrl Pts',(-36.5508987220218,15.1141078810876,17.8062942362462));
#3625=CARTESIAN_POINT('Ctrl Pts',(-36.5508987220218,15.2152283348173,17.8138040204686));
#3626=CARTESIAN_POINT('Ctrl Pts',(-36.5508987220218,15.3198873699544,17.8214639108656));
#3627=CARTESIAN_POINT('Ctrl Pts',(-36.5508987220218,15.4205788928496,17.8288334229988));
#3628=CARTESIAN_POINT('Ctrl Pts',(-36.5508987220218,15.5245455616196,17.8363418648593));
#3629=CARTESIAN_POINT('Ctrl Pts',(-36.5508987220218,15.6321446938822,17.8440070079792));
#3630=CARTESIAN_POINT('Ctrl Pts',(-36.5508987220218,15.7356945635631,17.8513836898767));
#3631=CARTESIAN_POINT('Ctrl Pts',(-36.5508987220218,15.8426084040665,17.8589054891254));
#3632=CARTESIAN_POINT('Ctrl Pts',(-36.5508987220218,15.9532512513227,17.8665904885));
#3633=CARTESIAN_POINT('Ctrl Pts',(-36.5508987220218,16.0597602065186,17.8739883571771));
#3634=CARTESIAN_POINT('Ctrl Pts',(-36.5508987220218,16.1697244826703,17.8815374468885));
#3635=CARTESIAN_POINT('Ctrl Pts',(-36.5508987220218,16.2835171181327,17.8892561746905));
#3636=CARTESIAN_POINT('Ctrl Pts',(-36.5508987220218,16.3930883180714,17.8966885560906));
#3637=CARTESIAN_POINT('Ctrl Pts',(-36.5508987220218,16.5062088541685,17.9042782107194));
#3638=CARTESIAN_POINT('Ctrl Pts',(-36.5508987220218,16.6232600618657,17.9120439119734));
#3639=CARTESIAN_POINT('Ctrl Pts',(-36.5508987220218,16.7338136512521,17.9193785321334));
#3640=CARTESIAN_POINT('Ctrl Pts',(-36.5508987220218,16.847873557407,17.9268701925851));
#3641=CARTESIAN_POINT('Ctrl Pts',(-36.5508987220218,16.9658069889753,17.9345369284918));
#3642=CARTESIAN_POINT('Ctrl Pts',(-36.5508987220218,17.0800848028907,17.9419660163054));
#3643=CARTESIAN_POINT('Ctrl Pts',(-36.5508987220218,17.1979994497724,17.9495594806179));
#3644=CARTESIAN_POINT('Ctrl Pts',(-36.5508987220218,17.319932231481,17.9573360115507));
#3645=CARTESIAN_POINT('Ctrl Pts',(-36.5508987220218,17.4358331418639,17.9647278466429));
#3646=CARTESIAN_POINT('Ctrl Pts',(-36.5508987220218,17.5553643589311,17.972285078483));
#3647=CARTESIAN_POINT('Ctrl Pts',(-36.5508987220218,17.6788992103416,17.9800259755989));
#3648=CARTESIAN_POINT('Ctrl Pts',(-36.5508987220218,17.7830049179103,17.9865494105831));
#3649=CARTESIAN_POINT('Ctrl Pts',(-36.5508987220218,17.8899545152067,17.9932033093864));
#3650=CARTESIAN_POINT('Ctrl Pts',(-36.5508987220218,18.0000002682209,18.));
#3651=CARTESIAN_POINT('Origin',(-37.5508987220218,7.00000010430813,9.00000013411045));
#3652=CARTESIAN_POINT('',(-36.5508987220218,7.00000010430813,4.50000006705523));
#3653=CARTESIAN_POINT('Origin',(-37.5508987220218,40.5252665894825,17.9619720633045));
#3654=CARTESIAN_POINT('',(-36.5508987220218,40.5404285587132,17.9619464663416));
#3655=CARTESIAN_POINT('',(36.3745783715214,1.65584026057433,18.0275927784048));
#3656=CARTESIAN_POINT('Origin',(32.7157703467418,39.7923124997917,0.));
#3657=CARTESIAN_POINT('Origin',(36.3745783715213,-37.2441316595618,0.));
#3658=CARTESIAN_POINT('Origin',(36.3745783715213,-37.2441316595618,0.));
#3659=CARTESIAN_POINT('Origin',(-36.5508987220218,40.5252665894825,0.));
#3660=CARTESIAN_POINT('Origin',(-36.5508987220218,40.5252665894825,0.));
#3661=CARTESIAN_POINT('Ctrl Pts',(-36.5508987220218,18.0000002682209,18.));
#3662=CARTESIAN_POINT('Ctrl Pts',(-36.5508987220218,12.6882184269343,17.7215512251663));
#3663=CARTESIAN_POINT('Ctrl Pts',(-36.5508987220218,10.7551480762494,17.5002170124282));
#3664=CARTESIAN_POINT('Ctrl Pts',(-36.5508987220218,8.85095924424825,16.8201496089095));
#3665=CARTESIAN_POINT('Ctrl Pts',(-36.5508987220218,8.35049148624797,16.5649844267259));
#3666=CARTESIAN_POINT('Ctrl Pts',(-36.5508987220218,7.80721763000899,16.2062664380548));
#3667=CARTESIAN_POINT('Origin',(-37.5508987220218,40.5252665894825,0.));
#3668=CARTESIAN_POINT('',(-37.5508987220218,40.5252665894825,0.));
#3669=CARTESIAN_POINT('Ctrl Pts',(-35.8508987220218,18.0000002682209,18.));
#3670=CARTESIAN_POINT('Ctrl Pts',(-38.8508987220218,18.0000002682209,18.));
#3671=CARTESIAN_POINT('Ctrl Pts',(-35.8508987220218,8.86526975724014,17.5211485344808));
#3672=CARTESIAN_POINT('Ctrl Pts',(-38.8508987220218,8.86526975724014,17.5211485344808));
#3673=CARTESIAN_POINT('Ctrl Pts',(-35.8508987220218,4.00000005960464,13.0000001937151));
#3674=CARTESIAN_POINT('Ctrl Pts',(-38.8508987220218,4.00000005960464,13.0000001937151));
#3675=CARTESIAN_POINT('Ctrl Pts',(-35.8508987220218,2.70929743042021,11.8005891819894));
#3676=CARTESIAN_POINT('Ctrl Pts',(-38.8508987220218,2.70929743042021,11.8005891819894));
#3677=CARTESIAN_POINT('Ctrl Pts',(-35.8508987220218,1.41859480123578,10.6011781702638));
#3678=CARTESIAN_POINT('Ctrl Pts',(-38.8508987220218,1.41859480123578,10.6011781702638));
#3679=CARTESIAN_POINT('Origin',(-36.5508987220218,40.5252665894825,0.));
#3680=CARTESIAN_POINT('Origin',(-33.2805144857751,40.1761641046496,0.));
#3681=CARTESIAN_POINT('Origin',(31.6179404532153,-30.8344293288831,6.66173647164013));
#3682=CARTESIAN_POINT('',(32.6556904532153,-30.8344293288831,6.35000017881393));
#3683=CARTESIAN_POINT('Origin',(31.6179404532153,-30.8344293288831,6.35000017881393));
#3684=CARTESIAN_POINT('',(31.6179404532153,-30.8344293288831,6.97354328620978));
#3685=CARTESIAN_POINT('',(32.1368741371607,-30.8344293288831,6.66173647164013));
#3686=CARTESIAN_POINT('Origin',(31.6179404532153,-30.8344293288831,2.35000017881393));
#3687=CARTESIAN_POINT('',(32.6556904532153,-30.8344293288831,-1.64999982118607));
#3688=CARTESIAN_POINT('Origin',(31.6179404532153,-30.8344293288831,-1.64999982118607));
#3689=CARTESIAN_POINT('',(32.6556904532153,-30.8344293288831,2.35000017881393));
#3690=CARTESIAN_POINT('Origin',(31.6179404532153,-30.8344293288831,-1.64999982118607));
#3691=CARTESIAN_POINT('',(30.3046834466572,-30.8344293288831,-1.64999982118607));
#3692=CARTESIAN_POINT('Origin',(31.6179404532153,-30.8344293288831,-1.64999982118607));
#3693=CARTESIAN_POINT('Origin',(31.6179404532153,-30.8344293288831,8.20000017881394));
#3694=CARTESIAN_POINT('',(30.3046834466572,-30.8344293288831,10.2000001788139));
#3695=CARTESIAN_POINT('',(30.3046834466572,-30.8344293288831,8.20000017881394));
#3696=CARTESIAN_POINT('Origin',(31.6179404532153,-30.8344293288831,10.2000001788139));
#3697=CARTESIAN_POINT('Origin',(31.6179404532153,-30.8344293288831,10.2000001788139));
#3698=CARTESIAN_POINT('Origin',(31.8979404532153,39.1655706711169,6.79013058225162));
#3699=CARTESIAN_POINT('',(33.3629404532153,39.1655706711169,6.35000017881393));
#3700=CARTESIAN_POINT('Origin',(31.8979404532153,39.1655706711169,6.35000017881393));
#3701=CARTESIAN_POINT('',(31.8979404532153,39.1655706711169,7.23026098568931));
#3702=CARTESIAN_POINT('',(32.6304404532153,39.1655706711169,6.79013058225162));
#3703=CARTESIAN_POINT('Origin',(31.8979404532153,39.1655706711169,2.35000017881393));
#3704=CARTESIAN_POINT('',(33.3629404532153,39.1655706711169,-1.64999982118607));
#3705=CARTESIAN_POINT('Origin',(31.8979404532153,39.1655706711169,-1.64999982118607));
#3706=CARTESIAN_POINT('',(33.3629404532153,39.1655706711169,2.35000017881393));
#3707=CARTESIAN_POINT('Origin',(31.8979404532153,39.1655706711169,-1.64999982118607));
#3708=CARTESIAN_POINT('',(29.9846834466572,39.1655706711169,-1.64999982118607));
#3709=CARTESIAN_POINT('Origin',(31.8979404532153,39.1655706711169,-1.64999982118607));
#3710=CARTESIAN_POINT('Origin',(31.8979404532153,39.1655706711169,16.2000001788139));
#3711=CARTESIAN_POINT('',(29.9846834466572,39.1655706711169,16.2000001788139));
#3712=CARTESIAN_POINT('Origin',(31.8979404532153,39.1655706711169,16.2000001788139));
#3713=CARTESIAN_POINT('Origin',(31.8979404532153,39.1655706711169,10.2000001788139));
#3714=CARTESIAN_POINT('',(29.9846834466572,39.1655706711169,10.2000001788139));
#3715=CARTESIAN_POINT('Origin',(-32.4020595467846,39.1655706711169,6.79013058225162));
#3716=CARTESIAN_POINT('',(-30.9370595467847,39.1655706711169,6.35000017881393));
#3717=CARTESIAN_POINT('Origin',(-32.4020595467846,39.1655706711169,6.35000017881393));
#3718=CARTESIAN_POINT('',(-32.4020595467846,39.1655706711169,7.23026098568931));
#3719=CARTESIAN_POINT('',(-31.6695595467847,39.1655706711169,6.79013058225162));
#3720=CARTESIAN_POINT('Origin',(-32.4020595467846,39.1655706711169,2.35000017881393));
#3721=CARTESIAN_POINT('',(-30.9370595467847,39.1655706711169,-1.64999982118607));
#3722=CARTESIAN_POINT('Origin',(-32.4020595467846,39.1655706711169,-1.64999982118607));
#3723=CARTESIAN_POINT('',(-30.9370595467847,39.1655706711169,2.35000017881393));
#3724=CARTESIAN_POINT('Origin',(-32.4020595467846,39.1655706711169,-1.64999982118607));
#3725=CARTESIAN_POINT('',(-34.3153165533428,39.1655706711169,-1.64999982118607));
#3726=CARTESIAN_POINT('Origin',(-32.4020595467846,39.1655706711169,-1.64999982118607));
#3727=CARTESIAN_POINT('Origin',(-32.4020595467846,39.1655706711169,16.2000001788139));
#3728=CARTESIAN_POINT('',(-34.3153165533428,39.1655706711169,16.2000001788139));
#3729=CARTESIAN_POINT('Origin',(-32.4020595467846,39.1655706711169,16.2000001788139));
#3730=CARTESIAN_POINT('Origin',(-32.4020595467846,39.1655706711169,10.2000001788139));
#3731=CARTESIAN_POINT('',(-34.3153165533428,39.1655706711169,10.2000001788139));
#3732=CARTESIAN_POINT('Origin',(-32.4020595467846,39.1655706711169,6.79013058225162));
#3733=CARTESIAN_POINT('',(-30.9370595467847,39.1655706711169,6.35000017881393));
#3734=CARTESIAN_POINT('Origin',(-32.4020595467846,39.1655706711169,6.35000017881393));
#3735=CARTESIAN_POINT('',(-32.4020595467846,39.1655706711169,7.23026098568931));
#3736=CARTESIAN_POINT('',(-31.6695595467847,39.1655706711169,6.79013058225162));
#3737=CARTESIAN_POINT('Origin',(-32.4020595467846,39.1655706711169,2.35000017881393));
#3738=CARTESIAN_POINT('',(-30.9370595467847,39.1655706711169,0.2));
#3739=CARTESIAN_POINT('Origin',(-32.4020595467846,39.1655706711169,0.2));
#3740=CARTESIAN_POINT('',(-30.9370595467847,39.1655706711169,2.35000017881393));
#3741=CARTESIAN_POINT('Origin',(-32.385,39.15,0.2));
#3742=CARTESIAN_POINT('',(-35.285,39.15,16.2));
#3743=CARTESIAN_POINT('Origin',(-32.385,39.15,16.2));
#3744=CARTESIAN_POINT('',(-35.285,39.15,0.2));
#3745=CARTESIAN_POINT('',(-35.285,39.15,0.2));
#3746=CARTESIAN_POINT('Origin',(-32.385,39.15,0.2));
#3747=CARTESIAN_POINT('Origin',(-32.385,39.15,16.2));
#3748=CARTESIAN_POINT('Origin',(-32.385,39.15,0.2));
#3749=CARTESIAN_POINT('Origin',(31.8979404532153,39.1655706711169,6.79013058225162));
#3750=CARTESIAN_POINT('',(33.3629404532153,39.1655706711169,6.35000017881393));
#3751=CARTESIAN_POINT('Origin',(31.8979404532153,39.1655706711169,6.35000017881393));
#3752=CARTESIAN_POINT('',(31.8979404532153,39.1655706711169,7.23026098568931));
#3753=CARTESIAN_POINT('',(32.6304404532153,39.1655706711169,6.79013058225162));
#3754=CARTESIAN_POINT('Origin',(31.8979404532153,39.1655706711169,2.35000017881393));
#3755=CARTESIAN_POINT('',(33.3629404532153,39.1655706711169,0.2));
#3756=CARTESIAN_POINT('Origin',(31.8979404532153,39.1655706711169,0.2));
#3757=CARTESIAN_POINT('',(33.3629404532153,39.1655706711169,2.35000017881393));
#3758=CARTESIAN_POINT('Origin',(31.915,39.15,0.2));
#3759=CARTESIAN_POINT('',(29.015,39.15,16.2));
#3760=CARTESIAN_POINT('Origin',(31.915,39.15,16.2));
#3761=CARTESIAN_POINT('',(29.015,39.15,0.2));
#3762=CARTESIAN_POINT('',(29.015,39.15,0.2));
#3763=CARTESIAN_POINT('Origin',(31.915,39.15,0.2));
#3764=CARTESIAN_POINT('Origin',(31.915,39.15,16.2));
#3765=CARTESIAN_POINT('Origin',(31.915,39.15,0.2));
#3766=CARTESIAN_POINT('Origin',(31.6179404532153,-30.8344293288831,6.66173647164013));
#3767=CARTESIAN_POINT('',(32.6556904532153,-30.8344293288831,6.35000017881393));
#3768=CARTESIAN_POINT('Origin',(31.6179404532153,-30.8344293288831,6.35000017881393));
#3769=CARTESIAN_POINT('',(31.6179404532153,-30.8344293288831,6.97354328620978));
#3770=CARTESIAN_POINT('',(32.1368741371607,-30.8344293288831,6.66173647164013));
#3771=CARTESIAN_POINT('Origin',(31.6179404532153,-30.8344293288831,2.35000017881393));
#3772=CARTESIAN_POINT('',(32.6556904532153,-30.8344293288831,0.2));
#3773=CARTESIAN_POINT('Origin',(31.6179404532153,-30.8344293288831,0.2));
#3774=CARTESIAN_POINT('',(32.6556904532153,-30.8344293288831,2.35000017881393));
#3775=CARTESIAN_POINT('Origin',(2.44910127797817,-5.00000007450581,10.2938847721614));
#3776=CARTESIAN_POINT('',(28.715,-30.85,10.2938847721614));
#3777=CARTESIAN_POINT('Origin',(31.615,-30.85,10.2938847721614));
#3778=CARTESIAN_POINT('Origin',(31.615,-30.85,0.2));
#3779=CARTESIAN_POINT('',(28.715,-30.85,0.2));
#3780=CARTESIAN_POINT('',(28.715,-30.85,0.2));
#3781=CARTESIAN_POINT('Origin',(31.615,-30.85,0.2));
#3782=CARTESIAN_POINT('Origin',(31.615,-30.85,0.2));
#3783=CARTESIAN_POINT('Origin',(-32.3520595467847,-36.3844293288831,6.79013058225162));
#3784=CARTESIAN_POINT('',(-30.8870595467847,-36.3844293288831,6.35000017881393));
#3785=CARTESIAN_POINT('Origin',(-32.3520595467847,-36.3844293288831,6.35000017881393));
#3786=CARTESIAN_POINT('',(-32.3520595467847,-36.3844293288831,7.23026098568931));
#3787=CARTESIAN_POINT('',(-31.6195595467847,-36.3844293288831,6.79013058225162));
#3788=CARTESIAN_POINT('Origin',(-32.3520595467847,-36.3844293288831,2.35000017881393));
#3789=CARTESIAN_POINT('',(-30.8870595467847,-36.3844293288831,0.2));
#3790=CARTESIAN_POINT('Origin',(-32.3520595467847,-36.3844293288831,0.2));
#3791=CARTESIAN_POINT('',(-30.8870595467847,-36.3844293288831,2.35000017881393));
#3792=CARTESIAN_POINT('Origin',(2.44910127797817,-5.00000007450581,10.2938847721614));
#3793=CARTESIAN_POINT('',(-35.285,-36.4,10.2938847721614));
#3794=CARTESIAN_POINT('Origin',(-32.385,-36.4,10.2938847721614));
#3795=CARTESIAN_POINT('Origin',(-32.385,-36.4,0.2));
#3796=CARTESIAN_POINT('',(-35.285,-36.4,0.2));
#3797=CARTESIAN_POINT('',(-35.285,-36.4,0.2));
#3798=CARTESIAN_POINT('Origin',(-32.385,-36.4,0.2));
#3799=CARTESIAN_POINT('Origin',(-32.385,-36.4,0.2));
#3800=CARTESIAN_POINT('Origin',(-32.3520595467847,-36.3844293288831,6.79013058225162));
#3801=CARTESIAN_POINT('',(-30.8870595467847,-36.3844293288831,6.35000017881393));
#3802=CARTESIAN_POINT('Origin',(-32.3520595467847,-36.3844293288831,6.35000017881393));
#3803=CARTESIAN_POINT('',(-32.3520595467847,-36.3844293288831,7.23026098568931));
#3804=CARTESIAN_POINT('',(-31.6195595467847,-36.3844293288831,6.79013058225162));
#3805=CARTESIAN_POINT('Origin',(-32.3520595467847,-36.3844293288831,2.35000017881393));
#3806=CARTESIAN_POINT('',(-30.8870595467847,-36.3844293288831,-1.64999982118607));
#3807=CARTESIAN_POINT('Origin',(-32.3520595467847,-36.3844293288831,-1.64999982118607));
#3808=CARTESIAN_POINT('',(-30.8870595467847,-36.3844293288831,2.35000017881393));
#3809=CARTESIAN_POINT('Origin',(2.44910127797817,-5.00000007450581,10.2938847721614));
#3810=CARTESIAN_POINT('',(-34.2653165533428,-36.3844293288831,10.2938847721614));
#3811=CARTESIAN_POINT('Origin',(-32.3520595467847,-36.3844293288831,10.2938847721614));
#3812=CARTESIAN_POINT('Origin',(-32.3520595467847,-36.3844293288831,-1.64999982118607));
#3813=CARTESIAN_POINT('',(-34.2653165533428,-36.3844293288831,-1.64999982118607));
#3814=CARTESIAN_POINT('Origin',(-32.3520595467847,-36.3844293288831,-1.64999982118607));
#3815=CARTESIAN_POINT('Origin',(-32.3520595467847,-36.3844293288831,10.2000001788139));
#3816=CARTESIAN_POINT('',(-34.2653165533428,-36.3844293288831,10.2000001788139));
#3817=UNCERTAINTY_MEASURE_WITH_UNIT(LENGTH_MEASURE(0.01),#3821,
'DISTANCE_ACCURACY_VALUE',
'Maximum model space distance between geometric entities at asserted c
onnectivities');
#3818=UNCERTAINTY_MEASURE_WITH_UNIT(LENGTH_MEASURE(0.01),#3821,
'DISTANCE_ACCURACY_VALUE',
'Maximum model space distance between geometric entities at asserted c
onnectivities');
#3819=(
GEOMETRIC_REPRESENTATION_CONTEXT(3)
GLOBAL_UNCERTAINTY_ASSIGNED_CONTEXT((#3817))
GLOBAL_UNIT_ASSIGNED_CONTEXT((#3821,#3822,#3823))
REPRESENTATION_CONTEXT('','3D')
);
#3820=(
GEOMETRIC_REPRESENTATION_CONTEXT(3)
GLOBAL_UNCERTAINTY_ASSIGNED_CONTEXT((#3818))
GLOBAL_UNIT_ASSIGNED_CONTEXT((#3821,#3822,#3823))
REPRESENTATION_CONTEXT('','3D')
);
#3821=(
LENGTH_UNIT()
NAMED_UNIT(*)
SI_UNIT(.MILLI.,.METRE.)
);
#3822=(
NAMED_UNIT(*)
PLANE_ANGLE_UNIT()
SI_UNIT($,.RADIAN.)
);
#3823=(
NAMED_UNIT(*)
SI_UNIT($,.STERADIAN.)
SOLID_ANGLE_UNIT()
);
#3824=SHAPE_DEFINITION_REPRESENTATION(#3825,#3826);
#3825=PRODUCT_DEFINITION_SHAPE('',$,#3828);
#3826=SHAPE_REPRESENTATION('',(#1653),#3819);
#3827=PRODUCT_DEFINITION_CONTEXT('part definition',#3832,'design');
#3828=PRODUCT_DEFINITION('PCB','dc_cdi_rev_2_2_housing',#3829,#3827);
#3829=PRODUCT_DEFINITION_FORMATION('',$,#3834);
#3830=PRODUCT_RELATED_PRODUCT_CATEGORY('dc_cdi_rev_2_2_housing',
'dc_cdi_rev_2_2_housing',(#3834));
#3831=APPLICATION_PROTOCOL_DEFINITION('international standard',
'automotive_design',2009,#3832);
#3832=APPLICATION_CONTEXT(
'Core Data for Automotive Mechanical Design Process');
#3833=PRODUCT_CONTEXT('part definition',#3832,'mechanical');
#3834=PRODUCT('PCB','dc_cdi_rev_2_2_housing','Open CASCADE Model',(#3833));
#3835=PRESENTATION_STYLE_ASSIGNMENT((#3836));
#3836=SURFACE_STYLE_USAGE(.BOTH.,#3837);
#3837=SURFACE_SIDE_STYLE('',(#3838));
#3838=SURFACE_STYLE_FILL_AREA(#3839);
#3839=FILL_AREA_STYLE('Acciaio - Satinato',(#3840));
#3840=FILL_AREA_STYLE_COLOUR('Acciaio - Satinato',#3841);
#3841=COLOUR_RGB('Acciaio - Satinato',0.627450980392157,0.627450980392157,
0.627450980392157);
ENDSEC;
END-ISO-10303-21;
